ISO-10303-21;
HEADER;
/* Generated by software containing ST-Developer
 * from STEP Tools, Inc. (www.steptools.com) 
 */
/* OPTION: using custom renumber hook */

FILE_DESCRIPTION(
/* description */ ('STEP AP242 Edition 2',
'CAx-IF Rec.Pracs.---Representation and Presentation of Product Manufa
cturing Information (PMI)---4.0---2014-10-13',
'CAx-IF Rec.Pracs.---3D Tessellated Geometry---0.4---2014-09-14','2;1',
'CAx-IF Rec.Pracs.---User Defined Attributes---1.5---2016-08-15'),
/* implementation_level */ '2;1');

FILE_NAME(
/* name */ '6a8b0e01b657f41fa4e0c50d',
/* time_stamp */ '2026-08-23T15:13:06Z',
/* author */ (''),
/* organization */ (''),
/* preprocessor_version */ 'ST-DEVELOPER v20',
/* originating_system */ 'ONSHAPE BY PTC INC, 1.219',
/* authorisation */ '  ');

FILE_SCHEMA (('AP242_MANAGED_MODEL_BASED_3D_ENGINEERING_MIM_LF { 1 0 10303 442 3 1 4 }'));
ENDSEC;

DATA;
#10=DRAUGHTING_PRE_DEFINED_COLOUR('black');
#11=CONTEXT_DEPENDENT_SHAPE_REPRESENTATION(#17,#10988);
#12=CONTEXT_DEPENDENT_SHAPE_REPRESENTATION(#18,#10990);
#13=CONTEXT_DEPENDENT_SHAPE_REPRESENTATION(#19,#10992);
#14=NEXT_ASSEMBLY_USAGE_OCCURRENCE('NAUO1','top','top',#10993,#10994,'');
#15=NEXT_ASSEMBLY_USAGE_OCCURRENCE('NAUO2','bottom','bottom',#10993,#10995,
'');
#16=NEXT_ASSEMBLY_USAGE_OCCURRENCE('NAUO3','TOP_HacC1BA_PCB_1',
'TOP_HacC1BA_PCB_1',#10993,#10996,'');
#17=(
REPRESENTATION_RELATIONSHIP(' ',' ',#6413,#6412)
REPRESENTATION_RELATIONSHIP_WITH_TRANSFORMATION(#20)
SHAPE_REPRESENTATION_RELATIONSHIP()
);
#18=(
REPRESENTATION_RELATIONSHIP(' ',' ',#6414,#6412)
REPRESENTATION_RELATIONSHIP_WITH_TRANSFORMATION(#21)
SHAPE_REPRESENTATION_RELATIONSHIP()
);
#19=(
REPRESENTATION_RELATIONSHIP(' ',' ',#6415,#6412)
REPRESENTATION_RELATIONSHIP_WITH_TRANSFORMATION(#22)
SHAPE_REPRESENTATION_RELATIONSHIP()
);
#20=ITEM_DEFINED_TRANSFORMATION(' ',' ',#6416,#6894);
#21=ITEM_DEFINED_TRANSFORMATION(' ',' ',#6416,#6986);
#22=ITEM_DEFINED_TRANSFORMATION(' ',' ',#6416,#7153);
#23=SHAPE_REPRESENTATION_RELATIONSHIP('','',#6413,#26);
#24=SHAPE_REPRESENTATION_RELATIONSHIP('','',#6414,#27);
#25=SHAPE_REPRESENTATION_RELATIONSHIP('','',#6415,#28);
#26=ADVANCED_BREP_SHAPE_REPRESENTATION('',(#6405),#10976);
#27=ADVANCED_BREP_SHAPE_REPRESENTATION('',(#6406),#10977);
#28=ADVANCED_BREP_SHAPE_REPRESENTATION('',(#6407),#10978);
#29=B_SPLINE_SURFACE_WITH_KNOTS('',3,1,((#9714,#9715),(#9716,#9717),(#9718,
#9719),(#9720,#9721)),.SURF_OF_LINEAR_EXTRUSION.,.F.,.F.,.F.,(4,4),(2,2),
(0.,1.),(0.,1.),.PIECEWISE_BEZIER_KNOTS.);
#30=B_SPLINE_SURFACE_WITH_KNOTS('',3,1,((#9727,#9728),(#9729,#9730),(#9731,
#9732),(#9733,#9734)),.SURF_OF_LINEAR_EXTRUSION.,.F.,.F.,.F.,(4,4),(2,2),
(0.,1.),(0.,1.),.PIECEWISE_BEZIER_KNOTS.);
#31=B_SPLINE_SURFACE_WITH_KNOTS('',3,1,((#9873,#9874),(#9875,#9876),(#9877,
#9878),(#9879,#9880)),.SURF_OF_LINEAR_EXTRUSION.,.F.,.F.,.F.,(4,4),(2,2),
(0.,1.),(0.,1.),.PIECEWISE_BEZIER_KNOTS.);
#32=B_SPLINE_SURFACE_WITH_KNOTS('',3,1,((#10021,#10022),(#10023,#10024),
(#10025,#10026),(#10027,#10028)),.SURF_OF_LINEAR_EXTRUSION.,.F.,.F.,.F.,
(4,4),(2,2),(0.,1.),(0.,1.),.PIECEWISE_BEZIER_KNOTS.);
#33=B_SPLINE_SURFACE_WITH_KNOTS('',3,1,((#10107,#10108),(#10109,#10110),
(#10111,#10112),(#10113,#10114)),.SURF_OF_LINEAR_EXTRUSION.,.F.,.F.,.F.,
(4,4),(2,2),(0.,1.),(0.,1.),.PIECEWISE_BEZIER_KNOTS.);
#34=B_SPLINE_SURFACE_WITH_KNOTS('',3,1,((#10365,#10366),(#10367,#10368),
(#10369,#10370),(#10371,#10372)),.SURF_OF_LINEAR_EXTRUSION.,.F.,.F.,.F.,
(4,4),(2,2),(0.,1.),(0.,1.),.PIECEWISE_BEZIER_KNOTS.);
#35=CYLINDRICAL_SURFACE('',#6555,0.0016);
#36=CYLINDRICAL_SURFACE('',#6557,0.0035);
#37=CYLINDRICAL_SURFACE('',#6561,0.0016);
#38=CYLINDRICAL_SURFACE('',#6563,0.0035);
#39=CYLINDRICAL_SURFACE('',#6567,0.0016);
#40=CYLINDRICAL_SURFACE('',#6569,0.0035);
#41=CYLINDRICAL_SURFACE('',#6573,0.0016);
#42=CYLINDRICAL_SURFACE('',#6575,0.0035);
#43=CYLINDRICAL_SURFACE('',#6580,0.004);
#44=CYLINDRICAL_SURFACE('',#6601,0.003);
#45=CYLINDRICAL_SURFACE('',#6602,0.003);
#46=CYLINDRICAL_SURFACE('',#6603,0.003);
#47=CYLINDRICAL_SURFACE('',#6604,0.003);
#48=CYLINDRICAL_SURFACE('',#6612,0.00069632428996356);
#49=CYLINDRICAL_SURFACE('',#6614,0.000588752354529182);
#50=CYLINDRICAL_SURFACE('',#6616,0.000471295695855701);
#51=CYLINDRICAL_SURFACE('',#6618,0.000308805347846798);
#52=CYLINDRICAL_SURFACE('',#6621,0.000681943112869368);
#53=CYLINDRICAL_SURFACE('',#6623,0.00112443980209251);
#54=CYLINDRICAL_SURFACE('',#6625,0.00112873643536481);
#55=CYLINDRICAL_SURFACE('',#6627,0.000657183997117763);
#56=CYLINDRICAL_SURFACE('',#6629,0.000748613264734675);
#57=CYLINDRICAL_SURFACE('',#6631,0.000990378155072441);
#58=CYLINDRICAL_SURFACE('',#6636,0.00104181366798263);
#59=CYLINDRICAL_SURFACE('',#6639,0.000525060345976743);
#60=CYLINDRICAL_SURFACE('',#6641,0.000329824967987234);
#61=CYLINDRICAL_SURFACE('',#6643,0.000345911800323685);
#62=CYLINDRICAL_SURFACE('',#6645,0.000490245795280603);
#63=CYLINDRICAL_SURFACE('',#6647,0.000705150440662672);
#64=CYLINDRICAL_SURFACE('',#6649,0.00100531620902087);
#65=CYLINDRICAL_SURFACE('',#6651,0.00101876353014742);
#66=CYLINDRICAL_SURFACE('',#6653,0.000708070905562035);
#67=CYLINDRICAL_SURFACE('',#6655,0.000471438959747586);
#68=CYLINDRICAL_SURFACE('',#6657,0.00034497427640824);
#69=CYLINDRICAL_SURFACE('',#6659,0.000348721573197988);
#70=CYLINDRICAL_SURFACE('',#6661,0.000435547984559741);
#71=CYLINDRICAL_SURFACE('',#6664,0.000705130278674092);
#72=CYLINDRICAL_SURFACE('',#6666,0.00084122758487857);
#73=CYLINDRICAL_SURFACE('',#6668,0.000879172203904399);
#74=CYLINDRICAL_SURFACE('',#6670,0.000666504701880855);
#75=CYLINDRICAL_SURFACE('',#6672,0.000889587389791848);
#76=CYLINDRICAL_SURFACE('',#6674,0.00160056541300768);
#77=CYLINDRICAL_SURFACE('',#6676,0.000991921037450915);
#78=CYLINDRICAL_SURFACE('',#6678,0.000742498522860108);
#79=CYLINDRICAL_SURFACE('',#6680,0.000661393396882047);
#80=CYLINDRICAL_SURFACE('',#6682,0.000860930517672049);
#81=CYLINDRICAL_SURFACE('',#6698,0.000305951969631902);
#82=CYLINDRICAL_SURFACE('',#6700,0.000439746118707203);
#83=CYLINDRICAL_SURFACE('',#6702,0.000813306979947516);
#84=CYLINDRICAL_SURFACE('',#6707,0.00104615654530776);
#85=CYLINDRICAL_SURFACE('',#6709,0.000750046763655625);
#86=CYLINDRICAL_SURFACE('',#6711,0.000597262059744666);
#87=CYLINDRICAL_SURFACE('',#6713,0.000537417804995311);
#88=CYLINDRICAL_SURFACE('',#6715,0.000748067281510848);
#89=CYLINDRICAL_SURFACE('',#6717,0.000460464417292281);
#90=CYLINDRICAL_SURFACE('',#6719,0.000516551367230314);
#91=CYLINDRICAL_SURFACE('',#6721,0.000822328301657851);
#92=CYLINDRICAL_SURFACE('',#6723,0.000226909890377407);
#93=CYLINDRICAL_SURFACE('',#6726,0.000271271655552844);
#94=CYLINDRICAL_SURFACE('',#6728,0.00034709261077331);
#95=CYLINDRICAL_SURFACE('',#6731,0.00350135337140551);
#96=CYLINDRICAL_SURFACE('',#6733,0.00191370519369049);
#97=CYLINDRICAL_SURFACE('',#6735,0.0004998810769371);
#98=CYLINDRICAL_SURFACE('',#6737,0.00048860496260263);
#99=CYLINDRICAL_SURFACE('',#6739,0.000580515191660304);
#100=CYLINDRICAL_SURFACE('',#6741,0.000980584740824866);
#101=CYLINDRICAL_SURFACE('',#6743,0.00123377549442899);
#102=CYLINDRICAL_SURFACE('',#6745,0.00132275746965813);
#103=CYLINDRICAL_SURFACE('',#6747,0.000920264235283617);
#104=CYLINDRICAL_SURFACE('',#6749,0.000433054711063796);
#105=CYLINDRICAL_SURFACE('',#6752,0.00159676060194051);
#106=CYLINDRICAL_SURFACE('',#6754,0.000584080843411509);
#107=CYLINDRICAL_SURFACE('',#6756,0.000848935454519072);
#108=CYLINDRICAL_SURFACE('',#6758,0.000531634815130037);
#109=CYLINDRICAL_SURFACE('',#6760,0.000761654460734176);
#110=CYLINDRICAL_SURFACE('',#6762,0.00017901306938785);
#111=CYLINDRICAL_SURFACE('',#6764,0.00169445148010009);
#112=CYLINDRICAL_SURFACE('',#6767,0.000520197921887393);
#113=CYLINDRICAL_SURFACE('',#6769,0.000377576506755802);
#114=CYLINDRICAL_SURFACE('',#6772,0.00072419040193688);
#115=CYLINDRICAL_SURFACE('',#6774,0.000346622623235573);
#116=CYLINDRICAL_SURFACE('',#6776,0.00036242990272002);
#117=CYLINDRICAL_SURFACE('',#6778,0.00042422371851952);
#118=CYLINDRICAL_SURFACE('',#6780,0.000386213781766831);
#119=CYLINDRICAL_SURFACE('',#6782,0.000251048771551571);
#120=CYLINDRICAL_SURFACE('',#6785,0.000111088170824766);
#121=CYLINDRICAL_SURFACE('',#6787,0.000382842738985281);
#122=CYLINDRICAL_SURFACE('',#6789,0.000872058437996165);
#123=CYLINDRICAL_SURFACE('',#6791,0.0014965358122566);
#124=CYLINDRICAL_SURFACE('',#6795,0.000826850315225571);
#125=CYLINDRICAL_SURFACE('',#6797,0.000994543579943295);
#126=CYLINDRICAL_SURFACE('',#6799,0.000959242554128361);
#127=CYLINDRICAL_SURFACE('',#6802,0.00168355578534793);
#128=CYLINDRICAL_SURFACE('',#6804,0.000750633870715662);
#129=CYLINDRICAL_SURFACE('',#6822,0.00885012460987453);
#130=CYLINDRICAL_SURFACE('',#6824,0.00106242954278061);
#131=CYLINDRICAL_SURFACE('',#6826,0.000714190401700881);
#132=CYLINDRICAL_SURFACE('',#6828,0.000448829148310925);
#133=CYLINDRICAL_SURFACE('',#6830,0.00125228147529282);
#134=CYLINDRICAL_SURFACE('',#6832,0.00088147494417206);
#135=CYLINDRICAL_SURFACE('',#6834,0.000450565682276114);
#136=CYLINDRICAL_SURFACE('',#6836,0.00065105082833158);
#137=CYLINDRICAL_SURFACE('',#6838,0.00064078172159537);
#138=CYLINDRICAL_SURFACE('',#6840,0.00130270475741111);
#139=CYLINDRICAL_SURFACE('',#6843,0.000750209762261757);
#140=CYLINDRICAL_SURFACE('',#6845,0.000872768526136533);
#141=CYLINDRICAL_SURFACE('',#6847,0.000316092704558421);
#142=CYLINDRICAL_SURFACE('',#6849,0.000297505231086929);
#143=CYLINDRICAL_SURFACE('',#6851,0.000617316495247557);
#144=CYLINDRICAL_SURFACE('',#6853,0.00229455091255137);
#145=CYLINDRICAL_SURFACE('',#6857,0.000505725701131724);
#146=CYLINDRICAL_SURFACE('',#6859,0.000700961349889634);
#147=CYLINDRICAL_SURFACE('',#6861,0.00126782000652786);
#148=CYLINDRICAL_SURFACE('',#6864,0.000716734036836677);
#149=CYLINDRICAL_SURFACE('',#6866,0.000737305250002107);
#150=CYLINDRICAL_SURFACE('',#6868,0.000315730075359495);
#151=CYLINDRICAL_SURFACE('',#6870,0.00059700329097419);
#152=CYLINDRICAL_SURFACE('',#6872,0.00230706095849123);
#153=CYLINDRICAL_SURFACE('',#6877,0.00442726563227297);
#154=CYLINDRICAL_SURFACE('',#6879,0.00120643167855555);
#155=CYLINDRICAL_SURFACE('',#6881,0.000770641437832421);
#156=CYLINDRICAL_SURFACE('',#6883,0.000431758850030968);
#157=CYLINDRICAL_SURFACE('',#6885,0.00113546140215851);
#158=CYLINDRICAL_SURFACE('',#6899,0.0017);
#159=CYLINDRICAL_SURFACE('',#6902,0.0017);
#160=CYLINDRICAL_SURFACE('',#6905,0.0017);
#161=CYLINDRICAL_SURFACE('',#6908,0.0017);
#162=CYLINDRICAL_SURFACE('',#6937,0.0016);
#163=CYLINDRICAL_SURFACE('',#6939,0.0035);
#164=CYLINDRICAL_SURFACE('',#6943,0.0016);
#165=CYLINDRICAL_SURFACE('',#6945,0.0035);
#166=CYLINDRICAL_SURFACE('',#6949,0.0016);
#167=CYLINDRICAL_SURFACE('',#6951,0.0035);
#168=CYLINDRICAL_SURFACE('',#6955,0.0016);
#169=CYLINDRICAL_SURFACE('',#6957,0.0035);
#170=CYLINDRICAL_SURFACE('',#6964,0.003);
#171=CYLINDRICAL_SURFACE('',#6967,0.003);
#172=CYLINDRICAL_SURFACE('',#6970,0.003);
#173=CYLINDRICAL_SURFACE('',#6973,0.003);
#174=CYLINDRICAL_SURFACE('',#6982,0.003);
#175=CYLINDRICAL_SURFACE('',#6983,0.003);
#176=CYLINDRICAL_SURFACE('',#6984,0.003);
#177=CYLINDRICAL_SURFACE('',#6985,0.003);
#178=CYLINDRICAL_SURFACE('',#7097,0.0016);
#179=CYLINDRICAL_SURFACE('',#7098,0.00085);
#180=CYLINDRICAL_SURFACE('',#7099,0.00075);
#181=CYLINDRICAL_SURFACE('',#7100,0.002);
#182=CYLINDRICAL_SURFACE('',#7101,0.00085);
#183=CYLINDRICAL_SURFACE('',#7102,0.00085);
#184=CYLINDRICAL_SURFACE('',#7103,0.00075);
#185=CYLINDRICAL_SURFACE('',#7104,0.00075);
#186=CYLINDRICAL_SURFACE('',#7105,0.0005);
#187=CYLINDRICAL_SURFACE('',#7106,0.0005);
#188=CYLINDRICAL_SURFACE('',#7107,0.0005);
#189=CYLINDRICAL_SURFACE('',#7108,0.0005);
#190=CYLINDRICAL_SURFACE('',#7109,0.0005);
#191=CYLINDRICAL_SURFACE('',#7110,0.0005);
#192=CYLINDRICAL_SURFACE('',#7111,0.0005);
#193=CYLINDRICAL_SURFACE('',#7112,0.00085);
#194=CYLINDRICAL_SURFACE('',#7113,0.00075);
#195=CYLINDRICAL_SURFACE('',#7114,0.002);
#196=CYLINDRICAL_SURFACE('',#7115,0.00085);
#197=CYLINDRICAL_SURFACE('',#7116,0.00085);
#198=CYLINDRICAL_SURFACE('',#7117,0.00075);
#199=CYLINDRICAL_SURFACE('',#7118,0.00075);
#200=CYLINDRICAL_SURFACE('',#7119,0.002);
#201=CYLINDRICAL_SURFACE('',#7120,0.00085);
#202=CYLINDRICAL_SURFACE('',#7121,0.0016);
#203=CYLINDRICAL_SURFACE('',#7122,0.00075);
#204=CYLINDRICAL_SURFACE('',#7123,0.002);
#205=CYLINDRICAL_SURFACE('',#7124,0.00085);
#206=CYLINDRICAL_SURFACE('',#7125,0.00075);
#207=CYLINDRICAL_SURFACE('',#7126,0.00075);
#208=CYLINDRICAL_SURFACE('',#7128,0.00075);
#209=CYLINDRICAL_SURFACE('',#7130,0.0005);
#210=CYLINDRICAL_SURFACE('',#7131,0.0005);
#211=CYLINDRICAL_SURFACE('',#7132,0.0005);
#212=CYLINDRICAL_SURFACE('',#7133,0.0005);
#213=CYLINDRICAL_SURFACE('',#7134,0.0005);
#214=CYLINDRICAL_SURFACE('',#7135,0.0005);
#215=CYLINDRICAL_SURFACE('',#7136,0.0005);
#216=CYLINDRICAL_SURFACE('',#7137,0.0005);
#217=CYLINDRICAL_SURFACE('',#7138,0.0005);
#218=CYLINDRICAL_SURFACE('',#7139,0.0005);
#219=CYLINDRICAL_SURFACE('',#7140,0.0005);
#220=CYLINDRICAL_SURFACE('',#7141,0.0005);
#221=CYLINDRICAL_SURFACE('',#7142,0.0016);
#222=CYLINDRICAL_SURFACE('',#7143,0.00051);
#223=CYLINDRICAL_SURFACE('',#7144,0.00075);
#224=CYLINDRICAL_SURFACE('',#7146,0.00075);
#225=CYLINDRICAL_SURFACE('',#7148,0.00051);
#226=CYLINDRICAL_SURFACE('',#7149,0.00051);
#227=CYLINDRICAL_SURFACE('',#7150,0.00051);
#228=CYLINDRICAL_SURFACE('',#7151,0.00055);
#229=CYLINDRICAL_SURFACE('',#7152,0.0016);
#230=B_SPLINE_CURVE_WITH_KNOTS('',2,(#9119,#9120,#9121),.UNSPECIFIED.,.F.,
 .F.,(3,3),(0.,1.),.PIECEWISE_BEZIER_KNOTS.);
#231=B_SPLINE_CURVE_WITH_KNOTS('',2,(#9243,#9244,#9245),.UNSPECIFIED.,.F.,
 .F.,(3,3),(0.,1.),.PIECEWISE_BEZIER_KNOTS.);
#232=B_SPLINE_CURVE_WITH_KNOTS('',2,(#9283,#9284,#9285),.UNSPECIFIED.,.F.,
 .F.,(3,3),(0.,1.),.PIECEWISE_BEZIER_KNOTS.);
#233=B_SPLINE_CURVE_WITH_KNOTS('',2,(#9353,#9354,#9355),.UNSPECIFIED.,.F.,
 .F.,(3,3),(0.,1.),.PIECEWISE_BEZIER_KNOTS.);
#234=B_SPLINE_CURVE_WITH_KNOTS('',2,(#9423,#9424,#9425),.UNSPECIFIED.,.F.,
 .F.,(3,3),(0.,1.),.PIECEWISE_BEZIER_KNOTS.);
#235=B_SPLINE_CURVE_WITH_KNOTS('',2,(#9427,#9428,#9429),.UNSPECIFIED.,.F.,
 .F.,(3,3),(0.,1.),.PIECEWISE_BEZIER_KNOTS.);
#236=B_SPLINE_CURVE_WITH_KNOTS('',2,(#9724,#9725,#9726),.UNSPECIFIED.,.F.,
 .F.,(3,3),(0.,1.),.UNSPECIFIED.);
#237=B_SPLINE_CURVE_WITH_KNOTS('',2,(#9737,#9738,#9739),.UNSPECIFIED.,.F.,
 .F.,(3,3),(0.,1.),.UNSPECIFIED.);
#238=B_SPLINE_CURVE_WITH_KNOTS('',2,(#9883,#9884,#9885),.UNSPECIFIED.,.F.,
 .F.,(3,3),(0.,1.),.UNSPECIFIED.);
#239=B_SPLINE_CURVE_WITH_KNOTS('',2,(#10031,#10032,#10033),
 .UNSPECIFIED.,.F.,.F.,(3,3),(0.,1.),.UNSPECIFIED.);
#240=B_SPLINE_CURVE_WITH_KNOTS('',2,(#10117,#10118,#10119),
 .UNSPECIFIED.,.F.,.F.,(3,3),(0.,1.),.UNSPECIFIED.);
#241=B_SPLINE_CURVE_WITH_KNOTS('',2,(#10375,#10376,#10377),
 .UNSPECIFIED.,.F.,.F.,(3,3),(0.,1.),.UNSPECIFIED.);
#242=CIRCLE('',#6418,0.000505725701131724);
#243=CIRCLE('',#6419,0.00113546140215851);
#244=CIRCLE('',#6420,0.000431758850030968);
#245=CIRCLE('',#6421,0.000770641437832421);
#246=CIRCLE('',#6422,0.00120674065881017);
#247=CIRCLE('',#6423,0.00442682384666208);
#248=CIRCLE('',#6424,0.00230706095849123);
#249=CIRCLE('',#6425,0.00059700329097419);
#250=CIRCLE('',#6426,0.000315730075359495);
#251=CIRCLE('',#6427,0.000737305250002107);
#252=CIRCLE('',#6428,0.000716734036836677);
#253=CIRCLE('',#6429,0.00126782000652786);
#254=CIRCLE('',#6430,0.000700961349889634);
#255=CIRCLE('',#6431,0.00229455091255137);
#256=CIRCLE('',#6432,0.000617316495247557);
#257=CIRCLE('',#6433,0.000297505231086929);
#258=CIRCLE('',#6434,0.000316092704558421);
#259=CIRCLE('',#6435,0.000872768526136533);
#260=CIRCLE('',#6436,0.000750209762261757);
#261=CIRCLE('',#6437,0.00130270475741111);
#262=CIRCLE('',#6438,0.00064078172159537);
#263=CIRCLE('',#6439,0.00065105082833158);
#264=CIRCLE('',#6440,0.000450565682276114);
#265=CIRCLE('',#6441,0.000881719389358263);
#266=CIRCLE('',#6442,0.00125228147529282);
#267=CIRCLE('',#6443,0.000448829148310925);
#268=CIRCLE('',#6444,0.000714190401700881);
#269=CIRCLE('',#6445,0.0010627811496304);
#270=CIRCLE('',#6446,0.00884914462421308);
#271=CIRCLE('',#6447,0.000826850315225571);
#272=CIRCLE('',#6448,0.000750633870715662);
#273=CIRCLE('',#6449,0.00168355578534793);
#274=CIRCLE('',#6450,0.000959242554128361);
#275=CIRCLE('',#6451,0.000994543579943295);
#276=CIRCLE('',#6452,0.00350151233110205);
#277=CIRCLE('',#6453,0.0014965358122566);
#278=CIRCLE('',#6454,0.000872058437996165);
#279=CIRCLE('',#6455,0.000382842738985281);
#280=CIRCLE('',#6456,0.000111088170824766);
#281=CIRCLE('',#6457,0.000251048771551571);
#282=CIRCLE('',#6458,0.000386213781766831);
#283=CIRCLE('',#6459,0.00042422371851952);
#284=CIRCLE('',#6460,0.00036242990272002);
#285=CIRCLE('',#6461,0.000346622623235573);
#286=CIRCLE('',#6462,0.00072419040193688);
#287=CIRCLE('',#6463,0.000377576506755802);
#288=CIRCLE('',#6464,0.000520197921887393);
#289=CIRCLE('',#6465,0.00169445148010009);
#290=CIRCLE('',#6466,0.00017901306938785);
#291=CIRCLE('',#6467,0.000761654460734176);
#292=CIRCLE('',#6468,0.000531634815130037);
#293=CIRCLE('',#6469,0.000848935454519072);
#294=CIRCLE('',#6470,0.000584080843411509);
#295=CIRCLE('',#6471,0.00159676060194051);
#296=CIRCLE('',#6472,0.000433054711063796);
#297=CIRCLE('',#6473,0.000920264235283617);
#298=CIRCLE('',#6474,0.00132275746965813);
#299=CIRCLE('',#6475,0.00123377549442899);
#300=CIRCLE('',#6476,0.000980584740824866);
#301=CIRCLE('',#6477,0.000580515191660304);
#302=CIRCLE('',#6478,0.00048860496260263);
#303=CIRCLE('',#6479,0.0004998810769371);
#304=CIRCLE('',#6480,0.00191472627617406);
#305=CIRCLE('',#6481,0.000305951969631902);
#306=CIRCLE('',#6482,0.00034709261077331);
#307=CIRCLE('',#6483,0.000271271655552844);
#308=CIRCLE('',#6484,0.000226909890377407);
#309=CIRCLE('',#6485,0.000822328301657851);
#310=CIRCLE('',#6486,0.000516551367230314);
#311=CIRCLE('',#6487,0.000460464417292281);
#312=CIRCLE('',#6488,0.000748067281510848);
#313=CIRCLE('',#6489,0.000537417804995311);
#314=CIRCLE('',#6490,0.000597262059744666);
#315=CIRCLE('',#6491,0.000750046763655625);
#316=CIRCLE('',#6492,0.00104615654530776);
#317=CIRCLE('',#6493,0.000813306979947516);
#318=CIRCLE('',#6494,0.000439746118707203);
#319=CIRCLE('',#6495,0.00104181366798263);
#320=CIRCLE('',#6496,0.000860930517672049);
#321=CIRCLE('',#6497,0.000661393396882047);
#322=CIRCLE('',#6498,0.000742498522860108);
#323=CIRCLE('',#6499,0.000991921037450915);
#324=CIRCLE('',#6500,0.00160056541300768);
#325=CIRCLE('',#6501,0.000889587389791848);
#326=CIRCLE('',#6502,0.000666504701880855);
#327=CIRCLE('',#6503,0.000879172203904399);
#328=CIRCLE('',#6504,0.00084122758487857);
#329=CIRCLE('',#6505,0.000705130278674092);
#330=CIRCLE('',#6506,0.000435547984559741);
#331=CIRCLE('',#6507,0.000348721573197988);
#332=CIRCLE('',#6508,0.00034497427640824);
#333=CIRCLE('',#6509,0.000471438959747586);
#334=CIRCLE('',#6510,0.000708070905562035);
#335=CIRCLE('',#6511,0.00101876353014742);
#336=CIRCLE('',#6512,0.00100531620902087);
#337=CIRCLE('',#6513,0.000705150440662672);
#338=CIRCLE('',#6514,0.000490245795280603);
#339=CIRCLE('',#6515,0.000345911800323685);
#340=CIRCLE('',#6516,0.000329824967987234);
#341=CIRCLE('',#6517,0.000525060345976743);
#342=CIRCLE('',#6518,0.000990378155072441);
#343=CIRCLE('',#6519,0.000748613264734675);
#344=CIRCLE('',#6520,0.000657183997117763);
#345=CIRCLE('',#6521,0.00112873643536481);
#346=CIRCLE('',#6522,0.00112443980209251);
#347=CIRCLE('',#6523,0.000681943112869368);
#348=CIRCLE('',#6524,0.000308805347846798);
#349=CIRCLE('',#6525,0.000471295695855701);
#350=CIRCLE('',#6526,0.000588752354529182);
#351=CIRCLE('',#6527,0.00069632428996356);
#352=CIRCLE('',#6528,0.004);
#353=CIRCLE('',#6529,0.003);
#354=CIRCLE('',#6530,0.003);
#355=CIRCLE('',#6531,0.003);
#356=CIRCLE('',#6532,0.003);
#357=CIRCLE('',#6534,0.0035);
#358=CIRCLE('',#6535,0.0035);
#359=CIRCLE('',#6536,0.0035);
#360=CIRCLE('',#6537,0.0035);
#361=CIRCLE('',#6538,0.004);
#362=CIRCLE('',#6540,0.003);
#363=CIRCLE('',#6541,0.003);
#364=CIRCLE('',#6542,0.003);
#365=CIRCLE('',#6543,0.003);
#366=CIRCLE('',#6553,0.0016);
#367=CIRCLE('',#6554,0.0035);
#368=CIRCLE('',#6556,0.0016);
#369=CIRCLE('',#6559,0.0016);
#370=CIRCLE('',#6560,0.0035);
#371=CIRCLE('',#6562,0.0016);
#372=CIRCLE('',#6565,0.0016);
#373=CIRCLE('',#6566,0.0035);
#374=CIRCLE('',#6568,0.0016);
#375=CIRCLE('',#6571,0.0016);
#376=CIRCLE('',#6572,0.0035);
#377=CIRCLE('',#6574,0.0016);
#378=CIRCLE('',#6613,0.00069632428996356);
#379=CIRCLE('',#6615,0.000588752354529182);
#380=CIRCLE('',#6617,0.000471295695855701);
#381=CIRCLE('',#6619,0.000308805347846798);
#382=CIRCLE('',#6622,0.000681943112869368);
#383=CIRCLE('',#6624,0.00112443980209251);
#384=CIRCLE('',#6626,0.00112873643536481);
#385=CIRCLE('',#6628,0.000657183997117763);
#386=CIRCLE('',#6630,0.000748613264734675);
#387=CIRCLE('',#6632,0.000990378155072441);
#388=CIRCLE('',#6637,0.00104181366798263);
#389=CIRCLE('',#6640,0.000525060345976743);
#390=CIRCLE('',#6642,0.000329824967987234);
#391=CIRCLE('',#6644,0.000345911800323685);
#392=CIRCLE('',#6646,0.000490245795280603);
#393=CIRCLE('',#6648,0.000705150440662672);
#394=CIRCLE('',#6650,0.00100531620902087);
#395=CIRCLE('',#6652,0.00101876353014742);
#396=CIRCLE('',#6654,0.000708070905562035);
#397=CIRCLE('',#6656,0.000471438959747586);
#398=CIRCLE('',#6658,0.00034497427640824);
#399=CIRCLE('',#6660,0.000348721573197988);
#400=CIRCLE('',#6662,0.000435547984559741);
#401=CIRCLE('',#6665,0.000705130278674092);
#402=CIRCLE('',#6667,0.00084122758487857);
#403=CIRCLE('',#6669,0.000879172203904399);
#404=CIRCLE('',#6671,0.000666504701880855);
#405=CIRCLE('',#6673,0.000889587389791848);
#406=CIRCLE('',#6675,0.00160056541300768);
#407=CIRCLE('',#6677,0.000991921037450915);
#408=CIRCLE('',#6679,0.000742498522860108);
#409=CIRCLE('',#6681,0.000661393396882047);
#410=CIRCLE('',#6683,0.000860930517672049);
#411=CIRCLE('',#6699,0.000305951969631902);
#412=CIRCLE('',#6701,0.000439746118707203);
#413=CIRCLE('',#6703,0.000813306979947516);
#414=CIRCLE('',#6708,0.00104615654530776);
#415=CIRCLE('',#6710,0.000750046763655625);
#416=CIRCLE('',#6712,0.000597262059744666);
#417=CIRCLE('',#6714,0.000537417804995311);
#418=CIRCLE('',#6716,0.000748067281510848);
#419=CIRCLE('',#6718,0.000460464417292281);
#420=CIRCLE('',#6720,0.000516551367230314);
#421=CIRCLE('',#6722,0.000822328301657851);
#422=CIRCLE('',#6724,0.000226909890377407);
#423=CIRCLE('',#6727,0.000271271655552844);
#424=CIRCLE('',#6729,0.00034709261077331);
#425=CIRCLE('',#6732,0.00350151233110205);
#426=CIRCLE('',#6734,0.00191472627617406);
#427=CIRCLE('',#6736,0.0004998810769371);
#428=CIRCLE('',#6738,0.00048860496260263);
#429=CIRCLE('',#6740,0.000580515191660304);
#430=CIRCLE('',#6742,0.000980584740824866);
#431=CIRCLE('',#6744,0.00123377549442899);
#432=CIRCLE('',#6746,0.00132275746965813);
#433=CIRCLE('',#6748,0.000920264235283617);
#434=CIRCLE('',#6750,0.000433054711063796);
#435=CIRCLE('',#6753,0.00159676060194051);
#436=CIRCLE('',#6755,0.000584080843411509);
#437=CIRCLE('',#6757,0.000848935454519072);
#438=CIRCLE('',#6759,0.000531634815130037);
#439=CIRCLE('',#6761,0.000761654460734176);
#440=CIRCLE('',#6763,0.00017901306938785);
#441=CIRCLE('',#6765,0.00169445148010009);
#442=CIRCLE('',#6768,0.000520197921887393);
#443=CIRCLE('',#6770,0.000377576506755802);
#444=CIRCLE('',#6773,0.00072419040193688);
#445=CIRCLE('',#6775,0.000346622623235573);
#446=CIRCLE('',#6777,0.00036242990272002);
#447=CIRCLE('',#6779,0.00042422371851952);
#448=CIRCLE('',#6781,0.000386213781766831);
#449=CIRCLE('',#6783,0.000251048771551571);
#450=CIRCLE('',#6786,0.000111088170824766);
#451=CIRCLE('',#6788,0.000382842738985281);
#452=CIRCLE('',#6790,0.000872058437996165);
#453=CIRCLE('',#6792,0.0014965358122566);
#454=CIRCLE('',#6796,0.000826850315225571);
#455=CIRCLE('',#6798,0.000994543579943295);
#456=CIRCLE('',#6800,0.000959242554128361);
#457=CIRCLE('',#6803,0.00168355578534793);
#458=CIRCLE('',#6805,0.000750633870715662);
#459=CIRCLE('',#6823,0.00884914462421308);
#460=CIRCLE('',#6825,0.0010627811496304);
#461=CIRCLE('',#6827,0.000714190401700881);
#462=CIRCLE('',#6829,0.000448829148310925);
#463=CIRCLE('',#6831,0.00125228147529282);
#464=CIRCLE('',#6833,0.000881719389358263);
#465=CIRCLE('',#6835,0.000450565682276114);
#466=CIRCLE('',#6837,0.00065105082833158);
#467=CIRCLE('',#6839,0.00064078172159537);
#468=CIRCLE('',#6841,0.00130270475741111);
#469=CIRCLE('',#6844,0.000750209762261757);
#470=CIRCLE('',#6846,0.000872768526136533);
#471=CIRCLE('',#6848,0.000316092704558421);
#472=CIRCLE('',#6850,0.000297505231086929);
#473=CIRCLE('',#6852,0.000617316495247557);
#474=CIRCLE('',#6854,0.00229455091255137);
#475=CIRCLE('',#6858,0.000505725701131724);
#476=CIRCLE('',#6860,0.000700961349889634);
#477=CIRCLE('',#6862,0.00126782000652786);
#478=CIRCLE('',#6865,0.000716734036836677);
#479=CIRCLE('',#6867,0.000737305250002107);
#480=CIRCLE('',#6869,0.000315730075359495);
#481=CIRCLE('',#6871,0.00059700329097419);
#482=CIRCLE('',#6873,0.00230706095849123);
#483=CIRCLE('',#6878,0.00442682384666208);
#484=CIRCLE('',#6880,0.00120674065881017);
#485=CIRCLE('',#6882,0.000770641437832421);
#486=CIRCLE('',#6884,0.000431758850030968);
#487=CIRCLE('',#6886,0.00113546140215851);
#488=CIRCLE('',#6900,0.0017);
#489=CIRCLE('',#6901,0.0017);
#490=CIRCLE('',#6903,0.0017);
#491=CIRCLE('',#6904,0.0017);
#492=CIRCLE('',#6906,0.0017);
#493=CIRCLE('',#6907,0.0017);
#494=CIRCLE('',#6909,0.0017);
#495=CIRCLE('',#6910,0.0017);
#496=CIRCLE('',#6912,0.003);
#497=CIRCLE('',#6913,0.003);
#498=CIRCLE('',#6914,0.003);
#499=CIRCLE('',#6915,0.003);
#500=CIRCLE('',#6917,0.003);
#501=CIRCLE('',#6918,0.003);
#502=CIRCLE('',#6919,0.003);
#503=CIRCLE('',#6920,0.003);
#504=CIRCLE('',#6921,0.003);
#505=CIRCLE('',#6922,0.003);
#506=CIRCLE('',#6923,0.003);
#507=CIRCLE('',#6924,0.003);
#508=CIRCLE('',#6928,0.0035);
#509=CIRCLE('',#6929,0.0035);
#510=CIRCLE('',#6930,0.0035);
#511=CIRCLE('',#6931,0.0035);
#512=CIRCLE('',#6935,0.0016);
#513=CIRCLE('',#6936,0.0035);
#514=CIRCLE('',#6938,0.0016);
#515=CIRCLE('',#6941,0.0016);
#516=CIRCLE('',#6942,0.0035);
#517=CIRCLE('',#6944,0.0016);
#518=CIRCLE('',#6947,0.0016);
#519=CIRCLE('',#6948,0.0035);
#520=CIRCLE('',#6950,0.0016);
#521=CIRCLE('',#6953,0.0016);
#522=CIRCLE('',#6954,0.0035);
#523=CIRCLE('',#6956,0.0016);
#524=CIRCLE('',#6963,0.003);
#525=CIRCLE('',#6966,0.003);
#526=CIRCLE('',#6969,0.003);
#527=CIRCLE('',#6972,0.003);
#528=CIRCLE('',#6991,0.0016);
#529=CIRCLE('',#6992,0.00085);
#530=CIRCLE('',#6993,0.00075);
#531=CIRCLE('',#6994,0.002);
#532=CIRCLE('',#6995,0.00085);
#533=CIRCLE('',#6996,0.00085);
#534=CIRCLE('',#6997,0.00075);
#535=CIRCLE('',#6998,0.00075);
#536=CIRCLE('',#6999,0.0005);
#537=CIRCLE('',#7000,0.0005);
#538=CIRCLE('',#7001,0.0005);
#539=CIRCLE('',#7002,0.0005);
#540=CIRCLE('',#7003,0.0005);
#541=CIRCLE('',#7004,0.0005);
#542=CIRCLE('',#7005,0.0005);
#543=CIRCLE('',#7006,0.00085);
#544=CIRCLE('',#7007,0.00075);
#545=CIRCLE('',#7008,0.002);
#546=CIRCLE('',#7009,0.00085);
#547=CIRCLE('',#7010,0.00085);
#548=CIRCLE('',#7011,0.00075);
#549=CIRCLE('',#7012,0.00075);
#550=CIRCLE('',#7013,0.002);
#551=CIRCLE('',#7014,0.00085);
#552=CIRCLE('',#7015,0.0016);
#553=CIRCLE('',#7016,0.00075);
#554=CIRCLE('',#7017,0.002);
#555=CIRCLE('',#7018,0.00085);
#556=CIRCLE('',#7019,0.00075);
#557=CIRCLE('',#7020,0.00075);
#558=CIRCLE('',#7021,0.00075);
#559=CIRCLE('',#7022,0.0005);
#560=CIRCLE('',#7023,0.0005);
#561=CIRCLE('',#7024,0.0005);
#562=CIRCLE('',#7025,0.0005);
#563=CIRCLE('',#7026,0.0005);
#564=CIRCLE('',#7027,0.0005);
#565=CIRCLE('',#7028,0.0005);
#566=CIRCLE('',#7029,0.0005);
#567=CIRCLE('',#7030,0.0005);
#568=CIRCLE('',#7031,0.0005);
#569=CIRCLE('',#7032,0.0005);
#570=CIRCLE('',#7033,0.0005);
#571=CIRCLE('',#7034,0.0016);
#572=CIRCLE('',#7035,0.00051);
#573=CIRCLE('',#7036,0.00075);
#574=CIRCLE('',#7037,0.00075);
#575=CIRCLE('',#7038,0.00051);
#576=CIRCLE('',#7039,0.00051);
#577=CIRCLE('',#7040,0.00051);
#578=CIRCLE('',#7041,0.00055);
#579=CIRCLE('',#7042,0.0016);
#580=CIRCLE('',#7044,0.0016);
#581=CIRCLE('',#7045,0.00085);
#582=CIRCLE('',#7046,0.00075);
#583=CIRCLE('',#7047,0.002);
#584=CIRCLE('',#7048,0.00085);
#585=CIRCLE('',#7049,0.00085);
#586=CIRCLE('',#7050,0.00075);
#587=CIRCLE('',#7051,0.00075);
#588=CIRCLE('',#7052,0.0005);
#589=CIRCLE('',#7053,0.0005);
#590=CIRCLE('',#7054,0.0005);
#591=CIRCLE('',#7055,0.0005);
#592=CIRCLE('',#7056,0.0005);
#593=CIRCLE('',#7057,0.0005);
#594=CIRCLE('',#7058,0.0005);
#595=CIRCLE('',#7059,0.00085);
#596=CIRCLE('',#7060,0.00075);
#597=CIRCLE('',#7061,0.002);
#598=CIRCLE('',#7062,0.00085);
#599=CIRCLE('',#7063,0.00085);
#600=CIRCLE('',#7064,0.00075);
#601=CIRCLE('',#7065,0.00075);
#602=CIRCLE('',#7066,0.002);
#603=CIRCLE('',#7067,0.00085);
#604=CIRCLE('',#7068,0.0016);
#605=CIRCLE('',#7069,0.00075);
#606=CIRCLE('',#7070,0.002);
#607=CIRCLE('',#7071,0.00085);
#608=CIRCLE('',#7072,0.00075);
#609=CIRCLE('',#7073,0.00075);
#610=CIRCLE('',#7074,0.00075);
#611=CIRCLE('',#7075,0.0005);
#612=CIRCLE('',#7076,0.0005);
#613=CIRCLE('',#7077,0.0005);
#614=CIRCLE('',#7078,0.0005);
#615=CIRCLE('',#7079,0.0005);
#616=CIRCLE('',#7080,0.0005);
#617=CIRCLE('',#7081,0.0005);
#618=CIRCLE('',#7082,0.0005);
#619=CIRCLE('',#7083,0.0005);
#620=CIRCLE('',#7084,0.0005);
#621=CIRCLE('',#7085,0.0005);
#622=CIRCLE('',#7086,0.0005);
#623=CIRCLE('',#7087,0.0016);
#624=CIRCLE('',#7088,0.00051);
#625=CIRCLE('',#7089,0.00075);
#626=CIRCLE('',#7090,0.00075);
#627=CIRCLE('',#7091,0.00051);
#628=CIRCLE('',#7092,0.00051);
#629=CIRCLE('',#7093,0.00051);
#630=CIRCLE('',#7094,0.00055);
#631=CIRCLE('',#7095,0.0016);
#632=ORIENTED_EDGE('',*,*,#2340,.T.);
#633=ORIENTED_EDGE('',*,*,#2341,.T.);
#634=ORIENTED_EDGE('',*,*,#2342,.T.);
#635=ORIENTED_EDGE('',*,*,#2343,.T.);
#636=ORIENTED_EDGE('',*,*,#2344,.T.);
#637=ORIENTED_EDGE('',*,*,#2345,.T.);
#638=ORIENTED_EDGE('',*,*,#2346,.T.);
#639=ORIENTED_EDGE('',*,*,#2347,.T.);
#640=ORIENTED_EDGE('',*,*,#2348,.T.);
#641=ORIENTED_EDGE('',*,*,#2349,.T.);
#642=ORIENTED_EDGE('',*,*,#2350,.T.);
#643=ORIENTED_EDGE('',*,*,#2351,.T.);
#644=ORIENTED_EDGE('',*,*,#2352,.T.);
#645=ORIENTED_EDGE('',*,*,#2353,.T.);
#646=ORIENTED_EDGE('',*,*,#2354,.T.);
#647=ORIENTED_EDGE('',*,*,#2355,.T.);
#648=ORIENTED_EDGE('',*,*,#2356,.T.);
#649=ORIENTED_EDGE('',*,*,#2357,.T.);
#650=ORIENTED_EDGE('',*,*,#2358,.T.);
#651=ORIENTED_EDGE('',*,*,#2359,.T.);
#652=ORIENTED_EDGE('',*,*,#2360,.T.);
#653=ORIENTED_EDGE('',*,*,#2361,.T.);
#654=ORIENTED_EDGE('',*,*,#2362,.T.);
#655=ORIENTED_EDGE('',*,*,#2363,.T.);
#656=ORIENTED_EDGE('',*,*,#2364,.T.);
#657=ORIENTED_EDGE('',*,*,#2365,.T.);
#658=ORIENTED_EDGE('',*,*,#2366,.T.);
#659=ORIENTED_EDGE('',*,*,#2367,.T.);
#660=ORIENTED_EDGE('',*,*,#2368,.T.);
#661=ORIENTED_EDGE('',*,*,#2369,.T.);
#662=ORIENTED_EDGE('',*,*,#2370,.T.);
#663=ORIENTED_EDGE('',*,*,#2371,.T.);
#664=ORIENTED_EDGE('',*,*,#2372,.T.);
#665=ORIENTED_EDGE('',*,*,#2373,.T.);
#666=ORIENTED_EDGE('',*,*,#2374,.T.);
#667=ORIENTED_EDGE('',*,*,#2375,.T.);
#668=ORIENTED_EDGE('',*,*,#2376,.T.);
#669=ORIENTED_EDGE('',*,*,#2377,.T.);
#670=ORIENTED_EDGE('',*,*,#2378,.T.);
#671=ORIENTED_EDGE('',*,*,#2379,.T.);
#672=ORIENTED_EDGE('',*,*,#2380,.T.);
#673=ORIENTED_EDGE('',*,*,#2381,.T.);
#674=ORIENTED_EDGE('',*,*,#2382,.T.);
#675=ORIENTED_EDGE('',*,*,#2383,.T.);
#676=ORIENTED_EDGE('',*,*,#2384,.T.);
#677=ORIENTED_EDGE('',*,*,#2385,.T.);
#678=ORIENTED_EDGE('',*,*,#2386,.T.);
#679=ORIENTED_EDGE('',*,*,#2387,.T.);
#680=ORIENTED_EDGE('',*,*,#2388,.T.);
#681=ORIENTED_EDGE('',*,*,#2389,.T.);
#682=ORIENTED_EDGE('',*,*,#2390,.T.);
#683=ORIENTED_EDGE('',*,*,#2391,.T.);
#684=ORIENTED_EDGE('',*,*,#2392,.T.);
#685=ORIENTED_EDGE('',*,*,#2393,.T.);
#686=ORIENTED_EDGE('',*,*,#2394,.T.);
#687=ORIENTED_EDGE('',*,*,#2395,.T.);
#688=ORIENTED_EDGE('',*,*,#2396,.T.);
#689=ORIENTED_EDGE('',*,*,#2397,.T.);
#690=ORIENTED_EDGE('',*,*,#2398,.T.);
#691=ORIENTED_EDGE('',*,*,#2399,.T.);
#692=ORIENTED_EDGE('',*,*,#2400,.T.);
#693=ORIENTED_EDGE('',*,*,#2401,.T.);
#694=ORIENTED_EDGE('',*,*,#2402,.T.);
#695=ORIENTED_EDGE('',*,*,#2403,.T.);
#696=ORIENTED_EDGE('',*,*,#2404,.T.);
#697=ORIENTED_EDGE('',*,*,#2405,.T.);
#698=ORIENTED_EDGE('',*,*,#2406,.T.);
#699=ORIENTED_EDGE('',*,*,#2407,.T.);
#700=ORIENTED_EDGE('',*,*,#2408,.T.);
#701=ORIENTED_EDGE('',*,*,#2409,.T.);
#702=ORIENTED_EDGE('',*,*,#2410,.T.);
#703=ORIENTED_EDGE('',*,*,#2411,.T.);
#704=ORIENTED_EDGE('',*,*,#2412,.T.);
#705=ORIENTED_EDGE('',*,*,#2413,.T.);
#706=ORIENTED_EDGE('',*,*,#2414,.T.);
#707=ORIENTED_EDGE('',*,*,#2415,.T.);
#708=ORIENTED_EDGE('',*,*,#2416,.T.);
#709=ORIENTED_EDGE('',*,*,#2417,.T.);
#710=ORIENTED_EDGE('',*,*,#2418,.T.);
#711=ORIENTED_EDGE('',*,*,#2419,.T.);
#712=ORIENTED_EDGE('',*,*,#2420,.T.);
#713=ORIENTED_EDGE('',*,*,#2421,.T.);
#714=ORIENTED_EDGE('',*,*,#2422,.T.);
#715=ORIENTED_EDGE('',*,*,#2423,.T.);
#716=ORIENTED_EDGE('',*,*,#2424,.T.);
#717=ORIENTED_EDGE('',*,*,#2425,.T.);
#718=ORIENTED_EDGE('',*,*,#2426,.T.);
#719=ORIENTED_EDGE('',*,*,#2427,.T.);
#720=ORIENTED_EDGE('',*,*,#2428,.T.);
#721=ORIENTED_EDGE('',*,*,#2429,.T.);
#722=ORIENTED_EDGE('',*,*,#2430,.T.);
#723=ORIENTED_EDGE('',*,*,#2431,.T.);
#724=ORIENTED_EDGE('',*,*,#2432,.T.);
#725=ORIENTED_EDGE('',*,*,#2433,.T.);
#726=ORIENTED_EDGE('',*,*,#2434,.T.);
#727=ORIENTED_EDGE('',*,*,#2435,.T.);
#728=ORIENTED_EDGE('',*,*,#2436,.T.);
#729=ORIENTED_EDGE('',*,*,#2437,.T.);
#730=ORIENTED_EDGE('',*,*,#2438,.T.);
#731=ORIENTED_EDGE('',*,*,#2439,.T.);
#732=ORIENTED_EDGE('',*,*,#2440,.T.);
#733=ORIENTED_EDGE('',*,*,#2441,.T.);
#734=ORIENTED_EDGE('',*,*,#2442,.T.);
#735=ORIENTED_EDGE('',*,*,#2443,.T.);
#736=ORIENTED_EDGE('',*,*,#2444,.T.);
#737=ORIENTED_EDGE('',*,*,#2445,.T.);
#738=ORIENTED_EDGE('',*,*,#2446,.T.);
#739=ORIENTED_EDGE('',*,*,#2447,.T.);
#740=ORIENTED_EDGE('',*,*,#2448,.T.);
#741=ORIENTED_EDGE('',*,*,#2449,.T.);
#742=ORIENTED_EDGE('',*,*,#2450,.T.);
#743=ORIENTED_EDGE('',*,*,#2451,.T.);
#744=ORIENTED_EDGE('',*,*,#2452,.T.);
#745=ORIENTED_EDGE('',*,*,#2453,.T.);
#746=ORIENTED_EDGE('',*,*,#2454,.T.);
#747=ORIENTED_EDGE('',*,*,#2455,.T.);
#748=ORIENTED_EDGE('',*,*,#2456,.T.);
#749=ORIENTED_EDGE('',*,*,#2457,.T.);
#750=ORIENTED_EDGE('',*,*,#2458,.T.);
#751=ORIENTED_EDGE('',*,*,#2459,.T.);
#752=ORIENTED_EDGE('',*,*,#2460,.T.);
#753=ORIENTED_EDGE('',*,*,#2461,.T.);
#754=ORIENTED_EDGE('',*,*,#2462,.T.);
#755=ORIENTED_EDGE('',*,*,#2463,.T.);
#756=ORIENTED_EDGE('',*,*,#2464,.T.);
#757=ORIENTED_EDGE('',*,*,#2465,.T.);
#758=ORIENTED_EDGE('',*,*,#2466,.T.);
#759=ORIENTED_EDGE('',*,*,#2467,.T.);
#760=ORIENTED_EDGE('',*,*,#2468,.T.);
#761=ORIENTED_EDGE('',*,*,#2469,.T.);
#762=ORIENTED_EDGE('',*,*,#2470,.T.);
#763=ORIENTED_EDGE('',*,*,#2471,.T.);
#764=ORIENTED_EDGE('',*,*,#2472,.T.);
#765=ORIENTED_EDGE('',*,*,#2473,.T.);
#766=ORIENTED_EDGE('',*,*,#2474,.T.);
#767=ORIENTED_EDGE('',*,*,#2475,.T.);
#768=ORIENTED_EDGE('',*,*,#2476,.T.);
#769=ORIENTED_EDGE('',*,*,#2477,.T.);
#770=ORIENTED_EDGE('',*,*,#2478,.T.);
#771=ORIENTED_EDGE('',*,*,#2479,.T.);
#772=ORIENTED_EDGE('',*,*,#2480,.T.);
#773=ORIENTED_EDGE('',*,*,#2481,.T.);
#774=ORIENTED_EDGE('',*,*,#2482,.T.);
#775=ORIENTED_EDGE('',*,*,#2483,.T.);
#776=ORIENTED_EDGE('',*,*,#2484,.T.);
#777=ORIENTED_EDGE('',*,*,#2485,.T.);
#778=ORIENTED_EDGE('',*,*,#2486,.T.);
#779=ORIENTED_EDGE('',*,*,#2487,.T.);
#780=ORIENTED_EDGE('',*,*,#2488,.T.);
#781=ORIENTED_EDGE('',*,*,#2489,.T.);
#782=ORIENTED_EDGE('',*,*,#2490,.T.);
#783=ORIENTED_EDGE('',*,*,#2491,.T.);
#784=ORIENTED_EDGE('',*,*,#2492,.T.);
#785=ORIENTED_EDGE('',*,*,#2493,.T.);
#786=ORIENTED_EDGE('',*,*,#2494,.T.);
#787=ORIENTED_EDGE('',*,*,#2495,.T.);
#788=ORIENTED_EDGE('',*,*,#2496,.T.);
#789=ORIENTED_EDGE('',*,*,#2497,.T.);
#790=ORIENTED_EDGE('',*,*,#2498,.T.);
#791=ORIENTED_EDGE('',*,*,#2499,.T.);
#792=ORIENTED_EDGE('',*,*,#2500,.T.);
#793=ORIENTED_EDGE('',*,*,#2501,.T.);
#794=ORIENTED_EDGE('',*,*,#2502,.T.);
#795=ORIENTED_EDGE('',*,*,#2503,.T.);
#796=ORIENTED_EDGE('',*,*,#2504,.T.);
#797=ORIENTED_EDGE('',*,*,#2505,.T.);
#798=ORIENTED_EDGE('',*,*,#2506,.T.);
#799=ORIENTED_EDGE('',*,*,#2507,.T.);
#800=ORIENTED_EDGE('',*,*,#2508,.T.);
#801=ORIENTED_EDGE('',*,*,#2509,.T.);
#802=ORIENTED_EDGE('',*,*,#2510,.T.);
#803=ORIENTED_EDGE('',*,*,#2511,.T.);
#804=ORIENTED_EDGE('',*,*,#2512,.F.);
#805=ORIENTED_EDGE('',*,*,#2513,.F.);
#806=ORIENTED_EDGE('',*,*,#2514,.T.);
#807=ORIENTED_EDGE('',*,*,#2515,.F.);
#808=ORIENTED_EDGE('',*,*,#2516,.T.);
#809=ORIENTED_EDGE('',*,*,#2517,.T.);
#810=ORIENTED_EDGE('',*,*,#2518,.T.);
#811=ORIENTED_EDGE('',*,*,#2519,.T.);
#812=ORIENTED_EDGE('',*,*,#2520,.T.);
#813=ORIENTED_EDGE('',*,*,#2521,.F.);
#814=ORIENTED_EDGE('',*,*,#2522,.T.);
#815=ORIENTED_EDGE('',*,*,#2523,.T.);
#816=ORIENTED_EDGE('',*,*,#2524,.F.);
#817=ORIENTED_EDGE('',*,*,#2525,.F.);
#818=ORIENTED_EDGE('',*,*,#2526,.T.);
#819=ORIENTED_EDGE('',*,*,#2527,.T.);
#820=ORIENTED_EDGE('',*,*,#2528,.F.);
#821=ORIENTED_EDGE('',*,*,#2529,.F.);
#822=ORIENTED_EDGE('',*,*,#2530,.T.);
#823=ORIENTED_EDGE('',*,*,#2531,.T.);
#824=ORIENTED_EDGE('',*,*,#2532,.F.);
#825=ORIENTED_EDGE('',*,*,#2533,.F.);
#826=ORIENTED_EDGE('',*,*,#2534,.T.);
#827=ORIENTED_EDGE('',*,*,#2535,.T.);
#828=ORIENTED_EDGE('',*,*,#2536,.F.);
#829=ORIENTED_EDGE('',*,*,#2537,.F.);
#830=ORIENTED_EDGE('',*,*,#2538,.T.);
#831=ORIENTED_EDGE('',*,*,#2539,.T.);
#832=ORIENTED_EDGE('',*,*,#2540,.F.);
#833=ORIENTED_EDGE('',*,*,#2541,.F.);
#834=ORIENTED_EDGE('',*,*,#2542,.T.);
#835=ORIENTED_EDGE('',*,*,#2543,.T.);
#836=ORIENTED_EDGE('',*,*,#2544,.F.);
#837=ORIENTED_EDGE('',*,*,#2545,.F.);
#838=ORIENTED_EDGE('',*,*,#2546,.T.);
#839=ORIENTED_EDGE('',*,*,#2547,.T.);
#840=ORIENTED_EDGE('',*,*,#2548,.F.);
#841=ORIENTED_EDGE('',*,*,#2549,.T.);
#842=ORIENTED_EDGE('',*,*,#2550,.T.);
#843=ORIENTED_EDGE('',*,*,#2551,.F.);
#844=ORIENTED_EDGE('',*,*,#2552,.F.);
#845=ORIENTED_EDGE('',*,*,#2553,.F.);
#846=ORIENTED_EDGE('',*,*,#2554,.F.);
#847=ORIENTED_EDGE('',*,*,#2555,.F.);
#848=ORIENTED_EDGE('',*,*,#2556,.F.);
#849=ORIENTED_EDGE('',*,*,#2557,.T.);
#850=ORIENTED_EDGE('',*,*,#2558,.F.);
#851=ORIENTED_EDGE('',*,*,#2559,.T.);
#852=ORIENTED_EDGE('',*,*,#2560,.T.);
#853=ORIENTED_EDGE('',*,*,#2561,.F.);
#854=ORIENTED_EDGE('',*,*,#2562,.F.);
#855=ORIENTED_EDGE('',*,*,#2563,.T.);
#856=ORIENTED_EDGE('',*,*,#2564,.T.);
#857=ORIENTED_EDGE('',*,*,#2565,.F.);
#858=ORIENTED_EDGE('',*,*,#2566,.F.);
#859=ORIENTED_EDGE('',*,*,#2567,.T.);
#860=ORIENTED_EDGE('',*,*,#2568,.T.);
#861=ORIENTED_EDGE('',*,*,#2569,.F.);
#862=ORIENTED_EDGE('',*,*,#2570,.T.);
#863=ORIENTED_EDGE('',*,*,#2571,.T.);
#864=ORIENTED_EDGE('',*,*,#2572,.T.);
#865=ORIENTED_EDGE('',*,*,#2573,.T.);
#866=ORIENTED_EDGE('',*,*,#2574,.F.);
#867=ORIENTED_EDGE('',*,*,#2575,.T.);
#868=ORIENTED_EDGE('',*,*,#2576,.F.);
#869=ORIENTED_EDGE('',*,*,#2577,.T.);
#870=ORIENTED_EDGE('',*,*,#2578,.F.);
#871=ORIENTED_EDGE('',*,*,#2579,.T.);
#872=ORIENTED_EDGE('',*,*,#2580,.T.);
#873=ORIENTED_EDGE('',*,*,#2581,.F.);
#874=ORIENTED_EDGE('',*,*,#2515,.T.);
#875=ORIENTED_EDGE('',*,*,#2582,.T.);
#876=ORIENTED_EDGE('',*,*,#2570,.F.);
#877=ORIENTED_EDGE('',*,*,#2583,.T.);
#878=ORIENTED_EDGE('',*,*,#2576,.T.);
#879=ORIENTED_EDGE('',*,*,#2584,.T.);
#880=ORIENTED_EDGE('',*,*,#2517,.F.);
#881=ORIENTED_EDGE('',*,*,#2585,.T.);
#882=ORIENTED_EDGE('',*,*,#2574,.T.);
#883=ORIENTED_EDGE('',*,*,#2586,.T.);
#884=ORIENTED_EDGE('',*,*,#2519,.F.);
#885=ORIENTED_EDGE('',*,*,#2587,.T.);
#886=ORIENTED_EDGE('',*,*,#2572,.F.);
#887=ORIENTED_EDGE('',*,*,#2588,.T.);
#888=ORIENTED_EDGE('',*,*,#2513,.T.);
#889=ORIENTED_EDGE('',*,*,#2589,.T.);
#890=ORIENTED_EDGE('',*,*,#2578,.T.);
#891=ORIENTED_EDGE('',*,*,#2590,.F.);
#892=ORIENTED_EDGE('',*,*,#2549,.F.);
#893=ORIENTED_EDGE('',*,*,#2591,.T.);
#894=ORIENTED_EDGE('',*,*,#2591,.F.);
#895=ORIENTED_EDGE('',*,*,#2552,.T.);
#896=ORIENTED_EDGE('',*,*,#2592,.T.);
#897=ORIENTED_EDGE('',*,*,#2579,.F.);
#898=ORIENTED_EDGE('',*,*,#2592,.F.);
#899=ORIENTED_EDGE('',*,*,#2551,.T.);
#900=ORIENTED_EDGE('',*,*,#2593,.T.);
#901=ORIENTED_EDGE('',*,*,#2580,.F.);
#902=ORIENTED_EDGE('',*,*,#2581,.T.);
#903=ORIENTED_EDGE('',*,*,#2593,.F.);
#904=ORIENTED_EDGE('',*,*,#2550,.F.);
#905=ORIENTED_EDGE('',*,*,#2590,.T.);
#906=ORIENTED_EDGE('',*,*,#2594,.T.);
#907=ORIENTED_EDGE('',*,*,#2595,.F.);
#908=ORIENTED_EDGE('',*,*,#2594,.F.);
#909=ORIENTED_EDGE('',*,*,#2596,.F.);
#910=ORIENTED_EDGE('',*,*,#2595,.T.);
#911=ORIENTED_EDGE('',*,*,#2553,.T.);
#912=ORIENTED_EDGE('',*,*,#2597,.T.);
#913=ORIENTED_EDGE('',*,*,#2598,.F.);
#914=ORIENTED_EDGE('',*,*,#2597,.F.);
#915=ORIENTED_EDGE('',*,*,#2599,.F.);
#916=ORIENTED_EDGE('',*,*,#2598,.T.);
#917=ORIENTED_EDGE('',*,*,#2554,.T.);
#918=ORIENTED_EDGE('',*,*,#2600,.T.);
#919=ORIENTED_EDGE('',*,*,#2601,.F.);
#920=ORIENTED_EDGE('',*,*,#2600,.F.);
#921=ORIENTED_EDGE('',*,*,#2602,.F.);
#922=ORIENTED_EDGE('',*,*,#2601,.T.);
#923=ORIENTED_EDGE('',*,*,#2555,.T.);
#924=ORIENTED_EDGE('',*,*,#2603,.T.);
#925=ORIENTED_EDGE('',*,*,#2604,.F.);
#926=ORIENTED_EDGE('',*,*,#2603,.F.);
#927=ORIENTED_EDGE('',*,*,#2605,.F.);
#928=ORIENTED_EDGE('',*,*,#2604,.T.);
#929=ORIENTED_EDGE('',*,*,#2556,.T.);
#930=ORIENTED_EDGE('',*,*,#2596,.T.);
#931=ORIENTED_EDGE('',*,*,#2599,.T.);
#932=ORIENTED_EDGE('',*,*,#2602,.T.);
#933=ORIENTED_EDGE('',*,*,#2605,.T.);
#934=ORIENTED_EDGE('',*,*,#2512,.T.);
#935=ORIENTED_EDGE('',*,*,#2557,.F.);
#936=ORIENTED_EDGE('',*,*,#2558,.T.);
#937=ORIENTED_EDGE('',*,*,#2606,.T.);
#938=ORIENTED_EDGE('',*,*,#2522,.F.);
#939=ORIENTED_EDGE('',*,*,#2607,.F.);
#940=ORIENTED_EDGE('',*,*,#2607,.T.);
#941=ORIENTED_EDGE('',*,*,#2521,.T.);
#942=ORIENTED_EDGE('',*,*,#2608,.F.);
#943=ORIENTED_EDGE('',*,*,#2559,.F.);
#944=ORIENTED_EDGE('',*,*,#2608,.T.);
#945=ORIENTED_EDGE('',*,*,#2524,.T.);
#946=ORIENTED_EDGE('',*,*,#2609,.F.);
#947=ORIENTED_EDGE('',*,*,#2560,.F.);
#948=ORIENTED_EDGE('',*,*,#2561,.T.);
#949=ORIENTED_EDGE('',*,*,#2609,.T.);
#950=ORIENTED_EDGE('',*,*,#2523,.F.);
#951=ORIENTED_EDGE('',*,*,#2606,.F.);
#952=ORIENTED_EDGE('',*,*,#2545,.T.);
#953=ORIENTED_EDGE('',*,*,#2610,.T.);
#954=ORIENTED_EDGE('',*,*,#2526,.F.);
#955=ORIENTED_EDGE('',*,*,#2611,.F.);
#956=ORIENTED_EDGE('',*,*,#2611,.T.);
#957=ORIENTED_EDGE('',*,*,#2525,.T.);
#958=ORIENTED_EDGE('',*,*,#2612,.F.);
#959=ORIENTED_EDGE('',*,*,#2546,.F.);
#960=ORIENTED_EDGE('',*,*,#2612,.T.);
#961=ORIENTED_EDGE('',*,*,#2528,.T.);
#962=ORIENTED_EDGE('',*,*,#2613,.F.);
#963=ORIENTED_EDGE('',*,*,#2547,.F.);
#964=ORIENTED_EDGE('',*,*,#2548,.T.);
#965=ORIENTED_EDGE('',*,*,#2613,.T.);
#966=ORIENTED_EDGE('',*,*,#2527,.F.);
#967=ORIENTED_EDGE('',*,*,#2610,.F.);
#968=ORIENTED_EDGE('',*,*,#2562,.T.);
#969=ORIENTED_EDGE('',*,*,#2614,.T.);
#970=ORIENTED_EDGE('',*,*,#2530,.F.);
#971=ORIENTED_EDGE('',*,*,#2615,.F.);
#972=ORIENTED_EDGE('',*,*,#2615,.T.);
#973=ORIENTED_EDGE('',*,*,#2529,.T.);
#974=ORIENTED_EDGE('',*,*,#2616,.F.);
#975=ORIENTED_EDGE('',*,*,#2563,.F.);
#976=ORIENTED_EDGE('',*,*,#2616,.T.);
#977=ORIENTED_EDGE('',*,*,#2532,.T.);
#978=ORIENTED_EDGE('',*,*,#2617,.F.);
#979=ORIENTED_EDGE('',*,*,#2564,.F.);
#980=ORIENTED_EDGE('',*,*,#2565,.T.);
#981=ORIENTED_EDGE('',*,*,#2617,.T.);
#982=ORIENTED_EDGE('',*,*,#2531,.F.);
#983=ORIENTED_EDGE('',*,*,#2614,.F.);
#984=ORIENTED_EDGE('',*,*,#2541,.T.);
#985=ORIENTED_EDGE('',*,*,#2618,.T.);
#986=ORIENTED_EDGE('',*,*,#2534,.F.);
#987=ORIENTED_EDGE('',*,*,#2619,.F.);
#988=ORIENTED_EDGE('',*,*,#2619,.T.);
#989=ORIENTED_EDGE('',*,*,#2533,.T.);
#990=ORIENTED_EDGE('',*,*,#2620,.F.);
#991=ORIENTED_EDGE('',*,*,#2542,.F.);
#992=ORIENTED_EDGE('',*,*,#2620,.T.);
#993=ORIENTED_EDGE('',*,*,#2536,.T.);
#994=ORIENTED_EDGE('',*,*,#2621,.F.);
#995=ORIENTED_EDGE('',*,*,#2543,.F.);
#996=ORIENTED_EDGE('',*,*,#2544,.T.);
#997=ORIENTED_EDGE('',*,*,#2621,.T.);
#998=ORIENTED_EDGE('',*,*,#2535,.F.);
#999=ORIENTED_EDGE('',*,*,#2618,.F.);
#1000=ORIENTED_EDGE('',*,*,#2566,.T.);
#1001=ORIENTED_EDGE('',*,*,#2622,.T.);
#1002=ORIENTED_EDGE('',*,*,#2538,.F.);
#1003=ORIENTED_EDGE('',*,*,#2623,.F.);
#1004=ORIENTED_EDGE('',*,*,#2623,.T.);
#1005=ORIENTED_EDGE('',*,*,#2537,.T.);
#1006=ORIENTED_EDGE('',*,*,#2624,.F.);
#1007=ORIENTED_EDGE('',*,*,#2567,.F.);
#1008=ORIENTED_EDGE('',*,*,#2624,.T.);
#1009=ORIENTED_EDGE('',*,*,#2540,.T.);
#1010=ORIENTED_EDGE('',*,*,#2625,.F.);
#1011=ORIENTED_EDGE('',*,*,#2568,.F.);
#1012=ORIENTED_EDGE('',*,*,#2569,.T.);
#1013=ORIENTED_EDGE('',*,*,#2625,.T.);
#1014=ORIENTED_EDGE('',*,*,#2539,.F.);
#1015=ORIENTED_EDGE('',*,*,#2622,.F.);
#1016=ORIENTED_EDGE('',*,*,#2514,.F.);
#1017=ORIENTED_EDGE('',*,*,#2588,.F.);
#1018=ORIENTED_EDGE('',*,*,#2571,.F.);
#1019=ORIENTED_EDGE('',*,*,#2582,.F.);
#1020=ORIENTED_EDGE('',*,*,#2520,.F.);
#1021=ORIENTED_EDGE('',*,*,#2586,.F.);
#1022=ORIENTED_EDGE('',*,*,#2573,.F.);
#1023=ORIENTED_EDGE('',*,*,#2589,.F.);
#1024=ORIENTED_EDGE('',*,*,#2518,.F.);
#1025=ORIENTED_EDGE('',*,*,#2584,.F.);
#1026=ORIENTED_EDGE('',*,*,#2575,.F.);
#1027=ORIENTED_EDGE('',*,*,#2587,.F.);
#1028=ORIENTED_EDGE('',*,*,#2516,.F.);
#1029=ORIENTED_EDGE('',*,*,#2583,.F.);
#1030=ORIENTED_EDGE('',*,*,#2577,.F.);
#1031=ORIENTED_EDGE('',*,*,#2585,.F.);
#1032=ORIENTED_EDGE('',*,*,#2626,.T.);
#1033=ORIENTED_EDGE('',*,*,#2508,.F.);
#1034=ORIENTED_EDGE('',*,*,#2627,.F.);
#1035=ORIENTED_EDGE('',*,*,#2628,.T.);
#1036=ORIENTED_EDGE('',*,*,#2627,.T.);
#1037=ORIENTED_EDGE('',*,*,#2511,.F.);
#1038=ORIENTED_EDGE('',*,*,#2629,.F.);
#1039=ORIENTED_EDGE('',*,*,#2630,.T.);
#1040=ORIENTED_EDGE('',*,*,#2629,.T.);
#1041=ORIENTED_EDGE('',*,*,#2510,.F.);
#1042=ORIENTED_EDGE('',*,*,#2631,.F.);
#1043=ORIENTED_EDGE('',*,*,#2632,.T.);
#1044=ORIENTED_EDGE('',*,*,#2633,.T.);
#1045=ORIENTED_EDGE('',*,*,#2631,.T.);
#1046=ORIENTED_EDGE('',*,*,#2509,.F.);
#1047=ORIENTED_EDGE('',*,*,#2626,.F.);
#1048=ORIENTED_EDGE('',*,*,#2632,.F.);
#1049=ORIENTED_EDGE('',*,*,#2633,.F.);
#1050=ORIENTED_EDGE('',*,*,#2628,.F.);
#1051=ORIENTED_EDGE('',*,*,#2630,.F.);
#1052=ORIENTED_EDGE('',*,*,#2634,.T.);
#1053=ORIENTED_EDGE('',*,*,#2491,.F.);
#1054=ORIENTED_EDGE('',*,*,#2635,.F.);
#1055=ORIENTED_EDGE('',*,*,#2636,.T.);
#1056=ORIENTED_EDGE('',*,*,#2635,.T.);
#1057=ORIENTED_EDGE('',*,*,#2507,.F.);
#1058=ORIENTED_EDGE('',*,*,#2637,.F.);
#1059=ORIENTED_EDGE('',*,*,#2638,.T.);
#1060=ORIENTED_EDGE('',*,*,#2637,.T.);
#1061=ORIENTED_EDGE('',*,*,#2506,.F.);
#1062=ORIENTED_EDGE('',*,*,#2639,.F.);
#1063=ORIENTED_EDGE('',*,*,#2640,.T.);
#1064=ORIENTED_EDGE('',*,*,#2639,.T.);
#1065=ORIENTED_EDGE('',*,*,#2505,.F.);
#1066=ORIENTED_EDGE('',*,*,#2641,.F.);
#1067=ORIENTED_EDGE('',*,*,#2642,.T.);
#1068=ORIENTED_EDGE('',*,*,#2641,.T.);
#1069=ORIENTED_EDGE('',*,*,#2504,.F.);
#1070=ORIENTED_EDGE('',*,*,#2643,.F.);
#1071=ORIENTED_EDGE('',*,*,#2644,.T.);
#1072=ORIENTED_EDGE('',*,*,#2643,.T.);
#1073=ORIENTED_EDGE('',*,*,#2503,.F.);
#1074=ORIENTED_EDGE('',*,*,#2645,.F.);
#1075=ORIENTED_EDGE('',*,*,#2646,.T.);
#1076=ORIENTED_EDGE('',*,*,#2645,.T.);
#1077=ORIENTED_EDGE('',*,*,#2502,.F.);
#1078=ORIENTED_EDGE('',*,*,#2647,.F.);
#1079=ORIENTED_EDGE('',*,*,#2648,.T.);
#1080=ORIENTED_EDGE('',*,*,#2647,.T.);
#1081=ORIENTED_EDGE('',*,*,#2501,.F.);
#1082=ORIENTED_EDGE('',*,*,#2649,.F.);
#1083=ORIENTED_EDGE('',*,*,#2650,.T.);
#1084=ORIENTED_EDGE('',*,*,#2649,.T.);
#1085=ORIENTED_EDGE('',*,*,#2500,.F.);
#1086=ORIENTED_EDGE('',*,*,#2651,.F.);
#1087=ORIENTED_EDGE('',*,*,#2652,.T.);
#1088=ORIENTED_EDGE('',*,*,#2651,.T.);
#1089=ORIENTED_EDGE('',*,*,#2499,.F.);
#1090=ORIENTED_EDGE('',*,*,#2653,.F.);
#1091=ORIENTED_EDGE('',*,*,#2654,.T.);
#1092=ORIENTED_EDGE('',*,*,#2653,.T.);
#1093=ORIENTED_EDGE('',*,*,#2498,.F.);
#1094=ORIENTED_EDGE('',*,*,#2655,.F.);
#1095=ORIENTED_EDGE('',*,*,#2656,.T.);
#1096=ORIENTED_EDGE('',*,*,#2655,.T.);
#1097=ORIENTED_EDGE('',*,*,#2497,.F.);
#1098=ORIENTED_EDGE('',*,*,#2657,.F.);
#1099=ORIENTED_EDGE('',*,*,#2658,.T.);
#1100=ORIENTED_EDGE('',*,*,#2657,.T.);
#1101=ORIENTED_EDGE('',*,*,#2496,.F.);
#1102=ORIENTED_EDGE('',*,*,#2659,.F.);
#1103=ORIENTED_EDGE('',*,*,#2660,.T.);
#1104=ORIENTED_EDGE('',*,*,#2659,.T.);
#1105=ORIENTED_EDGE('',*,*,#2495,.F.);
#1106=ORIENTED_EDGE('',*,*,#2661,.F.);
#1107=ORIENTED_EDGE('',*,*,#2662,.T.);
#1108=ORIENTED_EDGE('',*,*,#2661,.T.);
#1109=ORIENTED_EDGE('',*,*,#2494,.F.);
#1110=ORIENTED_EDGE('',*,*,#2663,.F.);
#1111=ORIENTED_EDGE('',*,*,#2664,.T.);
#1112=ORIENTED_EDGE('',*,*,#2663,.T.);
#1113=ORIENTED_EDGE('',*,*,#2493,.F.);
#1114=ORIENTED_EDGE('',*,*,#2665,.F.);
#1115=ORIENTED_EDGE('',*,*,#2666,.T.);
#1116=ORIENTED_EDGE('',*,*,#2667,.T.);
#1117=ORIENTED_EDGE('',*,*,#2665,.T.);
#1118=ORIENTED_EDGE('',*,*,#2492,.F.);
#1119=ORIENTED_EDGE('',*,*,#2634,.F.);
#1120=ORIENTED_EDGE('',*,*,#2666,.F.);
#1121=ORIENTED_EDGE('',*,*,#2667,.F.);
#1122=ORIENTED_EDGE('',*,*,#2636,.F.);
#1123=ORIENTED_EDGE('',*,*,#2638,.F.);
#1124=ORIENTED_EDGE('',*,*,#2640,.F.);
#1125=ORIENTED_EDGE('',*,*,#2642,.F.);
#1126=ORIENTED_EDGE('',*,*,#2644,.F.);
#1127=ORIENTED_EDGE('',*,*,#2646,.F.);
#1128=ORIENTED_EDGE('',*,*,#2648,.F.);
#1129=ORIENTED_EDGE('',*,*,#2650,.F.);
#1130=ORIENTED_EDGE('',*,*,#2652,.F.);
#1131=ORIENTED_EDGE('',*,*,#2654,.F.);
#1132=ORIENTED_EDGE('',*,*,#2656,.F.);
#1133=ORIENTED_EDGE('',*,*,#2658,.F.);
#1134=ORIENTED_EDGE('',*,*,#2660,.F.);
#1135=ORIENTED_EDGE('',*,*,#2662,.F.);
#1136=ORIENTED_EDGE('',*,*,#2664,.F.);
#1137=ORIENTED_EDGE('',*,*,#2668,.T.);
#1138=ORIENTED_EDGE('',*,*,#2465,.F.);
#1139=ORIENTED_EDGE('',*,*,#2669,.F.);
#1140=ORIENTED_EDGE('',*,*,#2670,.T.);
#1141=ORIENTED_EDGE('',*,*,#2669,.T.);
#1142=ORIENTED_EDGE('',*,*,#2490,.F.);
#1143=ORIENTED_EDGE('',*,*,#2671,.F.);
#1144=ORIENTED_EDGE('',*,*,#2672,.T.);
#1145=ORIENTED_EDGE('',*,*,#2671,.T.);
#1146=ORIENTED_EDGE('',*,*,#2489,.F.);
#1147=ORIENTED_EDGE('',*,*,#2673,.F.);
#1148=ORIENTED_EDGE('',*,*,#2674,.T.);
#1149=ORIENTED_EDGE('',*,*,#2673,.T.);
#1150=ORIENTED_EDGE('',*,*,#2488,.F.);
#1151=ORIENTED_EDGE('',*,*,#2675,.F.);
#1152=ORIENTED_EDGE('',*,*,#2676,.T.);
#1153=ORIENTED_EDGE('',*,*,#2675,.T.);
#1154=ORIENTED_EDGE('',*,*,#2487,.F.);
#1155=ORIENTED_EDGE('',*,*,#2677,.F.);
#1156=ORIENTED_EDGE('',*,*,#2678,.T.);
#1157=ORIENTED_EDGE('',*,*,#2677,.T.);
#1158=ORIENTED_EDGE('',*,*,#2486,.F.);
#1159=ORIENTED_EDGE('',*,*,#2679,.F.);
#1160=ORIENTED_EDGE('',*,*,#2680,.T.);
#1161=ORIENTED_EDGE('',*,*,#2679,.T.);
#1162=ORIENTED_EDGE('',*,*,#2485,.F.);
#1163=ORIENTED_EDGE('',*,*,#2681,.F.);
#1164=ORIENTED_EDGE('',*,*,#2682,.T.);
#1165=ORIENTED_EDGE('',*,*,#2681,.T.);
#1166=ORIENTED_EDGE('',*,*,#2484,.F.);
#1167=ORIENTED_EDGE('',*,*,#2683,.F.);
#1168=ORIENTED_EDGE('',*,*,#2684,.T.);
#1169=ORIENTED_EDGE('',*,*,#2683,.T.);
#1170=ORIENTED_EDGE('',*,*,#2483,.F.);
#1171=ORIENTED_EDGE('',*,*,#2685,.F.);
#1172=ORIENTED_EDGE('',*,*,#2686,.T.);
#1173=ORIENTED_EDGE('',*,*,#2685,.T.);
#1174=ORIENTED_EDGE('',*,*,#2482,.F.);
#1175=ORIENTED_EDGE('',*,*,#2687,.F.);
#1176=ORIENTED_EDGE('',*,*,#2688,.T.);
#1177=ORIENTED_EDGE('',*,*,#2687,.T.);
#1178=ORIENTED_EDGE('',*,*,#2481,.F.);
#1179=ORIENTED_EDGE('',*,*,#2689,.F.);
#1180=ORIENTED_EDGE('',*,*,#2690,.T.);
#1181=ORIENTED_EDGE('',*,*,#2689,.T.);
#1182=ORIENTED_EDGE('',*,*,#2480,.F.);
#1183=ORIENTED_EDGE('',*,*,#2691,.F.);
#1184=ORIENTED_EDGE('',*,*,#2692,.T.);
#1185=ORIENTED_EDGE('',*,*,#2691,.T.);
#1186=ORIENTED_EDGE('',*,*,#2479,.F.);
#1187=ORIENTED_EDGE('',*,*,#2693,.F.);
#1188=ORIENTED_EDGE('',*,*,#2694,.T.);
#1189=ORIENTED_EDGE('',*,*,#2693,.T.);
#1190=ORIENTED_EDGE('',*,*,#2478,.F.);
#1191=ORIENTED_EDGE('',*,*,#2695,.F.);
#1192=ORIENTED_EDGE('',*,*,#2696,.T.);
#1193=ORIENTED_EDGE('',*,*,#2695,.T.);
#1194=ORIENTED_EDGE('',*,*,#2477,.F.);
#1195=ORIENTED_EDGE('',*,*,#2697,.F.);
#1196=ORIENTED_EDGE('',*,*,#2698,.T.);
#1197=ORIENTED_EDGE('',*,*,#2697,.T.);
#1198=ORIENTED_EDGE('',*,*,#2476,.F.);
#1199=ORIENTED_EDGE('',*,*,#2699,.F.);
#1200=ORIENTED_EDGE('',*,*,#2700,.T.);
#1201=ORIENTED_EDGE('',*,*,#2699,.T.);
#1202=ORIENTED_EDGE('',*,*,#2475,.F.);
#1203=ORIENTED_EDGE('',*,*,#2701,.F.);
#1204=ORIENTED_EDGE('',*,*,#2702,.T.);
#1205=ORIENTED_EDGE('',*,*,#2701,.T.);
#1206=ORIENTED_EDGE('',*,*,#2474,.F.);
#1207=ORIENTED_EDGE('',*,*,#2703,.F.);
#1208=ORIENTED_EDGE('',*,*,#2704,.T.);
#1209=ORIENTED_EDGE('',*,*,#2703,.T.);
#1210=ORIENTED_EDGE('',*,*,#2473,.F.);
#1211=ORIENTED_EDGE('',*,*,#2705,.F.);
#1212=ORIENTED_EDGE('',*,*,#2706,.T.);
#1213=ORIENTED_EDGE('',*,*,#2705,.T.);
#1214=ORIENTED_EDGE('',*,*,#2472,.F.);
#1215=ORIENTED_EDGE('',*,*,#2707,.F.);
#1216=ORIENTED_EDGE('',*,*,#2708,.T.);
#1217=ORIENTED_EDGE('',*,*,#2707,.T.);
#1218=ORIENTED_EDGE('',*,*,#2471,.F.);
#1219=ORIENTED_EDGE('',*,*,#2709,.F.);
#1220=ORIENTED_EDGE('',*,*,#2710,.T.);
#1221=ORIENTED_EDGE('',*,*,#2709,.T.);
#1222=ORIENTED_EDGE('',*,*,#2470,.F.);
#1223=ORIENTED_EDGE('',*,*,#2711,.F.);
#1224=ORIENTED_EDGE('',*,*,#2712,.T.);
#1225=ORIENTED_EDGE('',*,*,#2711,.T.);
#1226=ORIENTED_EDGE('',*,*,#2469,.F.);
#1227=ORIENTED_EDGE('',*,*,#2713,.F.);
#1228=ORIENTED_EDGE('',*,*,#2714,.T.);
#1229=ORIENTED_EDGE('',*,*,#2713,.T.);
#1230=ORIENTED_EDGE('',*,*,#2468,.F.);
#1231=ORIENTED_EDGE('',*,*,#2715,.F.);
#1232=ORIENTED_EDGE('',*,*,#2716,.T.);
#1233=ORIENTED_EDGE('',*,*,#2715,.T.);
#1234=ORIENTED_EDGE('',*,*,#2467,.F.);
#1235=ORIENTED_EDGE('',*,*,#2717,.F.);
#1236=ORIENTED_EDGE('',*,*,#2718,.T.);
#1237=ORIENTED_EDGE('',*,*,#2719,.T.);
#1238=ORIENTED_EDGE('',*,*,#2717,.T.);
#1239=ORIENTED_EDGE('',*,*,#2466,.F.);
#1240=ORIENTED_EDGE('',*,*,#2668,.F.);
#1241=ORIENTED_EDGE('',*,*,#2718,.F.);
#1242=ORIENTED_EDGE('',*,*,#2719,.F.);
#1243=ORIENTED_EDGE('',*,*,#2670,.F.);
#1244=ORIENTED_EDGE('',*,*,#2672,.F.);
#1245=ORIENTED_EDGE('',*,*,#2674,.F.);
#1246=ORIENTED_EDGE('',*,*,#2676,.F.);
#1247=ORIENTED_EDGE('',*,*,#2678,.F.);
#1248=ORIENTED_EDGE('',*,*,#2680,.F.);
#1249=ORIENTED_EDGE('',*,*,#2682,.F.);
#1250=ORIENTED_EDGE('',*,*,#2684,.F.);
#1251=ORIENTED_EDGE('',*,*,#2686,.F.);
#1252=ORIENTED_EDGE('',*,*,#2688,.F.);
#1253=ORIENTED_EDGE('',*,*,#2690,.F.);
#1254=ORIENTED_EDGE('',*,*,#2692,.F.);
#1255=ORIENTED_EDGE('',*,*,#2694,.F.);
#1256=ORIENTED_EDGE('',*,*,#2696,.F.);
#1257=ORIENTED_EDGE('',*,*,#2698,.F.);
#1258=ORIENTED_EDGE('',*,*,#2700,.F.);
#1259=ORIENTED_EDGE('',*,*,#2702,.F.);
#1260=ORIENTED_EDGE('',*,*,#2704,.F.);
#1261=ORIENTED_EDGE('',*,*,#2706,.F.);
#1262=ORIENTED_EDGE('',*,*,#2708,.F.);
#1263=ORIENTED_EDGE('',*,*,#2710,.F.);
#1264=ORIENTED_EDGE('',*,*,#2712,.F.);
#1265=ORIENTED_EDGE('',*,*,#2714,.F.);
#1266=ORIENTED_EDGE('',*,*,#2716,.F.);
#1267=ORIENTED_EDGE('',*,*,#2720,.T.);
#1268=ORIENTED_EDGE('',*,*,#2461,.F.);
#1269=ORIENTED_EDGE('',*,*,#2721,.F.);
#1270=ORIENTED_EDGE('',*,*,#2722,.T.);
#1271=ORIENTED_EDGE('',*,*,#2721,.T.);
#1272=ORIENTED_EDGE('',*,*,#2464,.F.);
#1273=ORIENTED_EDGE('',*,*,#2723,.F.);
#1274=ORIENTED_EDGE('',*,*,#2724,.T.);
#1275=ORIENTED_EDGE('',*,*,#2723,.T.);
#1276=ORIENTED_EDGE('',*,*,#2463,.F.);
#1277=ORIENTED_EDGE('',*,*,#2725,.F.);
#1278=ORIENTED_EDGE('',*,*,#2726,.T.);
#1279=ORIENTED_EDGE('',*,*,#2727,.T.);
#1280=ORIENTED_EDGE('',*,*,#2725,.T.);
#1281=ORIENTED_EDGE('',*,*,#2462,.F.);
#1282=ORIENTED_EDGE('',*,*,#2720,.F.);
#1283=ORIENTED_EDGE('',*,*,#2726,.F.);
#1284=ORIENTED_EDGE('',*,*,#2727,.F.);
#1285=ORIENTED_EDGE('',*,*,#2722,.F.);
#1286=ORIENTED_EDGE('',*,*,#2724,.F.);
#1287=ORIENTED_EDGE('',*,*,#2728,.T.);
#1288=ORIENTED_EDGE('',*,*,#2454,.F.);
#1289=ORIENTED_EDGE('',*,*,#2729,.F.);
#1290=ORIENTED_EDGE('',*,*,#2730,.T.);
#1291=ORIENTED_EDGE('',*,*,#2729,.T.);
#1292=ORIENTED_EDGE('',*,*,#2460,.F.);
#1293=ORIENTED_EDGE('',*,*,#2731,.F.);
#1294=ORIENTED_EDGE('',*,*,#2732,.T.);
#1295=ORIENTED_EDGE('',*,*,#2731,.T.);
#1296=ORIENTED_EDGE('',*,*,#2459,.F.);
#1297=ORIENTED_EDGE('',*,*,#2733,.F.);
#1298=ORIENTED_EDGE('',*,*,#2734,.T.);
#1299=ORIENTED_EDGE('',*,*,#2733,.T.);
#1300=ORIENTED_EDGE('',*,*,#2458,.F.);
#1301=ORIENTED_EDGE('',*,*,#2735,.F.);
#1302=ORIENTED_EDGE('',*,*,#2736,.T.);
#1303=ORIENTED_EDGE('',*,*,#2735,.T.);
#1304=ORIENTED_EDGE('',*,*,#2457,.F.);
#1305=ORIENTED_EDGE('',*,*,#2737,.F.);
#1306=ORIENTED_EDGE('',*,*,#2738,.T.);
#1307=ORIENTED_EDGE('',*,*,#2737,.T.);
#1308=ORIENTED_EDGE('',*,*,#2456,.F.);
#1309=ORIENTED_EDGE('',*,*,#2739,.F.);
#1310=ORIENTED_EDGE('',*,*,#2740,.T.);
#1311=ORIENTED_EDGE('',*,*,#2741,.T.);
#1312=ORIENTED_EDGE('',*,*,#2739,.T.);
#1313=ORIENTED_EDGE('',*,*,#2455,.F.);
#1314=ORIENTED_EDGE('',*,*,#2728,.F.);
#1315=ORIENTED_EDGE('',*,*,#2740,.F.);
#1316=ORIENTED_EDGE('',*,*,#2741,.F.);
#1317=ORIENTED_EDGE('',*,*,#2730,.F.);
#1318=ORIENTED_EDGE('',*,*,#2732,.F.);
#1319=ORIENTED_EDGE('',*,*,#2734,.F.);
#1320=ORIENTED_EDGE('',*,*,#2736,.F.);
#1321=ORIENTED_EDGE('',*,*,#2738,.F.);
#1322=ORIENTED_EDGE('',*,*,#2742,.T.);
#1323=ORIENTED_EDGE('',*,*,#2435,.F.);
#1324=ORIENTED_EDGE('',*,*,#2743,.F.);
#1325=ORIENTED_EDGE('',*,*,#2744,.T.);
#1326=ORIENTED_EDGE('',*,*,#2743,.T.);
#1327=ORIENTED_EDGE('',*,*,#2453,.F.);
#1328=ORIENTED_EDGE('',*,*,#2745,.F.);
#1329=ORIENTED_EDGE('',*,*,#2746,.T.);
#1330=ORIENTED_EDGE('',*,*,#2745,.T.);
#1331=ORIENTED_EDGE('',*,*,#2452,.F.);
#1332=ORIENTED_EDGE('',*,*,#2747,.F.);
#1333=ORIENTED_EDGE('',*,*,#2748,.T.);
#1334=ORIENTED_EDGE('',*,*,#2747,.T.);
#1335=ORIENTED_EDGE('',*,*,#2451,.F.);
#1336=ORIENTED_EDGE('',*,*,#2749,.F.);
#1337=ORIENTED_EDGE('',*,*,#2750,.T.);
#1338=ORIENTED_EDGE('',*,*,#2749,.T.);
#1339=ORIENTED_EDGE('',*,*,#2450,.F.);
#1340=ORIENTED_EDGE('',*,*,#2751,.F.);
#1341=ORIENTED_EDGE('',*,*,#2752,.T.);
#1342=ORIENTED_EDGE('',*,*,#2751,.T.);
#1343=ORIENTED_EDGE('',*,*,#2449,.F.);
#1344=ORIENTED_EDGE('',*,*,#2753,.F.);
#1345=ORIENTED_EDGE('',*,*,#2754,.T.);
#1346=ORIENTED_EDGE('',*,*,#2753,.T.);
#1347=ORIENTED_EDGE('',*,*,#2448,.F.);
#1348=ORIENTED_EDGE('',*,*,#2755,.F.);
#1349=ORIENTED_EDGE('',*,*,#2756,.T.);
#1350=ORIENTED_EDGE('',*,*,#2755,.T.);
#1351=ORIENTED_EDGE('',*,*,#2447,.F.);
#1352=ORIENTED_EDGE('',*,*,#2757,.F.);
#1353=ORIENTED_EDGE('',*,*,#2758,.T.);
#1354=ORIENTED_EDGE('',*,*,#2757,.T.);
#1355=ORIENTED_EDGE('',*,*,#2446,.F.);
#1356=ORIENTED_EDGE('',*,*,#2759,.F.);
#1357=ORIENTED_EDGE('',*,*,#2760,.T.);
#1358=ORIENTED_EDGE('',*,*,#2759,.T.);
#1359=ORIENTED_EDGE('',*,*,#2445,.F.);
#1360=ORIENTED_EDGE('',*,*,#2761,.F.);
#1361=ORIENTED_EDGE('',*,*,#2762,.T.);
#1362=ORIENTED_EDGE('',*,*,#2761,.T.);
#1363=ORIENTED_EDGE('',*,*,#2444,.F.);
#1364=ORIENTED_EDGE('',*,*,#2763,.F.);
#1365=ORIENTED_EDGE('',*,*,#2764,.T.);
#1366=ORIENTED_EDGE('',*,*,#2763,.T.);
#1367=ORIENTED_EDGE('',*,*,#2443,.F.);
#1368=ORIENTED_EDGE('',*,*,#2765,.F.);
#1369=ORIENTED_EDGE('',*,*,#2766,.T.);
#1370=ORIENTED_EDGE('',*,*,#2765,.T.);
#1371=ORIENTED_EDGE('',*,*,#2442,.F.);
#1372=ORIENTED_EDGE('',*,*,#2767,.F.);
#1373=ORIENTED_EDGE('',*,*,#2768,.T.);
#1374=ORIENTED_EDGE('',*,*,#2767,.T.);
#1375=ORIENTED_EDGE('',*,*,#2441,.F.);
#1376=ORIENTED_EDGE('',*,*,#2769,.F.);
#1377=ORIENTED_EDGE('',*,*,#2770,.T.);
#1378=ORIENTED_EDGE('',*,*,#2769,.T.);
#1379=ORIENTED_EDGE('',*,*,#2440,.F.);
#1380=ORIENTED_EDGE('',*,*,#2771,.F.);
#1381=ORIENTED_EDGE('',*,*,#2772,.T.);
#1382=ORIENTED_EDGE('',*,*,#2771,.T.);
#1383=ORIENTED_EDGE('',*,*,#2439,.F.);
#1384=ORIENTED_EDGE('',*,*,#2773,.F.);
#1385=ORIENTED_EDGE('',*,*,#2774,.T.);
#1386=ORIENTED_EDGE('',*,*,#2773,.T.);
#1387=ORIENTED_EDGE('',*,*,#2438,.F.);
#1388=ORIENTED_EDGE('',*,*,#2775,.F.);
#1389=ORIENTED_EDGE('',*,*,#2776,.T.);
#1390=ORIENTED_EDGE('',*,*,#2775,.T.);
#1391=ORIENTED_EDGE('',*,*,#2437,.F.);
#1392=ORIENTED_EDGE('',*,*,#2777,.F.);
#1393=ORIENTED_EDGE('',*,*,#2778,.T.);
#1394=ORIENTED_EDGE('',*,*,#2779,.T.);
#1395=ORIENTED_EDGE('',*,*,#2777,.T.);
#1396=ORIENTED_EDGE('',*,*,#2436,.F.);
#1397=ORIENTED_EDGE('',*,*,#2742,.F.);
#1398=ORIENTED_EDGE('',*,*,#2778,.F.);
#1399=ORIENTED_EDGE('',*,*,#2779,.F.);
#1400=ORIENTED_EDGE('',*,*,#2744,.F.);
#1401=ORIENTED_EDGE('',*,*,#2746,.F.);
#1402=ORIENTED_EDGE('',*,*,#2748,.F.);
#1403=ORIENTED_EDGE('',*,*,#2750,.F.);
#1404=ORIENTED_EDGE('',*,*,#2752,.F.);
#1405=ORIENTED_EDGE('',*,*,#2754,.F.);
#1406=ORIENTED_EDGE('',*,*,#2756,.F.);
#1407=ORIENTED_EDGE('',*,*,#2758,.F.);
#1408=ORIENTED_EDGE('',*,*,#2760,.F.);
#1409=ORIENTED_EDGE('',*,*,#2762,.F.);
#1410=ORIENTED_EDGE('',*,*,#2764,.F.);
#1411=ORIENTED_EDGE('',*,*,#2766,.F.);
#1412=ORIENTED_EDGE('',*,*,#2768,.F.);
#1413=ORIENTED_EDGE('',*,*,#2770,.F.);
#1414=ORIENTED_EDGE('',*,*,#2772,.F.);
#1415=ORIENTED_EDGE('',*,*,#2774,.F.);
#1416=ORIENTED_EDGE('',*,*,#2776,.F.);
#1417=ORIENTED_EDGE('',*,*,#2780,.T.);
#1418=ORIENTED_EDGE('',*,*,#2400,.F.);
#1419=ORIENTED_EDGE('',*,*,#2781,.F.);
#1420=ORIENTED_EDGE('',*,*,#2782,.T.);
#1421=ORIENTED_EDGE('',*,*,#2781,.T.);
#1422=ORIENTED_EDGE('',*,*,#2434,.F.);
#1423=ORIENTED_EDGE('',*,*,#2783,.F.);
#1424=ORIENTED_EDGE('',*,*,#2784,.T.);
#1425=ORIENTED_EDGE('',*,*,#2783,.T.);
#1426=ORIENTED_EDGE('',*,*,#2433,.F.);
#1427=ORIENTED_EDGE('',*,*,#2785,.F.);
#1428=ORIENTED_EDGE('',*,*,#2786,.T.);
#1429=ORIENTED_EDGE('',*,*,#2785,.T.);
#1430=ORIENTED_EDGE('',*,*,#2432,.F.);
#1431=ORIENTED_EDGE('',*,*,#2787,.F.);
#1432=ORIENTED_EDGE('',*,*,#2788,.T.);
#1433=ORIENTED_EDGE('',*,*,#2787,.T.);
#1434=ORIENTED_EDGE('',*,*,#2431,.F.);
#1435=ORIENTED_EDGE('',*,*,#2789,.F.);
#1436=ORIENTED_EDGE('',*,*,#2790,.T.);
#1437=ORIENTED_EDGE('',*,*,#2789,.T.);
#1438=ORIENTED_EDGE('',*,*,#2430,.F.);
#1439=ORIENTED_EDGE('',*,*,#2791,.F.);
#1440=ORIENTED_EDGE('',*,*,#2792,.T.);
#1441=ORIENTED_EDGE('',*,*,#2791,.T.);
#1442=ORIENTED_EDGE('',*,*,#2429,.F.);
#1443=ORIENTED_EDGE('',*,*,#2793,.F.);
#1444=ORIENTED_EDGE('',*,*,#2794,.T.);
#1445=ORIENTED_EDGE('',*,*,#2793,.T.);
#1446=ORIENTED_EDGE('',*,*,#2428,.F.);
#1447=ORIENTED_EDGE('',*,*,#2795,.F.);
#1448=ORIENTED_EDGE('',*,*,#2796,.T.);
#1449=ORIENTED_EDGE('',*,*,#2795,.T.);
#1450=ORIENTED_EDGE('',*,*,#2427,.F.);
#1451=ORIENTED_EDGE('',*,*,#2797,.F.);
#1452=ORIENTED_EDGE('',*,*,#2798,.T.);
#1453=ORIENTED_EDGE('',*,*,#2797,.T.);
#1454=ORIENTED_EDGE('',*,*,#2426,.F.);
#1455=ORIENTED_EDGE('',*,*,#2799,.F.);
#1456=ORIENTED_EDGE('',*,*,#2800,.T.);
#1457=ORIENTED_EDGE('',*,*,#2799,.T.);
#1458=ORIENTED_EDGE('',*,*,#2425,.F.);
#1459=ORIENTED_EDGE('',*,*,#2801,.F.);
#1460=ORIENTED_EDGE('',*,*,#2802,.T.);
#1461=ORIENTED_EDGE('',*,*,#2801,.T.);
#1462=ORIENTED_EDGE('',*,*,#2424,.F.);
#1463=ORIENTED_EDGE('',*,*,#2803,.F.);
#1464=ORIENTED_EDGE('',*,*,#2804,.T.);
#1465=ORIENTED_EDGE('',*,*,#2803,.T.);
#1466=ORIENTED_EDGE('',*,*,#2423,.F.);
#1467=ORIENTED_EDGE('',*,*,#2805,.F.);
#1468=ORIENTED_EDGE('',*,*,#2806,.T.);
#1469=ORIENTED_EDGE('',*,*,#2805,.T.);
#1470=ORIENTED_EDGE('',*,*,#2422,.F.);
#1471=ORIENTED_EDGE('',*,*,#2807,.F.);
#1472=ORIENTED_EDGE('',*,*,#2808,.T.);
#1473=ORIENTED_EDGE('',*,*,#2807,.T.);
#1474=ORIENTED_EDGE('',*,*,#2421,.F.);
#1475=ORIENTED_EDGE('',*,*,#2809,.F.);
#1476=ORIENTED_EDGE('',*,*,#2810,.T.);
#1477=ORIENTED_EDGE('',*,*,#2809,.T.);
#1478=ORIENTED_EDGE('',*,*,#2420,.F.);
#1479=ORIENTED_EDGE('',*,*,#2811,.F.);
#1480=ORIENTED_EDGE('',*,*,#2812,.T.);
#1481=ORIENTED_EDGE('',*,*,#2811,.T.);
#1482=ORIENTED_EDGE('',*,*,#2419,.F.);
#1483=ORIENTED_EDGE('',*,*,#2813,.F.);
#1484=ORIENTED_EDGE('',*,*,#2814,.T.);
#1485=ORIENTED_EDGE('',*,*,#2813,.T.);
#1486=ORIENTED_EDGE('',*,*,#2418,.F.);
#1487=ORIENTED_EDGE('',*,*,#2815,.F.);
#1488=ORIENTED_EDGE('',*,*,#2816,.T.);
#1489=ORIENTED_EDGE('',*,*,#2815,.T.);
#1490=ORIENTED_EDGE('',*,*,#2417,.F.);
#1491=ORIENTED_EDGE('',*,*,#2817,.F.);
#1492=ORIENTED_EDGE('',*,*,#2818,.T.);
#1493=ORIENTED_EDGE('',*,*,#2817,.T.);
#1494=ORIENTED_EDGE('',*,*,#2416,.F.);
#1495=ORIENTED_EDGE('',*,*,#2819,.F.);
#1496=ORIENTED_EDGE('',*,*,#2820,.T.);
#1497=ORIENTED_EDGE('',*,*,#2819,.T.);
#1498=ORIENTED_EDGE('',*,*,#2415,.F.);
#1499=ORIENTED_EDGE('',*,*,#2821,.F.);
#1500=ORIENTED_EDGE('',*,*,#2822,.T.);
#1501=ORIENTED_EDGE('',*,*,#2821,.T.);
#1502=ORIENTED_EDGE('',*,*,#2414,.F.);
#1503=ORIENTED_EDGE('',*,*,#2823,.F.);
#1504=ORIENTED_EDGE('',*,*,#2824,.T.);
#1505=ORIENTED_EDGE('',*,*,#2823,.T.);
#1506=ORIENTED_EDGE('',*,*,#2413,.F.);
#1507=ORIENTED_EDGE('',*,*,#2825,.F.);
#1508=ORIENTED_EDGE('',*,*,#2826,.T.);
#1509=ORIENTED_EDGE('',*,*,#2825,.T.);
#1510=ORIENTED_EDGE('',*,*,#2412,.F.);
#1511=ORIENTED_EDGE('',*,*,#2827,.F.);
#1512=ORIENTED_EDGE('',*,*,#2828,.T.);
#1513=ORIENTED_EDGE('',*,*,#2827,.T.);
#1514=ORIENTED_EDGE('',*,*,#2411,.F.);
#1515=ORIENTED_EDGE('',*,*,#2829,.F.);
#1516=ORIENTED_EDGE('',*,*,#2830,.T.);
#1517=ORIENTED_EDGE('',*,*,#2829,.T.);
#1518=ORIENTED_EDGE('',*,*,#2410,.F.);
#1519=ORIENTED_EDGE('',*,*,#2831,.F.);
#1520=ORIENTED_EDGE('',*,*,#2832,.T.);
#1521=ORIENTED_EDGE('',*,*,#2831,.T.);
#1522=ORIENTED_EDGE('',*,*,#2409,.F.);
#1523=ORIENTED_EDGE('',*,*,#2833,.F.);
#1524=ORIENTED_EDGE('',*,*,#2834,.T.);
#1525=ORIENTED_EDGE('',*,*,#2833,.T.);
#1526=ORIENTED_EDGE('',*,*,#2408,.F.);
#1527=ORIENTED_EDGE('',*,*,#2835,.F.);
#1528=ORIENTED_EDGE('',*,*,#2836,.T.);
#1529=ORIENTED_EDGE('',*,*,#2835,.T.);
#1530=ORIENTED_EDGE('',*,*,#2407,.F.);
#1531=ORIENTED_EDGE('',*,*,#2837,.F.);
#1532=ORIENTED_EDGE('',*,*,#2838,.T.);
#1533=ORIENTED_EDGE('',*,*,#2837,.T.);
#1534=ORIENTED_EDGE('',*,*,#2406,.F.);
#1535=ORIENTED_EDGE('',*,*,#2839,.F.);
#1536=ORIENTED_EDGE('',*,*,#2840,.T.);
#1537=ORIENTED_EDGE('',*,*,#2839,.T.);
#1538=ORIENTED_EDGE('',*,*,#2405,.F.);
#1539=ORIENTED_EDGE('',*,*,#2841,.F.);
#1540=ORIENTED_EDGE('',*,*,#2842,.T.);
#1541=ORIENTED_EDGE('',*,*,#2841,.T.);
#1542=ORIENTED_EDGE('',*,*,#2404,.F.);
#1543=ORIENTED_EDGE('',*,*,#2843,.F.);
#1544=ORIENTED_EDGE('',*,*,#2844,.T.);
#1545=ORIENTED_EDGE('',*,*,#2843,.T.);
#1546=ORIENTED_EDGE('',*,*,#2403,.F.);
#1547=ORIENTED_EDGE('',*,*,#2845,.F.);
#1548=ORIENTED_EDGE('',*,*,#2846,.T.);
#1549=ORIENTED_EDGE('',*,*,#2845,.T.);
#1550=ORIENTED_EDGE('',*,*,#2402,.F.);
#1551=ORIENTED_EDGE('',*,*,#2847,.F.);
#1552=ORIENTED_EDGE('',*,*,#2848,.T.);
#1553=ORIENTED_EDGE('',*,*,#2849,.T.);
#1554=ORIENTED_EDGE('',*,*,#2847,.T.);
#1555=ORIENTED_EDGE('',*,*,#2401,.F.);
#1556=ORIENTED_EDGE('',*,*,#2780,.F.);
#1557=ORIENTED_EDGE('',*,*,#2848,.F.);
#1558=ORIENTED_EDGE('',*,*,#2849,.F.);
#1559=ORIENTED_EDGE('',*,*,#2782,.F.);
#1560=ORIENTED_EDGE('',*,*,#2784,.F.);
#1561=ORIENTED_EDGE('',*,*,#2786,.F.);
#1562=ORIENTED_EDGE('',*,*,#2788,.F.);
#1563=ORIENTED_EDGE('',*,*,#2790,.F.);
#1564=ORIENTED_EDGE('',*,*,#2792,.F.);
#1565=ORIENTED_EDGE('',*,*,#2794,.F.);
#1566=ORIENTED_EDGE('',*,*,#2796,.F.);
#1567=ORIENTED_EDGE('',*,*,#2798,.F.);
#1568=ORIENTED_EDGE('',*,*,#2800,.F.);
#1569=ORIENTED_EDGE('',*,*,#2802,.F.);
#1570=ORIENTED_EDGE('',*,*,#2804,.F.);
#1571=ORIENTED_EDGE('',*,*,#2806,.F.);
#1572=ORIENTED_EDGE('',*,*,#2808,.F.);
#1573=ORIENTED_EDGE('',*,*,#2810,.F.);
#1574=ORIENTED_EDGE('',*,*,#2812,.F.);
#1575=ORIENTED_EDGE('',*,*,#2814,.F.);
#1576=ORIENTED_EDGE('',*,*,#2816,.F.);
#1577=ORIENTED_EDGE('',*,*,#2818,.F.);
#1578=ORIENTED_EDGE('',*,*,#2820,.F.);
#1579=ORIENTED_EDGE('',*,*,#2822,.F.);
#1580=ORIENTED_EDGE('',*,*,#2824,.F.);
#1581=ORIENTED_EDGE('',*,*,#2826,.F.);
#1582=ORIENTED_EDGE('',*,*,#2828,.F.);
#1583=ORIENTED_EDGE('',*,*,#2830,.F.);
#1584=ORIENTED_EDGE('',*,*,#2832,.F.);
#1585=ORIENTED_EDGE('',*,*,#2834,.F.);
#1586=ORIENTED_EDGE('',*,*,#2836,.F.);
#1587=ORIENTED_EDGE('',*,*,#2838,.F.);
#1588=ORIENTED_EDGE('',*,*,#2840,.F.);
#1589=ORIENTED_EDGE('',*,*,#2842,.F.);
#1590=ORIENTED_EDGE('',*,*,#2844,.F.);
#1591=ORIENTED_EDGE('',*,*,#2846,.F.);
#1592=ORIENTED_EDGE('',*,*,#2850,.T.);
#1593=ORIENTED_EDGE('',*,*,#2393,.F.);
#1594=ORIENTED_EDGE('',*,*,#2851,.F.);
#1595=ORIENTED_EDGE('',*,*,#2852,.T.);
#1596=ORIENTED_EDGE('',*,*,#2851,.T.);
#1597=ORIENTED_EDGE('',*,*,#2399,.F.);
#1598=ORIENTED_EDGE('',*,*,#2853,.F.);
#1599=ORIENTED_EDGE('',*,*,#2854,.T.);
#1600=ORIENTED_EDGE('',*,*,#2853,.T.);
#1601=ORIENTED_EDGE('',*,*,#2398,.F.);
#1602=ORIENTED_EDGE('',*,*,#2855,.F.);
#1603=ORIENTED_EDGE('',*,*,#2856,.T.);
#1604=ORIENTED_EDGE('',*,*,#2855,.T.);
#1605=ORIENTED_EDGE('',*,*,#2397,.F.);
#1606=ORIENTED_EDGE('',*,*,#2857,.F.);
#1607=ORIENTED_EDGE('',*,*,#2858,.T.);
#1608=ORIENTED_EDGE('',*,*,#2857,.T.);
#1609=ORIENTED_EDGE('',*,*,#2396,.F.);
#1610=ORIENTED_EDGE('',*,*,#2859,.F.);
#1611=ORIENTED_EDGE('',*,*,#2860,.T.);
#1612=ORIENTED_EDGE('',*,*,#2859,.T.);
#1613=ORIENTED_EDGE('',*,*,#2395,.F.);
#1614=ORIENTED_EDGE('',*,*,#2861,.F.);
#1615=ORIENTED_EDGE('',*,*,#2862,.T.);
#1616=ORIENTED_EDGE('',*,*,#2863,.T.);
#1617=ORIENTED_EDGE('',*,*,#2861,.T.);
#1618=ORIENTED_EDGE('',*,*,#2394,.F.);
#1619=ORIENTED_EDGE('',*,*,#2850,.F.);
#1620=ORIENTED_EDGE('',*,*,#2862,.F.);
#1621=ORIENTED_EDGE('',*,*,#2863,.F.);
#1622=ORIENTED_EDGE('',*,*,#2852,.F.);
#1623=ORIENTED_EDGE('',*,*,#2854,.F.);
#1624=ORIENTED_EDGE('',*,*,#2856,.F.);
#1625=ORIENTED_EDGE('',*,*,#2858,.F.);
#1626=ORIENTED_EDGE('',*,*,#2860,.F.);
#1627=ORIENTED_EDGE('',*,*,#2864,.T.);
#1628=ORIENTED_EDGE('',*,*,#2388,.F.);
#1629=ORIENTED_EDGE('',*,*,#2865,.F.);
#1630=ORIENTED_EDGE('',*,*,#2866,.T.);
#1631=ORIENTED_EDGE('',*,*,#2865,.T.);
#1632=ORIENTED_EDGE('',*,*,#2392,.F.);
#1633=ORIENTED_EDGE('',*,*,#2867,.F.);
#1634=ORIENTED_EDGE('',*,*,#2868,.T.);
#1635=ORIENTED_EDGE('',*,*,#2869,.F.);
#1636=ORIENTED_EDGE('',*,*,#2870,.T.);
#1637=ORIENTED_EDGE('',*,*,#2867,.T.);
#1638=ORIENTED_EDGE('',*,*,#2391,.F.);
#1639=ORIENTED_EDGE('',*,*,#2869,.T.);
#1640=ORIENTED_EDGE('',*,*,#2390,.F.);
#1641=ORIENTED_EDGE('',*,*,#2871,.F.);
#1642=ORIENTED_EDGE('',*,*,#2872,.T.);
#1643=ORIENTED_EDGE('',*,*,#2873,.T.);
#1644=ORIENTED_EDGE('',*,*,#2871,.T.);
#1645=ORIENTED_EDGE('',*,*,#2389,.F.);
#1646=ORIENTED_EDGE('',*,*,#2864,.F.);
#1647=ORIENTED_EDGE('',*,*,#2872,.F.);
#1648=ORIENTED_EDGE('',*,*,#2873,.F.);
#1649=ORIENTED_EDGE('',*,*,#2866,.F.);
#1650=ORIENTED_EDGE('',*,*,#2868,.F.);
#1651=ORIENTED_EDGE('',*,*,#2870,.F.);
#1652=ORIENTED_EDGE('',*,*,#2874,.T.);
#1653=ORIENTED_EDGE('',*,*,#2383,.F.);
#1654=ORIENTED_EDGE('',*,*,#2875,.F.);
#1655=ORIENTED_EDGE('',*,*,#2876,.T.);
#1656=ORIENTED_EDGE('',*,*,#2875,.T.);
#1657=ORIENTED_EDGE('',*,*,#2387,.F.);
#1658=ORIENTED_EDGE('',*,*,#2877,.F.);
#1659=ORIENTED_EDGE('',*,*,#2878,.T.);
#1660=ORIENTED_EDGE('',*,*,#2877,.T.);
#1661=ORIENTED_EDGE('',*,*,#2386,.F.);
#1662=ORIENTED_EDGE('',*,*,#2879,.F.);
#1663=ORIENTED_EDGE('',*,*,#2880,.T.);
#1664=ORIENTED_EDGE('',*,*,#2879,.T.);
#1665=ORIENTED_EDGE('',*,*,#2385,.F.);
#1666=ORIENTED_EDGE('',*,*,#2881,.F.);
#1667=ORIENTED_EDGE('',*,*,#2882,.T.);
#1668=ORIENTED_EDGE('',*,*,#2883,.T.);
#1669=ORIENTED_EDGE('',*,*,#2881,.T.);
#1670=ORIENTED_EDGE('',*,*,#2384,.F.);
#1671=ORIENTED_EDGE('',*,*,#2874,.F.);
#1672=ORIENTED_EDGE('',*,*,#2882,.F.);
#1673=ORIENTED_EDGE('',*,*,#2883,.F.);
#1674=ORIENTED_EDGE('',*,*,#2876,.F.);
#1675=ORIENTED_EDGE('',*,*,#2878,.F.);
#1676=ORIENTED_EDGE('',*,*,#2880,.F.);
#1677=ORIENTED_EDGE('',*,*,#2884,.T.);
#1678=ORIENTED_EDGE('',*,*,#2363,.F.);
#1679=ORIENTED_EDGE('',*,*,#2885,.F.);
#1680=ORIENTED_EDGE('',*,*,#2886,.T.);
#1681=ORIENTED_EDGE('',*,*,#2885,.T.);
#1682=ORIENTED_EDGE('',*,*,#2382,.F.);
#1683=ORIENTED_EDGE('',*,*,#2887,.F.);
#1684=ORIENTED_EDGE('',*,*,#2888,.T.);
#1685=ORIENTED_EDGE('',*,*,#2887,.T.);
#1686=ORIENTED_EDGE('',*,*,#2381,.F.);
#1687=ORIENTED_EDGE('',*,*,#2889,.F.);
#1688=ORIENTED_EDGE('',*,*,#2890,.T.);
#1689=ORIENTED_EDGE('',*,*,#2889,.T.);
#1690=ORIENTED_EDGE('',*,*,#2380,.F.);
#1691=ORIENTED_EDGE('',*,*,#2891,.F.);
#1692=ORIENTED_EDGE('',*,*,#2892,.T.);
#1693=ORIENTED_EDGE('',*,*,#2891,.T.);
#1694=ORIENTED_EDGE('',*,*,#2379,.F.);
#1695=ORIENTED_EDGE('',*,*,#2893,.F.);
#1696=ORIENTED_EDGE('',*,*,#2894,.T.);
#1697=ORIENTED_EDGE('',*,*,#2893,.T.);
#1698=ORIENTED_EDGE('',*,*,#2378,.F.);
#1699=ORIENTED_EDGE('',*,*,#2895,.F.);
#1700=ORIENTED_EDGE('',*,*,#2896,.T.);
#1701=ORIENTED_EDGE('',*,*,#2895,.T.);
#1702=ORIENTED_EDGE('',*,*,#2377,.F.);
#1703=ORIENTED_EDGE('',*,*,#2897,.F.);
#1704=ORIENTED_EDGE('',*,*,#2898,.T.);
#1705=ORIENTED_EDGE('',*,*,#2897,.T.);
#1706=ORIENTED_EDGE('',*,*,#2376,.F.);
#1707=ORIENTED_EDGE('',*,*,#2899,.F.);
#1708=ORIENTED_EDGE('',*,*,#2900,.T.);
#1709=ORIENTED_EDGE('',*,*,#2899,.T.);
#1710=ORIENTED_EDGE('',*,*,#2375,.F.);
#1711=ORIENTED_EDGE('',*,*,#2901,.F.);
#1712=ORIENTED_EDGE('',*,*,#2902,.T.);
#1713=ORIENTED_EDGE('',*,*,#2901,.T.);
#1714=ORIENTED_EDGE('',*,*,#2374,.F.);
#1715=ORIENTED_EDGE('',*,*,#2903,.F.);
#1716=ORIENTED_EDGE('',*,*,#2904,.T.);
#1717=ORIENTED_EDGE('',*,*,#2903,.T.);
#1718=ORIENTED_EDGE('',*,*,#2373,.F.);
#1719=ORIENTED_EDGE('',*,*,#2905,.F.);
#1720=ORIENTED_EDGE('',*,*,#2906,.T.);
#1721=ORIENTED_EDGE('',*,*,#2905,.T.);
#1722=ORIENTED_EDGE('',*,*,#2372,.F.);
#1723=ORIENTED_EDGE('',*,*,#2907,.F.);
#1724=ORIENTED_EDGE('',*,*,#2908,.T.);
#1725=ORIENTED_EDGE('',*,*,#2907,.T.);
#1726=ORIENTED_EDGE('',*,*,#2371,.F.);
#1727=ORIENTED_EDGE('',*,*,#2909,.F.);
#1728=ORIENTED_EDGE('',*,*,#2910,.T.);
#1729=ORIENTED_EDGE('',*,*,#2909,.T.);
#1730=ORIENTED_EDGE('',*,*,#2370,.F.);
#1731=ORIENTED_EDGE('',*,*,#2911,.F.);
#1732=ORIENTED_EDGE('',*,*,#2912,.T.);
#1733=ORIENTED_EDGE('',*,*,#2911,.T.);
#1734=ORIENTED_EDGE('',*,*,#2369,.F.);
#1735=ORIENTED_EDGE('',*,*,#2913,.F.);
#1736=ORIENTED_EDGE('',*,*,#2914,.T.);
#1737=ORIENTED_EDGE('',*,*,#2913,.T.);
#1738=ORIENTED_EDGE('',*,*,#2368,.F.);
#1739=ORIENTED_EDGE('',*,*,#2915,.F.);
#1740=ORIENTED_EDGE('',*,*,#2916,.T.);
#1741=ORIENTED_EDGE('',*,*,#2915,.T.);
#1742=ORIENTED_EDGE('',*,*,#2367,.F.);
#1743=ORIENTED_EDGE('',*,*,#2917,.F.);
#1744=ORIENTED_EDGE('',*,*,#2918,.T.);
#1745=ORIENTED_EDGE('',*,*,#2917,.T.);
#1746=ORIENTED_EDGE('',*,*,#2366,.F.);
#1747=ORIENTED_EDGE('',*,*,#2919,.F.);
#1748=ORIENTED_EDGE('',*,*,#2920,.T.);
#1749=ORIENTED_EDGE('',*,*,#2919,.T.);
#1750=ORIENTED_EDGE('',*,*,#2365,.F.);
#1751=ORIENTED_EDGE('',*,*,#2921,.F.);
#1752=ORIENTED_EDGE('',*,*,#2922,.T.);
#1753=ORIENTED_EDGE('',*,*,#2923,.T.);
#1754=ORIENTED_EDGE('',*,*,#2921,.T.);
#1755=ORIENTED_EDGE('',*,*,#2364,.F.);
#1756=ORIENTED_EDGE('',*,*,#2884,.F.);
#1757=ORIENTED_EDGE('',*,*,#2922,.F.);
#1758=ORIENTED_EDGE('',*,*,#2923,.F.);
#1759=ORIENTED_EDGE('',*,*,#2886,.F.);
#1760=ORIENTED_EDGE('',*,*,#2888,.F.);
#1761=ORIENTED_EDGE('',*,*,#2890,.F.);
#1762=ORIENTED_EDGE('',*,*,#2892,.F.);
#1763=ORIENTED_EDGE('',*,*,#2894,.F.);
#1764=ORIENTED_EDGE('',*,*,#2896,.F.);
#1765=ORIENTED_EDGE('',*,*,#2898,.F.);
#1766=ORIENTED_EDGE('',*,*,#2900,.F.);
#1767=ORIENTED_EDGE('',*,*,#2902,.F.);
#1768=ORIENTED_EDGE('',*,*,#2904,.F.);
#1769=ORIENTED_EDGE('',*,*,#2906,.F.);
#1770=ORIENTED_EDGE('',*,*,#2908,.F.);
#1771=ORIENTED_EDGE('',*,*,#2910,.F.);
#1772=ORIENTED_EDGE('',*,*,#2912,.F.);
#1773=ORIENTED_EDGE('',*,*,#2914,.F.);
#1774=ORIENTED_EDGE('',*,*,#2916,.F.);
#1775=ORIENTED_EDGE('',*,*,#2918,.F.);
#1776=ORIENTED_EDGE('',*,*,#2920,.F.);
#1777=ORIENTED_EDGE('',*,*,#2924,.T.);
#1778=ORIENTED_EDGE('',*,*,#2345,.F.);
#1779=ORIENTED_EDGE('',*,*,#2925,.F.);
#1780=ORIENTED_EDGE('',*,*,#2926,.T.);
#1781=ORIENTED_EDGE('',*,*,#2925,.T.);
#1782=ORIENTED_EDGE('',*,*,#2362,.F.);
#1783=ORIENTED_EDGE('',*,*,#2927,.F.);
#1784=ORIENTED_EDGE('',*,*,#2928,.T.);
#1785=ORIENTED_EDGE('',*,*,#2927,.T.);
#1786=ORIENTED_EDGE('',*,*,#2361,.F.);
#1787=ORIENTED_EDGE('',*,*,#2929,.F.);
#1788=ORIENTED_EDGE('',*,*,#2930,.T.);
#1789=ORIENTED_EDGE('',*,*,#2929,.T.);
#1790=ORIENTED_EDGE('',*,*,#2360,.F.);
#1791=ORIENTED_EDGE('',*,*,#2931,.F.);
#1792=ORIENTED_EDGE('',*,*,#2932,.T.);
#1793=ORIENTED_EDGE('',*,*,#2931,.T.);
#1794=ORIENTED_EDGE('',*,*,#2359,.F.);
#1795=ORIENTED_EDGE('',*,*,#2933,.F.);
#1796=ORIENTED_EDGE('',*,*,#2934,.T.);
#1797=ORIENTED_EDGE('',*,*,#2933,.T.);
#1798=ORIENTED_EDGE('',*,*,#2358,.F.);
#1799=ORIENTED_EDGE('',*,*,#2935,.F.);
#1800=ORIENTED_EDGE('',*,*,#2936,.T.);
#1801=ORIENTED_EDGE('',*,*,#2935,.T.);
#1802=ORIENTED_EDGE('',*,*,#2357,.F.);
#1803=ORIENTED_EDGE('',*,*,#2937,.F.);
#1804=ORIENTED_EDGE('',*,*,#2938,.T.);
#1805=ORIENTED_EDGE('',*,*,#2937,.T.);
#1806=ORIENTED_EDGE('',*,*,#2356,.F.);
#1807=ORIENTED_EDGE('',*,*,#2939,.F.);
#1808=ORIENTED_EDGE('',*,*,#2940,.T.);
#1809=ORIENTED_EDGE('',*,*,#2939,.T.);
#1810=ORIENTED_EDGE('',*,*,#2355,.F.);
#1811=ORIENTED_EDGE('',*,*,#2941,.F.);
#1812=ORIENTED_EDGE('',*,*,#2942,.T.);
#1813=ORIENTED_EDGE('',*,*,#2941,.T.);
#1814=ORIENTED_EDGE('',*,*,#2354,.F.);
#1815=ORIENTED_EDGE('',*,*,#2943,.F.);
#1816=ORIENTED_EDGE('',*,*,#2944,.T.);
#1817=ORIENTED_EDGE('',*,*,#2943,.T.);
#1818=ORIENTED_EDGE('',*,*,#2353,.F.);
#1819=ORIENTED_EDGE('',*,*,#2945,.F.);
#1820=ORIENTED_EDGE('',*,*,#2946,.T.);
#1821=ORIENTED_EDGE('',*,*,#2945,.T.);
#1822=ORIENTED_EDGE('',*,*,#2352,.F.);
#1823=ORIENTED_EDGE('',*,*,#2947,.F.);
#1824=ORIENTED_EDGE('',*,*,#2948,.T.);
#1825=ORIENTED_EDGE('',*,*,#2949,.F.);
#1826=ORIENTED_EDGE('',*,*,#2950,.T.);
#1827=ORIENTED_EDGE('',*,*,#2947,.T.);
#1828=ORIENTED_EDGE('',*,*,#2351,.F.);
#1829=ORIENTED_EDGE('',*,*,#2949,.T.);
#1830=ORIENTED_EDGE('',*,*,#2350,.F.);
#1831=ORIENTED_EDGE('',*,*,#2951,.F.);
#1832=ORIENTED_EDGE('',*,*,#2952,.T.);
#1833=ORIENTED_EDGE('',*,*,#2951,.T.);
#1834=ORIENTED_EDGE('',*,*,#2349,.F.);
#1835=ORIENTED_EDGE('',*,*,#2953,.F.);
#1836=ORIENTED_EDGE('',*,*,#2954,.T.);
#1837=ORIENTED_EDGE('',*,*,#2953,.T.);
#1838=ORIENTED_EDGE('',*,*,#2348,.F.);
#1839=ORIENTED_EDGE('',*,*,#2955,.F.);
#1840=ORIENTED_EDGE('',*,*,#2956,.T.);
#1841=ORIENTED_EDGE('',*,*,#2955,.T.);
#1842=ORIENTED_EDGE('',*,*,#2347,.F.);
#1843=ORIENTED_EDGE('',*,*,#2957,.F.);
#1844=ORIENTED_EDGE('',*,*,#2958,.T.);
#1845=ORIENTED_EDGE('',*,*,#2959,.T.);
#1846=ORIENTED_EDGE('',*,*,#2957,.T.);
#1847=ORIENTED_EDGE('',*,*,#2346,.F.);
#1848=ORIENTED_EDGE('',*,*,#2924,.F.);
#1849=ORIENTED_EDGE('',*,*,#2958,.F.);
#1850=ORIENTED_EDGE('',*,*,#2959,.F.);
#1851=ORIENTED_EDGE('',*,*,#2926,.F.);
#1852=ORIENTED_EDGE('',*,*,#2928,.F.);
#1853=ORIENTED_EDGE('',*,*,#2930,.F.);
#1854=ORIENTED_EDGE('',*,*,#2932,.F.);
#1855=ORIENTED_EDGE('',*,*,#2934,.F.);
#1856=ORIENTED_EDGE('',*,*,#2936,.F.);
#1857=ORIENTED_EDGE('',*,*,#2938,.F.);
#1858=ORIENTED_EDGE('',*,*,#2940,.F.);
#1859=ORIENTED_EDGE('',*,*,#2942,.F.);
#1860=ORIENTED_EDGE('',*,*,#2944,.F.);
#1861=ORIENTED_EDGE('',*,*,#2946,.F.);
#1862=ORIENTED_EDGE('',*,*,#2948,.F.);
#1863=ORIENTED_EDGE('',*,*,#2950,.F.);
#1864=ORIENTED_EDGE('',*,*,#2952,.F.);
#1865=ORIENTED_EDGE('',*,*,#2954,.F.);
#1866=ORIENTED_EDGE('',*,*,#2956,.F.);
#1867=ORIENTED_EDGE('',*,*,#2960,.T.);
#1868=ORIENTED_EDGE('',*,*,#2340,.F.);
#1869=ORIENTED_EDGE('',*,*,#2961,.F.);
#1870=ORIENTED_EDGE('',*,*,#2962,.T.);
#1871=ORIENTED_EDGE('',*,*,#2961,.T.);
#1872=ORIENTED_EDGE('',*,*,#2344,.F.);
#1873=ORIENTED_EDGE('',*,*,#2963,.F.);
#1874=ORIENTED_EDGE('',*,*,#2964,.T.);
#1875=ORIENTED_EDGE('',*,*,#2963,.T.);
#1876=ORIENTED_EDGE('',*,*,#2343,.F.);
#1877=ORIENTED_EDGE('',*,*,#2965,.F.);
#1878=ORIENTED_EDGE('',*,*,#2966,.T.);
#1879=ORIENTED_EDGE('',*,*,#2965,.T.);
#1880=ORIENTED_EDGE('',*,*,#2342,.F.);
#1881=ORIENTED_EDGE('',*,*,#2967,.F.);
#1882=ORIENTED_EDGE('',*,*,#2968,.T.);
#1883=ORIENTED_EDGE('',*,*,#2969,.T.);
#1884=ORIENTED_EDGE('',*,*,#2967,.T.);
#1885=ORIENTED_EDGE('',*,*,#2341,.F.);
#1886=ORIENTED_EDGE('',*,*,#2960,.F.);
#1887=ORIENTED_EDGE('',*,*,#2968,.F.);
#1888=ORIENTED_EDGE('',*,*,#2969,.F.);
#1889=ORIENTED_EDGE('',*,*,#2962,.F.);
#1890=ORIENTED_EDGE('',*,*,#2964,.F.);
#1891=ORIENTED_EDGE('',*,*,#2966,.F.);
#1892=ORIENTED_EDGE('',*,*,#2970,.F.);
#1893=ORIENTED_EDGE('',*,*,#2971,.T.);
#1894=ORIENTED_EDGE('',*,*,#2972,.T.);
#1895=ORIENTED_EDGE('',*,*,#2973,.T.);
#1896=ORIENTED_EDGE('',*,*,#2974,.T.);
#1897=ORIENTED_EDGE('',*,*,#2975,.T.);
#1898=ORIENTED_EDGE('',*,*,#2976,.F.);
#1899=ORIENTED_EDGE('',*,*,#2977,.F.);
#1900=ORIENTED_EDGE('',*,*,#2978,.T.);
#1901=ORIENTED_EDGE('',*,*,#2979,.T.);
#1902=ORIENTED_EDGE('',*,*,#2980,.F.);
#1903=ORIENTED_EDGE('',*,*,#2981,.T.);
#1904=ORIENTED_EDGE('',*,*,#2982,.T.);
#1905=ORIENTED_EDGE('',*,*,#2983,.T.);
#1906=ORIENTED_EDGE('',*,*,#2984,.F.);
#1907=ORIENTED_EDGE('',*,*,#2985,.F.);
#1908=ORIENTED_EDGE('',*,*,#2986,.T.);
#1909=ORIENTED_EDGE('',*,*,#2987,.T.);
#1910=ORIENTED_EDGE('',*,*,#2988,.F.);
#1911=ORIENTED_EDGE('',*,*,#2989,.F.);
#1912=ORIENTED_EDGE('',*,*,#2990,.F.);
#1913=ORIENTED_EDGE('',*,*,#2991,.F.);
#1914=ORIENTED_EDGE('',*,*,#2992,.T.);
#1915=ORIENTED_EDGE('',*,*,#2993,.T.);
#1916=ORIENTED_EDGE('',*,*,#2994,.T.);
#1917=ORIENTED_EDGE('',*,*,#2995,.T.);
#1918=ORIENTED_EDGE('',*,*,#2996,.F.);
#1919=ORIENTED_EDGE('',*,*,#2997,.F.);
#1920=ORIENTED_EDGE('',*,*,#2998,.T.);
#1921=ORIENTED_EDGE('',*,*,#2999,.T.);
#1922=ORIENTED_EDGE('',*,*,#3000,.F.);
#1923=ORIENTED_EDGE('',*,*,#3001,.F.);
#1924=ORIENTED_EDGE('',*,*,#3002,.T.);
#1925=ORIENTED_EDGE('',*,*,#3003,.F.);
#1926=ORIENTED_EDGE('',*,*,#3004,.T.);
#1927=ORIENTED_EDGE('',*,*,#3005,.F.);
#1928=ORIENTED_EDGE('',*,*,#3006,.T.);
#1929=ORIENTED_EDGE('',*,*,#3007,.F.);
#1930=ORIENTED_EDGE('',*,*,#3008,.T.);
#1931=ORIENTED_EDGE('',*,*,#3009,.F.);
#1932=ORIENTED_EDGE('',*,*,#2972,.F.);
#1933=ORIENTED_EDGE('',*,*,#3010,.T.);
#1934=ORIENTED_EDGE('',*,*,#3011,.F.);
#1935=ORIENTED_EDGE('',*,*,#3012,.T.);
#1936=ORIENTED_EDGE('',*,*,#2980,.T.);
#1937=ORIENTED_EDGE('',*,*,#3013,.T.);
#1938=ORIENTED_EDGE('',*,*,#3014,.T.);
#1939=ORIENTED_EDGE('',*,*,#3015,.T.);
#1940=ORIENTED_EDGE('',*,*,#2994,.F.);
#1941=ORIENTED_EDGE('',*,*,#3016,.T.);
#1942=ORIENTED_EDGE('',*,*,#2989,.T.);
#1943=ORIENTED_EDGE('',*,*,#3017,.F.);
#1944=ORIENTED_EDGE('',*,*,#3018,.F.);
#1945=ORIENTED_EDGE('',*,*,#3019,.F.);
#1946=ORIENTED_EDGE('',*,*,#3020,.F.);
#1947=ORIENTED_EDGE('',*,*,#3021,.F.);
#1948=ORIENTED_EDGE('',*,*,#3022,.T.);
#1949=ORIENTED_EDGE('',*,*,#3023,.T.);
#1950=ORIENTED_EDGE('',*,*,#2970,.T.);
#1951=ORIENTED_EDGE('',*,*,#3024,.T.);
#1952=ORIENTED_EDGE('',*,*,#3025,.F.);
#1953=ORIENTED_EDGE('',*,*,#3026,.T.);
#1954=ORIENTED_EDGE('',*,*,#2978,.F.);
#1955=ORIENTED_EDGE('',*,*,#3027,.T.);
#1956=ORIENTED_EDGE('',*,*,#3025,.T.);
#1957=ORIENTED_EDGE('',*,*,#3028,.T.);
#1958=ORIENTED_EDGE('',*,*,#3014,.F.);
#1959=ORIENTED_EDGE('',*,*,#3029,.T.);
#1960=ORIENTED_EDGE('',*,*,#3011,.T.);
#1961=ORIENTED_EDGE('',*,*,#3030,.T.);
#1962=ORIENTED_EDGE('',*,*,#3022,.F.);
#1963=ORIENTED_EDGE('',*,*,#3031,.T.);
#1964=ORIENTED_EDGE('',*,*,#3032,.F.);
#1965=ORIENTED_EDGE('',*,*,#3033,.F.);
#1966=ORIENTED_EDGE('',*,*,#3034,.F.);
#1967=ORIENTED_EDGE('',*,*,#3035,.F.);
#1968=ORIENTED_EDGE('',*,*,#3036,.F.);
#1969=ORIENTED_EDGE('',*,*,#2996,.T.);
#1970=ORIENTED_EDGE('',*,*,#3037,.T.);
#1971=ORIENTED_EDGE('',*,*,#2987,.F.);
#1972=ORIENTED_EDGE('',*,*,#3017,.T.);
#1973=ORIENTED_EDGE('',*,*,#2988,.T.);
#1974=ORIENTED_EDGE('',*,*,#3037,.F.);
#1975=ORIENTED_EDGE('',*,*,#2995,.F.);
#1976=ORIENTED_EDGE('',*,*,#2997,.T.);
#1977=ORIENTED_EDGE('',*,*,#3036,.T.);
#1978=ORIENTED_EDGE('',*,*,#2986,.F.);
#1979=ORIENTED_EDGE('',*,*,#3016,.F.);
#1980=ORIENTED_EDGE('',*,*,#3038,.F.);
#1981=ORIENTED_EDGE('',*,*,#3039,.T.);
#1982=ORIENTED_EDGE('',*,*,#3040,.T.);
#1983=ORIENTED_EDGE('',*,*,#3038,.T.);
#1984=ORIENTED_EDGE('',*,*,#3035,.T.);
#1985=ORIENTED_EDGE('',*,*,#3039,.F.);
#1986=ORIENTED_EDGE('',*,*,#3041,.F.);
#1987=ORIENTED_EDGE('',*,*,#3042,.T.);
#1988=ORIENTED_EDGE('',*,*,#3043,.T.);
#1989=ORIENTED_EDGE('',*,*,#3041,.T.);
#1990=ORIENTED_EDGE('',*,*,#3034,.T.);
#1991=ORIENTED_EDGE('',*,*,#3042,.F.);
#1992=ORIENTED_EDGE('',*,*,#3044,.F.);
#1993=ORIENTED_EDGE('',*,*,#3045,.T.);
#1994=ORIENTED_EDGE('',*,*,#3046,.T.);
#1995=ORIENTED_EDGE('',*,*,#3044,.T.);
#1996=ORIENTED_EDGE('',*,*,#3033,.T.);
#1997=ORIENTED_EDGE('',*,*,#3045,.F.);
#1998=ORIENTED_EDGE('',*,*,#3047,.F.);
#1999=ORIENTED_EDGE('',*,*,#3048,.T.);
#2000=ORIENTED_EDGE('',*,*,#3049,.T.);
#2001=ORIENTED_EDGE('',*,*,#3047,.T.);
#2002=ORIENTED_EDGE('',*,*,#3032,.T.);
#2003=ORIENTED_EDGE('',*,*,#3048,.F.);
#2004=ORIENTED_EDGE('',*,*,#3002,.F.);
#2005=ORIENTED_EDGE('',*,*,#3040,.F.);
#2006=ORIENTED_EDGE('',*,*,#3004,.F.);
#2007=ORIENTED_EDGE('',*,*,#3043,.F.);
#2008=ORIENTED_EDGE('',*,*,#3006,.F.);
#2009=ORIENTED_EDGE('',*,*,#3046,.F.);
#2010=ORIENTED_EDGE('',*,*,#3008,.F.);
#2011=ORIENTED_EDGE('',*,*,#3049,.F.);
#2012=ORIENTED_EDGE('',*,*,#3050,.T.);
#2013=ORIENTED_EDGE('',*,*,#3009,.T.);
#2014=ORIENTED_EDGE('',*,*,#3050,.F.);
#2015=ORIENTED_EDGE('',*,*,#3018,.T.);
#2016=ORIENTED_EDGE('',*,*,#3051,.T.);
#2017=ORIENTED_EDGE('',*,*,#3007,.T.);
#2018=ORIENTED_EDGE('',*,*,#3051,.F.);
#2019=ORIENTED_EDGE('',*,*,#3019,.T.);
#2020=ORIENTED_EDGE('',*,*,#3052,.T.);
#2021=ORIENTED_EDGE('',*,*,#3005,.T.);
#2022=ORIENTED_EDGE('',*,*,#3052,.F.);
#2023=ORIENTED_EDGE('',*,*,#3020,.T.);
#2024=ORIENTED_EDGE('',*,*,#3053,.T.);
#2025=ORIENTED_EDGE('',*,*,#3003,.T.);
#2026=ORIENTED_EDGE('',*,*,#3053,.F.);
#2027=ORIENTED_EDGE('',*,*,#3021,.T.);
#2028=ORIENTED_EDGE('',*,*,#3054,.T.);
#2029=ORIENTED_EDGE('',*,*,#2983,.F.);
#2030=ORIENTED_EDGE('',*,*,#3055,.F.);
#2031=ORIENTED_EDGE('',*,*,#2998,.F.);
#2032=ORIENTED_EDGE('',*,*,#3001,.T.);
#2033=ORIENTED_EDGE('',*,*,#3056,.T.);
#2034=ORIENTED_EDGE('',*,*,#2984,.T.);
#2035=ORIENTED_EDGE('',*,*,#3054,.F.);
#2036=ORIENTED_EDGE('',*,*,#3000,.T.);
#2037=ORIENTED_EDGE('',*,*,#3057,.T.);
#2038=ORIENTED_EDGE('',*,*,#2985,.T.);
#2039=ORIENTED_EDGE('',*,*,#3056,.F.);
#2040=ORIENTED_EDGE('',*,*,#3055,.T.);
#2041=ORIENTED_EDGE('',*,*,#2982,.F.);
#2042=ORIENTED_EDGE('',*,*,#3057,.F.);
#2043=ORIENTED_EDGE('',*,*,#2999,.F.);
#2044=ORIENTED_EDGE('',*,*,#3058,.T.);
#2045=ORIENTED_EDGE('',*,*,#2990,.T.);
#2046=ORIENTED_EDGE('',*,*,#3059,.F.);
#2047=ORIENTED_EDGE('',*,*,#2975,.F.);
#2048=ORIENTED_EDGE('',*,*,#2976,.T.);
#2049=ORIENTED_EDGE('',*,*,#3059,.T.);
#2050=ORIENTED_EDGE('',*,*,#2993,.F.);
#2051=ORIENTED_EDGE('',*,*,#3060,.F.);
#2052=ORIENTED_EDGE('',*,*,#2977,.T.);
#2053=ORIENTED_EDGE('',*,*,#3060,.T.);
#2054=ORIENTED_EDGE('',*,*,#2992,.F.);
#2055=ORIENTED_EDGE('',*,*,#3061,.F.);
#2056=ORIENTED_EDGE('',*,*,#3061,.T.);
#2057=ORIENTED_EDGE('',*,*,#2991,.T.);
#2058=ORIENTED_EDGE('',*,*,#3058,.F.);
#2059=ORIENTED_EDGE('',*,*,#2974,.F.);
#2060=ORIENTED_EDGE('',*,*,#3010,.F.);
#2061=ORIENTED_EDGE('',*,*,#2971,.F.);
#2062=ORIENTED_EDGE('',*,*,#3023,.F.);
#2063=ORIENTED_EDGE('',*,*,#3030,.F.);
#2064=ORIENTED_EDGE('',*,*,#3015,.F.);
#2065=ORIENTED_EDGE('',*,*,#3028,.F.);
#2066=ORIENTED_EDGE('',*,*,#3024,.F.);
#2067=ORIENTED_EDGE('',*,*,#2973,.F.);
#2068=ORIENTED_EDGE('',*,*,#3013,.F.);
#2069=ORIENTED_EDGE('',*,*,#2979,.F.);
#2070=ORIENTED_EDGE('',*,*,#3026,.F.);
#2071=ORIENTED_EDGE('',*,*,#3029,.F.);
#2072=ORIENTED_EDGE('',*,*,#3012,.F.);
#2073=ORIENTED_EDGE('',*,*,#3031,.F.);
#2074=ORIENTED_EDGE('',*,*,#3027,.F.);
#2075=ORIENTED_EDGE('',*,*,#2981,.F.);
#2076=ORIENTED_EDGE('',*,*,#3062,.T.);
#2077=ORIENTED_EDGE('',*,*,#3063,.T.);
#2078=ORIENTED_EDGE('',*,*,#3064,.F.);
#2079=ORIENTED_EDGE('',*,*,#3065,.F.);
#2080=ORIENTED_EDGE('',*,*,#3066,.T.);
#2081=ORIENTED_EDGE('',*,*,#3067,.T.);
#2082=ORIENTED_EDGE('',*,*,#3062,.F.);
#2083=ORIENTED_EDGE('',*,*,#3068,.F.);
#2084=ORIENTED_EDGE('',*,*,#3064,.T.);
#2085=ORIENTED_EDGE('',*,*,#3069,.T.);
#2086=ORIENTED_EDGE('',*,*,#3070,.F.);
#2087=ORIENTED_EDGE('',*,*,#3071,.F.);
#2088=ORIENTED_EDGE('',*,*,#3071,.T.);
#2089=ORIENTED_EDGE('',*,*,#3072,.T.);
#2090=ORIENTED_EDGE('',*,*,#3068,.T.);
#2091=ORIENTED_EDGE('',*,*,#3065,.T.);
#2092=ORIENTED_EDGE('',*,*,#3073,.F.);
#2093=ORIENTED_EDGE('',*,*,#3074,.F.);
#2094=ORIENTED_EDGE('',*,*,#3075,.F.);
#2095=ORIENTED_EDGE('',*,*,#3076,.F.);
#2096=ORIENTED_EDGE('',*,*,#3077,.F.);
#2097=ORIENTED_EDGE('',*,*,#3078,.F.);
#2098=ORIENTED_EDGE('',*,*,#3079,.F.);
#2099=ORIENTED_EDGE('',*,*,#3080,.F.);
#2100=ORIENTED_EDGE('',*,*,#3081,.F.);
#2101=ORIENTED_EDGE('',*,*,#3082,.F.);
#2102=ORIENTED_EDGE('',*,*,#3083,.F.);
#2103=ORIENTED_EDGE('',*,*,#3084,.F.);
#2104=ORIENTED_EDGE('',*,*,#3085,.F.);
#2105=ORIENTED_EDGE('',*,*,#3086,.F.);
#2106=ORIENTED_EDGE('',*,*,#3087,.F.);
#2107=ORIENTED_EDGE('',*,*,#3088,.F.);
#2108=ORIENTED_EDGE('',*,*,#3089,.F.);
#2109=ORIENTED_EDGE('',*,*,#3090,.F.);
#2110=ORIENTED_EDGE('',*,*,#3091,.F.);
#2111=ORIENTED_EDGE('',*,*,#3092,.F.);
#2112=ORIENTED_EDGE('',*,*,#3093,.F.);
#2113=ORIENTED_EDGE('',*,*,#3094,.F.);
#2114=ORIENTED_EDGE('',*,*,#3095,.F.);
#2115=ORIENTED_EDGE('',*,*,#3096,.F.);
#2116=ORIENTED_EDGE('',*,*,#3097,.F.);
#2117=ORIENTED_EDGE('',*,*,#3098,.F.);
#2118=ORIENTED_EDGE('',*,*,#3099,.F.);
#2119=ORIENTED_EDGE('',*,*,#3100,.F.);
#2120=ORIENTED_EDGE('',*,*,#3101,.F.);
#2121=ORIENTED_EDGE('',*,*,#3102,.F.);
#2122=ORIENTED_EDGE('',*,*,#3103,.F.);
#2123=ORIENTED_EDGE('',*,*,#3104,.F.);
#2124=ORIENTED_EDGE('',*,*,#3105,.F.);
#2125=ORIENTED_EDGE('',*,*,#3106,.F.);
#2126=ORIENTED_EDGE('',*,*,#3107,.F.);
#2127=ORIENTED_EDGE('',*,*,#3108,.F.);
#2128=ORIENTED_EDGE('',*,*,#3109,.F.);
#2129=ORIENTED_EDGE('',*,*,#3110,.F.);
#2130=ORIENTED_EDGE('',*,*,#3111,.F.);
#2131=ORIENTED_EDGE('',*,*,#3112,.F.);
#2132=ORIENTED_EDGE('',*,*,#3113,.F.);
#2133=ORIENTED_EDGE('',*,*,#3114,.F.);
#2134=ORIENTED_EDGE('',*,*,#3115,.F.);
#2135=ORIENTED_EDGE('',*,*,#3116,.F.);
#2136=ORIENTED_EDGE('',*,*,#3117,.F.);
#2137=ORIENTED_EDGE('',*,*,#3118,.F.);
#2138=ORIENTED_EDGE('',*,*,#3119,.F.);
#2139=ORIENTED_EDGE('',*,*,#3120,.F.);
#2140=ORIENTED_EDGE('',*,*,#3121,.F.);
#2141=ORIENTED_EDGE('',*,*,#3122,.F.);
#2142=ORIENTED_EDGE('',*,*,#3123,.F.);
#2143=ORIENTED_EDGE('',*,*,#3124,.F.);
#2144=ORIENTED_EDGE('',*,*,#3125,.F.);
#2145=ORIENTED_EDGE('',*,*,#3126,.F.);
#2146=ORIENTED_EDGE('',*,*,#3127,.F.);
#2147=ORIENTED_EDGE('',*,*,#3128,.F.);
#2148=ORIENTED_EDGE('',*,*,#3063,.F.);
#2149=ORIENTED_EDGE('',*,*,#3067,.F.);
#2150=ORIENTED_EDGE('',*,*,#3129,.F.);
#2151=ORIENTED_EDGE('',*,*,#3069,.F.);
#2152=ORIENTED_EDGE('',*,*,#3130,.T.);
#2153=ORIENTED_EDGE('',*,*,#3131,.T.);
#2154=ORIENTED_EDGE('',*,*,#3132,.T.);
#2155=ORIENTED_EDGE('',*,*,#3133,.T.);
#2156=ORIENTED_EDGE('',*,*,#3134,.T.);
#2157=ORIENTED_EDGE('',*,*,#3135,.T.);
#2158=ORIENTED_EDGE('',*,*,#3136,.T.);
#2159=ORIENTED_EDGE('',*,*,#3137,.T.);
#2160=ORIENTED_EDGE('',*,*,#3138,.T.);
#2161=ORIENTED_EDGE('',*,*,#3139,.T.);
#2162=ORIENTED_EDGE('',*,*,#3140,.T.);
#2163=ORIENTED_EDGE('',*,*,#3141,.T.);
#2164=ORIENTED_EDGE('',*,*,#3142,.T.);
#2165=ORIENTED_EDGE('',*,*,#3143,.T.);
#2166=ORIENTED_EDGE('',*,*,#3144,.T.);
#2167=ORIENTED_EDGE('',*,*,#3145,.T.);
#2168=ORIENTED_EDGE('',*,*,#3146,.T.);
#2169=ORIENTED_EDGE('',*,*,#3147,.T.);
#2170=ORIENTED_EDGE('',*,*,#3148,.T.);
#2171=ORIENTED_EDGE('',*,*,#3149,.T.);
#2172=ORIENTED_EDGE('',*,*,#3150,.T.);
#2173=ORIENTED_EDGE('',*,*,#3151,.T.);
#2174=ORIENTED_EDGE('',*,*,#3152,.T.);
#2175=ORIENTED_EDGE('',*,*,#3153,.T.);
#2176=ORIENTED_EDGE('',*,*,#3154,.T.);
#2177=ORIENTED_EDGE('',*,*,#3155,.T.);
#2178=ORIENTED_EDGE('',*,*,#3156,.T.);
#2179=ORIENTED_EDGE('',*,*,#3157,.T.);
#2180=ORIENTED_EDGE('',*,*,#3158,.T.);
#2181=ORIENTED_EDGE('',*,*,#3159,.T.);
#2182=ORIENTED_EDGE('',*,*,#3160,.T.);
#2183=ORIENTED_EDGE('',*,*,#3161,.T.);
#2184=ORIENTED_EDGE('',*,*,#3162,.T.);
#2185=ORIENTED_EDGE('',*,*,#3163,.T.);
#2186=ORIENTED_EDGE('',*,*,#3164,.T.);
#2187=ORIENTED_EDGE('',*,*,#3165,.T.);
#2188=ORIENTED_EDGE('',*,*,#3166,.T.);
#2189=ORIENTED_EDGE('',*,*,#3167,.T.);
#2190=ORIENTED_EDGE('',*,*,#3168,.T.);
#2191=ORIENTED_EDGE('',*,*,#3169,.T.);
#2192=ORIENTED_EDGE('',*,*,#3170,.T.);
#2193=ORIENTED_EDGE('',*,*,#3171,.T.);
#2194=ORIENTED_EDGE('',*,*,#3172,.T.);
#2195=ORIENTED_EDGE('',*,*,#3173,.T.);
#2196=ORIENTED_EDGE('',*,*,#3174,.T.);
#2197=ORIENTED_EDGE('',*,*,#3175,.T.);
#2198=ORIENTED_EDGE('',*,*,#3176,.T.);
#2199=ORIENTED_EDGE('',*,*,#3177,.T.);
#2200=ORIENTED_EDGE('',*,*,#3178,.T.);
#2201=ORIENTED_EDGE('',*,*,#3179,.T.);
#2202=ORIENTED_EDGE('',*,*,#3180,.T.);
#2203=ORIENTED_EDGE('',*,*,#3181,.T.);
#2204=ORIENTED_EDGE('',*,*,#3182,.T.);
#2205=ORIENTED_EDGE('',*,*,#3183,.T.);
#2206=ORIENTED_EDGE('',*,*,#3184,.T.);
#2207=ORIENTED_EDGE('',*,*,#3185,.T.);
#2208=ORIENTED_EDGE('',*,*,#3070,.T.);
#2209=ORIENTED_EDGE('',*,*,#3129,.T.);
#2210=ORIENTED_EDGE('',*,*,#3066,.F.);
#2211=ORIENTED_EDGE('',*,*,#3072,.F.);
#2212=ORIENTED_EDGE('',*,*,#3130,.F.);
#2213=ORIENTED_EDGE('',*,*,#3073,.T.);
#2214=ORIENTED_EDGE('',*,*,#3131,.F.);
#2215=ORIENTED_EDGE('',*,*,#3074,.T.);
#2216=ORIENTED_EDGE('',*,*,#3132,.F.);
#2217=ORIENTED_EDGE('',*,*,#3075,.T.);
#2218=ORIENTED_EDGE('',*,*,#3133,.F.);
#2219=ORIENTED_EDGE('',*,*,#3076,.T.);
#2220=ORIENTED_EDGE('',*,*,#3134,.F.);
#2221=ORIENTED_EDGE('',*,*,#3077,.T.);
#2222=ORIENTED_EDGE('',*,*,#3135,.F.);
#2223=ORIENTED_EDGE('',*,*,#3078,.T.);
#2224=ORIENTED_EDGE('',*,*,#3136,.F.);
#2225=ORIENTED_EDGE('',*,*,#3079,.T.);
#2226=ORIENTED_EDGE('',*,*,#3137,.F.);
#2227=ORIENTED_EDGE('',*,*,#3080,.T.);
#2228=ORIENTED_EDGE('',*,*,#3138,.F.);
#2229=ORIENTED_EDGE('',*,*,#3081,.T.);
#2230=ORIENTED_EDGE('',*,*,#3139,.F.);
#2231=ORIENTED_EDGE('',*,*,#3082,.T.);
#2232=ORIENTED_EDGE('',*,*,#3140,.F.);
#2233=ORIENTED_EDGE('',*,*,#3083,.T.);
#2234=ORIENTED_EDGE('',*,*,#3141,.F.);
#2235=ORIENTED_EDGE('',*,*,#3084,.T.);
#2236=ORIENTED_EDGE('',*,*,#3142,.F.);
#2237=ORIENTED_EDGE('',*,*,#3085,.T.);
#2238=ORIENTED_EDGE('',*,*,#3143,.F.);
#2239=ORIENTED_EDGE('',*,*,#3086,.T.);
#2240=ORIENTED_EDGE('',*,*,#3144,.F.);
#2241=ORIENTED_EDGE('',*,*,#3087,.T.);
#2242=ORIENTED_EDGE('',*,*,#3145,.F.);
#2243=ORIENTED_EDGE('',*,*,#3088,.T.);
#2244=ORIENTED_EDGE('',*,*,#3146,.F.);
#2245=ORIENTED_EDGE('',*,*,#3089,.T.);
#2246=ORIENTED_EDGE('',*,*,#3147,.F.);
#2247=ORIENTED_EDGE('',*,*,#3090,.T.);
#2248=ORIENTED_EDGE('',*,*,#3148,.F.);
#2249=ORIENTED_EDGE('',*,*,#3091,.T.);
#2250=ORIENTED_EDGE('',*,*,#3149,.F.);
#2251=ORIENTED_EDGE('',*,*,#3092,.T.);
#2252=ORIENTED_EDGE('',*,*,#3150,.F.);
#2253=ORIENTED_EDGE('',*,*,#3093,.T.);
#2254=ORIENTED_EDGE('',*,*,#3151,.F.);
#2255=ORIENTED_EDGE('',*,*,#3094,.T.);
#2256=ORIENTED_EDGE('',*,*,#3152,.F.);
#2257=ORIENTED_EDGE('',*,*,#3095,.T.);
#2258=ORIENTED_EDGE('',*,*,#3153,.F.);
#2259=ORIENTED_EDGE('',*,*,#3096,.T.);
#2260=ORIENTED_EDGE('',*,*,#3154,.F.);
#2261=ORIENTED_EDGE('',*,*,#3097,.T.);
#2262=ORIENTED_EDGE('',*,*,#3155,.F.);
#2263=ORIENTED_EDGE('',*,*,#3098,.T.);
#2264=ORIENTED_EDGE('',*,*,#3156,.F.);
#2265=ORIENTED_EDGE('',*,*,#3099,.T.);
#2266=ORIENTED_EDGE('',*,*,#3157,.F.);
#2267=ORIENTED_EDGE('',*,*,#3100,.T.);
#2268=ORIENTED_EDGE('',*,*,#3158,.F.);
#2269=ORIENTED_EDGE('',*,*,#3101,.T.);
#2270=ORIENTED_EDGE('',*,*,#3105,.T.);
#2271=ORIENTED_EDGE('',*,*,#3186,.T.);
#2272=ORIENTED_EDGE('',*,*,#3159,.F.);
#2273=ORIENTED_EDGE('',*,*,#3187,.F.);
#2274=ORIENTED_EDGE('',*,*,#3102,.T.);
#2275=ORIENTED_EDGE('',*,*,#3187,.T.);
#2276=ORIENTED_EDGE('',*,*,#3162,.F.);
#2277=ORIENTED_EDGE('',*,*,#3188,.F.);
#2278=ORIENTED_EDGE('',*,*,#3103,.T.);
#2279=ORIENTED_EDGE('',*,*,#3188,.T.);
#2280=ORIENTED_EDGE('',*,*,#3161,.F.);
#2281=ORIENTED_EDGE('',*,*,#3189,.F.);
#2282=ORIENTED_EDGE('',*,*,#3104,.T.);
#2283=ORIENTED_EDGE('',*,*,#3189,.T.);
#2284=ORIENTED_EDGE('',*,*,#3160,.F.);
#2285=ORIENTED_EDGE('',*,*,#3186,.F.);
#2286=ORIENTED_EDGE('',*,*,#3163,.F.);
#2287=ORIENTED_EDGE('',*,*,#3106,.T.);
#2288=ORIENTED_EDGE('',*,*,#3164,.F.);
#2289=ORIENTED_EDGE('',*,*,#3107,.T.);
#2290=ORIENTED_EDGE('',*,*,#3165,.F.);
#2291=ORIENTED_EDGE('',*,*,#3108,.T.);
#2292=ORIENTED_EDGE('',*,*,#3166,.F.);
#2293=ORIENTED_EDGE('',*,*,#3109,.T.);
#2294=ORIENTED_EDGE('',*,*,#3167,.F.);
#2295=ORIENTED_EDGE('',*,*,#3110,.T.);
#2296=ORIENTED_EDGE('',*,*,#3168,.F.);
#2297=ORIENTED_EDGE('',*,*,#3111,.T.);
#2298=ORIENTED_EDGE('',*,*,#3169,.F.);
#2299=ORIENTED_EDGE('',*,*,#3112,.T.);
#2300=ORIENTED_EDGE('',*,*,#3170,.F.);
#2301=ORIENTED_EDGE('',*,*,#3113,.T.);
#2302=ORIENTED_EDGE('',*,*,#3171,.F.);
#2303=ORIENTED_EDGE('',*,*,#3114,.T.);
#2304=ORIENTED_EDGE('',*,*,#3172,.F.);
#2305=ORIENTED_EDGE('',*,*,#3115,.T.);
#2306=ORIENTED_EDGE('',*,*,#3173,.F.);
#2307=ORIENTED_EDGE('',*,*,#3116,.T.);
#2308=ORIENTED_EDGE('',*,*,#3174,.F.);
#2309=ORIENTED_EDGE('',*,*,#3117,.T.);
#2310=ORIENTED_EDGE('',*,*,#3175,.F.);
#2311=ORIENTED_EDGE('',*,*,#3118,.T.);
#2312=ORIENTED_EDGE('',*,*,#3176,.F.);
#2313=ORIENTED_EDGE('',*,*,#3119,.T.);
#2314=ORIENTED_EDGE('',*,*,#3123,.T.);
#2315=ORIENTED_EDGE('',*,*,#3190,.T.);
#2316=ORIENTED_EDGE('',*,*,#3177,.F.);
#2317=ORIENTED_EDGE('',*,*,#3191,.F.);
#2318=ORIENTED_EDGE('',*,*,#3120,.T.);
#2319=ORIENTED_EDGE('',*,*,#3191,.T.);
#2320=ORIENTED_EDGE('',*,*,#3180,.F.);
#2321=ORIENTED_EDGE('',*,*,#3192,.F.);
#2322=ORIENTED_EDGE('',*,*,#3121,.T.);
#2323=ORIENTED_EDGE('',*,*,#3192,.T.);
#2324=ORIENTED_EDGE('',*,*,#3179,.F.);
#2325=ORIENTED_EDGE('',*,*,#3193,.F.);
#2326=ORIENTED_EDGE('',*,*,#3122,.T.);
#2327=ORIENTED_EDGE('',*,*,#3193,.T.);
#2328=ORIENTED_EDGE('',*,*,#3178,.F.);
#2329=ORIENTED_EDGE('',*,*,#3190,.F.);
#2330=ORIENTED_EDGE('',*,*,#3181,.F.);
#2331=ORIENTED_EDGE('',*,*,#3124,.T.);
#2332=ORIENTED_EDGE('',*,*,#3182,.F.);
#2333=ORIENTED_EDGE('',*,*,#3125,.T.);
#2334=ORIENTED_EDGE('',*,*,#3183,.F.);
#2335=ORIENTED_EDGE('',*,*,#3126,.T.);
#2336=ORIENTED_EDGE('',*,*,#3184,.F.);
#2337=ORIENTED_EDGE('',*,*,#3127,.T.);
#2338=ORIENTED_EDGE('',*,*,#3185,.F.);
#2339=ORIENTED_EDGE('',*,*,#3128,.T.);
#2340=EDGE_CURVE('',#3194,#3195,#3812,.T.);
#2341=EDGE_CURVE('',#3195,#3196,#3813,.T.);
#2342=EDGE_CURVE('',#3196,#3197,#3814,.T.);
#2343=EDGE_CURVE('',#3197,#3198,#3815,.T.);
#2344=EDGE_CURVE('',#3198,#3194,#3816,.T.);
#2345=EDGE_CURVE('',#3199,#3200,#242,.F.);
#2346=EDGE_CURVE('',#3200,#3201,#243,.F.);
#2347=EDGE_CURVE('',#3201,#3202,#244,.F.);
#2348=EDGE_CURVE('',#3202,#3203,#245,.F.);
#2349=EDGE_CURVE('',#3203,#3204,#246,.T.);
#2350=EDGE_CURVE('',#3204,#3205,#247,.T.);
#2351=EDGE_CURVE('',#3205,#3206,#3817,.T.);
#2352=EDGE_CURVE('',#3206,#3207,#3818,.T.);
#2353=EDGE_CURVE('',#3207,#3208,#3819,.T.);
#2354=EDGE_CURVE('',#3208,#3209,#248,.T.);
#2355=EDGE_CURVE('',#3209,#3210,#249,.T.);
#2356=EDGE_CURVE('',#3210,#3211,#250,.T.);
#2357=EDGE_CURVE('',#3211,#3212,#230,.T.);
#2358=EDGE_CURVE('',#3212,#3213,#251,.T.);
#2359=EDGE_CURVE('',#3213,#3214,#252,.T.);
#2360=EDGE_CURVE('',#3214,#3215,#3820,.T.);
#2361=EDGE_CURVE('',#3215,#3216,#253,.F.);
#2362=EDGE_CURVE('',#3216,#3199,#254,.F.);
#2363=EDGE_CURVE('',#3217,#3218,#3821,.T.);
#2364=EDGE_CURVE('',#3218,#3219,#3822,.T.);
#2365=EDGE_CURVE('',#3219,#3220,#255,.T.);
#2366=EDGE_CURVE('',#3220,#3221,#256,.T.);
#2367=EDGE_CURVE('',#3221,#3222,#257,.T.);
#2368=EDGE_CURVE('',#3222,#3223,#258,.T.);
#2369=EDGE_CURVE('',#3223,#3224,#259,.T.);
#2370=EDGE_CURVE('',#3224,#3225,#260,.T.);
#2371=EDGE_CURVE('',#3225,#3226,#3823,.T.);
#2372=EDGE_CURVE('',#3226,#3227,#261,.F.);
#2373=EDGE_CURVE('',#3227,#3228,#262,.F.);
#2374=EDGE_CURVE('',#3228,#3229,#263,.F.);
#2375=EDGE_CURVE('',#3229,#3230,#264,.F.);
#2376=EDGE_CURVE('',#3230,#3231,#265,.T.);
#2377=EDGE_CURVE('',#3231,#3232,#266,.F.);
#2378=EDGE_CURVE('',#3232,#3233,#267,.F.);
#2379=EDGE_CURVE('',#3233,#3234,#268,.F.);
#2380=EDGE_CURVE('',#3234,#3235,#269,.T.);
#2381=EDGE_CURVE('',#3235,#3236,#270,.T.);
#2382=EDGE_CURVE('',#3236,#3217,#3824,.T.);
#2383=EDGE_CURVE('',#3237,#3238,#3825,.T.);
#2384=EDGE_CURVE('',#3238,#3239,#3826,.T.);
#2385=EDGE_CURVE('',#3239,#3240,#3827,.T.);
#2386=EDGE_CURVE('',#3240,#3241,#3828,.T.);
#2387=EDGE_CURVE('',#3241,#3237,#3829,.T.);
#2388=EDGE_CURVE('',#3242,#3243,#3830,.T.);
#2389=EDGE_CURVE('',#3243,#3244,#3831,.T.);
#2390=EDGE_CURVE('',#3244,#3245,#3832,.T.);
#2391=EDGE_CURVE('',#3245,#3246,#3833,.T.);
#2392=EDGE_CURVE('',#3246,#3242,#3834,.T.);
#2393=EDGE_CURVE('',#3247,#3248,#271,.T.);
#2394=EDGE_CURVE('',#3248,#3249,#3835,.T.);
#2395=EDGE_CURVE('',#3249,#3250,#272,.F.);
#2396=EDGE_CURVE('',#3250,#3251,#273,.F.);
#2397=EDGE_CURVE('',#3251,#3252,#3836,.T.);
#2398=EDGE_CURVE('',#3252,#3253,#274,.T.);
#2399=EDGE_CURVE('',#3253,#3247,#275,.T.);
#2400=EDGE_CURVE('',#3254,#3255,#276,.T.);
#2401=EDGE_CURVE('',#3255,#3256,#3837,.T.);
#2402=EDGE_CURVE('',#3256,#3257,#277,.T.);
#2403=EDGE_CURVE('',#3257,#3258,#278,.T.);
#2404=EDGE_CURVE('',#3258,#3259,#279,.T.);
#2405=EDGE_CURVE('',#3259,#3260,#280,.T.);
#2406=EDGE_CURVE('',#3260,#3261,#3838,.T.);
#2407=EDGE_CURVE('',#3261,#3262,#281,.F.);
#2408=EDGE_CURVE('',#3262,#3263,#282,.F.);
#2409=EDGE_CURVE('',#3263,#3264,#283,.F.);
#2410=EDGE_CURVE('',#3264,#3265,#284,.F.);
#2411=EDGE_CURVE('',#3265,#3266,#285,.F.);
#2412=EDGE_CURVE('',#3266,#3267,#286,.F.);
#2413=EDGE_CURVE('',#3267,#3268,#3839,.T.);
#2414=EDGE_CURVE('',#3268,#3269,#287,.T.);
#2415=EDGE_CURVE('',#3269,#3270,#288,.T.);
#2416=EDGE_CURVE('',#3270,#3271,#3840,.T.);
#2417=EDGE_CURVE('',#3271,#3272,#289,.T.);
#2418=EDGE_CURVE('',#3272,#3273,#231,.T.);
#2419=EDGE_CURVE('',#3273,#3274,#290,.T.);
#2420=EDGE_CURVE('',#3274,#3275,#291,.T.);
#2421=EDGE_CURVE('',#3275,#3276,#292,.T.);
#2422=EDGE_CURVE('',#3276,#3277,#293,.T.);
#2423=EDGE_CURVE('',#3277,#3278,#294,.T.);
#2424=EDGE_CURVE('',#3278,#3279,#295,.T.);
#2425=EDGE_CURVE('',#3279,#3280,#3841,.T.);
#2426=EDGE_CURVE('',#3280,#3281,#296,.F.);
#2427=EDGE_CURVE('',#3281,#3282,#297,.F.);
#2428=EDGE_CURVE('',#3282,#3283,#298,.F.);
#2429=EDGE_CURVE('',#3283,#3284,#299,.F.);
#2430=EDGE_CURVE('',#3284,#3285,#300,.F.);
#2431=EDGE_CURVE('',#3285,#3286,#301,.F.);
#2432=EDGE_CURVE('',#3286,#3287,#302,.F.);
#2433=EDGE_CURVE('',#3287,#3288,#303,.F.);
#2434=EDGE_CURVE('',#3288,#3254,#304,.T.);
#2435=EDGE_CURVE('',#3289,#3290,#305,.T.);
#2436=EDGE_CURVE('',#3290,#3291,#306,.T.);
#2437=EDGE_CURVE('',#3291,#3292,#232,.T.);
#2438=EDGE_CURVE('',#3292,#3293,#307,.T.);
#2439=EDGE_CURVE('',#3293,#3294,#3842,.T.);
#2440=EDGE_CURVE('',#3294,#3295,#308,.F.);
#2441=EDGE_CURVE('',#3295,#3296,#309,.F.);
#2442=EDGE_CURVE('',#3296,#3297,#310,.F.);
#2443=EDGE_CURVE('',#3297,#3298,#311,.F.);
#2444=EDGE_CURVE('',#3298,#3299,#312,.F.);
#2445=EDGE_CURVE('',#3299,#3300,#313,.F.);
#2446=EDGE_CURVE('',#3300,#3301,#314,.F.);
#2447=EDGE_CURVE('',#3301,#3302,#315,.F.);
#2448=EDGE_CURVE('',#3302,#3303,#316,.F.);
#2449=EDGE_CURVE('',#3303,#3304,#3843,.T.);
#2450=EDGE_CURVE('',#3304,#3305,#3844,.T.);
#2451=EDGE_CURVE('',#3305,#3306,#3845,.T.);
#2452=EDGE_CURVE('',#3306,#3307,#317,.T.);
#2453=EDGE_CURVE('',#3307,#3289,#318,.T.);
#2454=EDGE_CURVE('',#3308,#3309,#3846,.T.);
#2455=EDGE_CURVE('',#3309,#3310,#3847,.T.);
#2456=EDGE_CURVE('',#3310,#3311,#3848,.T.);
#2457=EDGE_CURVE('',#3311,#3312,#3849,.T.);
#2458=EDGE_CURVE('',#3312,#3313,#3850,.T.);
#2459=EDGE_CURVE('',#3313,#3314,#3851,.T.);
#2460=EDGE_CURVE('',#3314,#3308,#3852,.T.);
#2461=EDGE_CURVE('',#3315,#3316,#3853,.T.);
#2462=EDGE_CURVE('',#3316,#3317,#3854,.T.);
#2463=EDGE_CURVE('',#3317,#3318,#3855,.T.);
#2464=EDGE_CURVE('',#3318,#3315,#3856,.T.);
#2465=EDGE_CURVE('',#3319,#3320,#319,.F.);
#2466=EDGE_CURVE('',#3320,#3321,#320,.F.);
#2467=EDGE_CURVE('',#3321,#3322,#321,.F.);
#2468=EDGE_CURVE('',#3322,#3323,#322,.F.);
#2469=EDGE_CURVE('',#3323,#3324,#323,.F.);
#2470=EDGE_CURVE('',#3324,#3325,#324,.F.);
#2471=EDGE_CURVE('',#3325,#3326,#233,.T.);
#2472=EDGE_CURVE('',#3326,#3327,#325,.F.);
#2473=EDGE_CURVE('',#3327,#3328,#326,.F.);
#2474=EDGE_CURVE('',#3328,#3329,#327,.F.);
#2475=EDGE_CURVE('',#3329,#3330,#328,.F.);
#2476=EDGE_CURVE('',#3330,#3331,#329,.F.);
#2477=EDGE_CURVE('',#3331,#3332,#3857,.T.);
#2478=EDGE_CURVE('',#3332,#3333,#330,.T.);
#2479=EDGE_CURVE('',#3333,#3334,#331,.T.);
#2480=EDGE_CURVE('',#3334,#3335,#332,.T.);
#2481=EDGE_CURVE('',#3335,#3336,#333,.T.);
#2482=EDGE_CURVE('',#3336,#3337,#334,.T.);
#2483=EDGE_CURVE('',#3337,#3338,#335,.T.);
#2484=EDGE_CURVE('',#3338,#3339,#336,.T.);
#2485=EDGE_CURVE('',#3339,#3340,#337,.T.);
#2486=EDGE_CURVE('',#3340,#3341,#338,.T.);
#2487=EDGE_CURVE('',#3341,#3342,#339,.T.);
#2488=EDGE_CURVE('',#3342,#3343,#340,.T.);
#2489=EDGE_CURVE('',#3343,#3344,#341,.T.);
#2490=EDGE_CURVE('',#3344,#3319,#3858,.T.);
#2491=EDGE_CURVE('',#3345,#3346,#3859,.T.);
#2492=EDGE_CURVE('',#3346,#3347,#3860,.T.);
#2493=EDGE_CURVE('',#3347,#3348,#3861,.T.);
#2494=EDGE_CURVE('',#3348,#3349,#342,.F.);
#2495=EDGE_CURVE('',#3349,#3350,#343,.F.);
#2496=EDGE_CURVE('',#3350,#3351,#344,.F.);
#2497=EDGE_CURVE('',#3351,#3352,#345,.F.);
#2498=EDGE_CURVE('',#3352,#3353,#346,.F.);
#2499=EDGE_CURVE('',#3353,#3354,#347,.F.);
#2500=EDGE_CURVE('',#3354,#3355,#3862,.T.);
#2501=EDGE_CURVE('',#3355,#3356,#348,.T.);
#2502=EDGE_CURVE('',#3356,#3357,#349,.T.);
#2503=EDGE_CURVE('',#3357,#3358,#350,.T.);
#2504=EDGE_CURVE('',#3358,#3359,#351,.T.);
#2505=EDGE_CURVE('',#3359,#3360,#234,.T.);
#2506=EDGE_CURVE('',#3360,#3361,#235,.T.);
#2507=EDGE_CURVE('',#3361,#3345,#3863,.T.);
#2508=EDGE_CURVE('',#3362,#3363,#3864,.T.);
#2509=EDGE_CURVE('',#3363,#3364,#3865,.T.);
#2510=EDGE_CURVE('',#3364,#3365,#3866,.T.);
#2511=EDGE_CURVE('',#3365,#3362,#3867,.T.);
#2512=EDGE_CURVE('',#3366,#3366,#352,.T.);
#2513=EDGE_CURVE('',#3367,#3368,#3868,.T.);
#2514=EDGE_CURVE('',#3367,#3369,#353,.T.);
#2515=EDGE_CURVE('',#3370,#3369,#3869,.T.);
#2516=EDGE_CURVE('',#3370,#3371,#354,.T.);
#2517=EDGE_CURVE('',#3371,#3372,#3870,.T.);
#2518=EDGE_CURVE('',#3372,#3373,#355,.T.);
#2519=EDGE_CURVE('',#3373,#3374,#3871,.T.);
#2520=EDGE_CURVE('',#3374,#3368,#356,.T.);
#2521=EDGE_CURVE('',#3375,#3376,#3872,.T.);
#2522=EDGE_CURVE('',#3375,#3377,#3873,.T.);
#2523=EDGE_CURVE('',#3377,#3378,#3874,.T.);
#2524=EDGE_CURVE('',#3376,#3378,#3875,.T.);
#2525=EDGE_CURVE('',#3379,#3380,#3876,.T.);
#2526=EDGE_CURVE('',#3379,#3381,#3877,.T.);
#2527=EDGE_CURVE('',#3381,#3382,#3878,.T.);
#2528=EDGE_CURVE('',#3380,#3382,#3879,.T.);
#2529=EDGE_CURVE('',#3383,#3384,#3880,.T.);
#2530=EDGE_CURVE('',#3383,#3385,#3881,.T.);
#2531=EDGE_CURVE('',#3385,#3386,#3882,.T.);
#2532=EDGE_CURVE('',#3384,#3386,#3883,.T.);
#2533=EDGE_CURVE('',#3387,#3388,#3884,.T.);
#2534=EDGE_CURVE('',#3387,#3389,#3885,.T.);
#2535=EDGE_CURVE('',#3389,#3390,#3886,.T.);
#2536=EDGE_CURVE('',#3388,#3390,#3887,.T.);
#2537=EDGE_CURVE('',#3391,#3392,#3888,.T.);
#2538=EDGE_CURVE('',#3391,#3393,#3889,.T.);
#2539=EDGE_CURVE('',#3393,#3394,#3890,.T.);
#2540=EDGE_CURVE('',#3392,#3394,#3891,.T.);
#2541=EDGE_CURVE('',#3395,#3396,#3892,.T.);
#2542=EDGE_CURVE('',#3395,#3397,#3893,.T.);
#2543=EDGE_CURVE('',#3397,#3398,#3894,.T.);
#2544=EDGE_CURVE('',#3396,#3398,#3895,.T.);
#2545=EDGE_CURVE('',#3399,#3400,#3896,.T.);
#2546=EDGE_CURVE('',#3399,#3401,#3897,.T.);
#2547=EDGE_CURVE('',#3401,#3402,#3898,.T.);
#2548=EDGE_CURVE('',#3400,#3402,#3899,.T.);
#2549=EDGE_CURVE('',#3403,#3404,#3900,.T.);
#2550=EDGE_CURVE('',#3404,#3405,#3901,.T.);
#2551=EDGE_CURVE('',#3406,#3405,#3902,.T.);
#2552=EDGE_CURVE('',#3403,#3406,#3903,.T.);
#2553=EDGE_CURVE('',#3407,#3407,#357,.F.);
#2554=EDGE_CURVE('',#3408,#3408,#358,.F.);
#2555=EDGE_CURVE('',#3409,#3409,#359,.F.);
#2556=EDGE_CURVE('',#3410,#3410,#360,.F.);
#2557=EDGE_CURVE('',#3411,#3411,#361,.T.);
#2558=EDGE_CURVE('',#3412,#3413,#3904,.T.);
#2559=EDGE_CURVE('',#3412,#3414,#3905,.T.);
#2560=EDGE_CURVE('',#3414,#3415,#3906,.T.);
#2561=EDGE_CURVE('',#3413,#3415,#3907,.T.);
#2562=EDGE_CURVE('',#3416,#3417,#3908,.T.);
#2563=EDGE_CURVE('',#3416,#3418,#3909,.T.);
#2564=EDGE_CURVE('',#3418,#3419,#3910,.T.);
#2565=EDGE_CURVE('',#3417,#3419,#3911,.T.);
#2566=EDGE_CURVE('',#3420,#3421,#3912,.T.);
#2567=EDGE_CURVE('',#3420,#3422,#3913,.T.);
#2568=EDGE_CURVE('',#3422,#3423,#3914,.T.);
#2569=EDGE_CURVE('',#3421,#3423,#3915,.T.);
#2570=EDGE_CURVE('',#3424,#3425,#3916,.T.);
#2571=EDGE_CURVE('',#3425,#3426,#362,.F.);
#2572=EDGE_CURVE('',#3426,#3427,#3917,.T.);
#2573=EDGE_CURVE('',#3427,#3428,#363,.F.);
#2574=EDGE_CURVE('',#3429,#3428,#3918,.T.);
#2575=EDGE_CURVE('',#3429,#3430,#364,.F.);
#2576=EDGE_CURVE('',#3431,#3430,#3919,.T.);
#2577=EDGE_CURVE('',#3431,#3424,#365,.F.);
#2578=EDGE_CURVE('',#3432,#3433,#3920,.T.);
#2579=EDGE_CURVE('',#3432,#3434,#3921,.T.);
#2580=EDGE_CURVE('',#3434,#3435,#3922,.T.);
#2581=EDGE_CURVE('',#3433,#3435,#3923,.T.);
#2582=EDGE_CURVE('',#3369,#3425,#3924,.T.);
#2583=EDGE_CURVE('',#3424,#3370,#3925,.F.);
#2584=EDGE_CURVE('',#3430,#3372,#3926,.F.);
#2585=EDGE_CURVE('',#3371,#3431,#3927,.T.);
#2586=EDGE_CURVE('',#3428,#3374,#3928,.F.);
#2587=EDGE_CURVE('',#3373,#3429,#3929,.T.);
#2588=EDGE_CURVE('',#3426,#3367,#3930,.F.);
#2589=EDGE_CURVE('',#3368,#3427,#3931,.T.);
#2590=EDGE_CURVE('',#3404,#3433,#3932,.T.);
#2591=EDGE_CURVE('',#3403,#3432,#3933,.T.);
#2592=EDGE_CURVE('',#3406,#3434,#3934,.T.);
#2593=EDGE_CURVE('',#3405,#3435,#3935,.T.);
#2594=EDGE_CURVE('',#3436,#3436,#366,.T.);
#2595=EDGE_CURVE('',#3437,#3437,#367,.T.);
#2596=EDGE_CURVE('',#3438,#3438,#368,.T.);
#2597=EDGE_CURVE('',#3439,#3439,#369,.T.);
#2598=EDGE_CURVE('',#3440,#3440,#370,.T.);
#2599=EDGE_CURVE('',#3441,#3441,#371,.T.);
#2600=EDGE_CURVE('',#3442,#3442,#372,.T.);
#2601=EDGE_CURVE('',#3443,#3443,#373,.T.);
#2602=EDGE_CURVE('',#3444,#3444,#374,.T.);
#2603=EDGE_CURVE('',#3445,#3445,#375,.T.);
#2604=EDGE_CURVE('',#3446,#3446,#376,.T.);
#2605=EDGE_CURVE('',#3447,#3447,#377,.T.);
#2606=EDGE_CURVE('',#3413,#3377,#3936,.T.);
#2607=EDGE_CURVE('',#3412,#3375,#3937,.T.);
#2608=EDGE_CURVE('',#3414,#3376,#3938,.T.);
#2609=EDGE_CURVE('',#3415,#3378,#3939,.T.);
#2610=EDGE_CURVE('',#3400,#3381,#3940,.T.);
#2611=EDGE_CURVE('',#3399,#3379,#3941,.T.);
#2612=EDGE_CURVE('',#3401,#3380,#3942,.T.);
#2613=EDGE_CURVE('',#3402,#3382,#3943,.T.);
#2614=EDGE_CURVE('',#3417,#3385,#3944,.T.);
#2615=EDGE_CURVE('',#3416,#3383,#3945,.T.);
#2616=EDGE_CURVE('',#3418,#3384,#3946,.T.);
#2617=EDGE_CURVE('',#3419,#3386,#3947,.T.);
#2618=EDGE_CURVE('',#3396,#3389,#3948,.T.);
#2619=EDGE_CURVE('',#3395,#3387,#3949,.T.);
#2620=EDGE_CURVE('',#3397,#3388,#3950,.T.);
#2621=EDGE_CURVE('',#3398,#3390,#3951,.T.);
#2622=EDGE_CURVE('',#3421,#3393,#3952,.T.);
#2623=EDGE_CURVE('',#3420,#3391,#3953,.T.);
#2624=EDGE_CURVE('',#3422,#3392,#3954,.T.);
#2625=EDGE_CURVE('',#3423,#3394,#3955,.T.);
#2626=EDGE_CURVE('',#3448,#3363,#3956,.T.);
#2627=EDGE_CURVE('',#3449,#3362,#3957,.T.);
#2628=EDGE_CURVE('',#3449,#3448,#3958,.T.);
#2629=EDGE_CURVE('',#3450,#3365,#3959,.T.);
#2630=EDGE_CURVE('',#3450,#3449,#3960,.T.);
#2631=EDGE_CURVE('',#3451,#3364,#3961,.T.);
#2632=EDGE_CURVE('',#3451,#3450,#3962,.T.);
#2633=EDGE_CURVE('',#3448,#3451,#3963,.F.);
#2634=EDGE_CURVE('',#3452,#3346,#3964,.T.);
#2635=EDGE_CURVE('',#3453,#3345,#3965,.T.);
#2636=EDGE_CURVE('',#3453,#3452,#3966,.T.);
#2637=EDGE_CURVE('',#3454,#3361,#3967,.T.);
#2638=EDGE_CURVE('',#3454,#3453,#3968,.T.);
#2639=EDGE_CURVE('',#3455,#3360,#3969,.T.);
#2640=EDGE_CURVE('',#3455,#3454,#236,.T.);
#2641=EDGE_CURVE('',#3456,#3359,#3970,.T.);
#2642=EDGE_CURVE('',#3456,#3455,#237,.T.);
#2643=EDGE_CURVE('',#3457,#3358,#3971,.T.);
#2644=EDGE_CURVE('',#3457,#3456,#378,.T.);
#2645=EDGE_CURVE('',#3458,#3357,#3972,.T.);
#2646=EDGE_CURVE('',#3458,#3457,#379,.T.);
#2647=EDGE_CURVE('',#3459,#3356,#3973,.T.);
#2648=EDGE_CURVE('',#3459,#3458,#380,.T.);
#2649=EDGE_CURVE('',#3460,#3355,#3974,.T.);
#2650=EDGE_CURVE('',#3460,#3459,#381,.T.);
#2651=EDGE_CURVE('',#3461,#3354,#3975,.T.);
#2652=EDGE_CURVE('',#3461,#3460,#3976,.T.);
#2653=EDGE_CURVE('',#3462,#3353,#3977,.T.);
#2654=EDGE_CURVE('',#3462,#3461,#382,.F.);
#2655=EDGE_CURVE('',#3463,#3352,#3978,.T.);
#2656=EDGE_CURVE('',#3463,#3462,#383,.F.);
#2657=EDGE_CURVE('',#3464,#3351,#3979,.T.);
#2658=EDGE_CURVE('',#3464,#3463,#384,.F.);
#2659=EDGE_CURVE('',#3465,#3350,#3980,.T.);
#2660=EDGE_CURVE('',#3465,#3464,#385,.F.);
#2661=EDGE_CURVE('',#3466,#3349,#3981,.T.);
#2662=EDGE_CURVE('',#3466,#3465,#386,.F.);
#2663=EDGE_CURVE('',#3467,#3348,#3982,.T.);
#2664=EDGE_CURVE('',#3467,#3466,#387,.F.);
#2665=EDGE_CURVE('',#3468,#3347,#3983,.T.);
#2666=EDGE_CURVE('',#3468,#3467,#3984,.T.);
#2667=EDGE_CURVE('',#3452,#3468,#3985,.F.);
#2668=EDGE_CURVE('',#3469,#3320,#3986,.T.);
#2669=EDGE_CURVE('',#3470,#3319,#3987,.T.);
#2670=EDGE_CURVE('',#3470,#3469,#388,.F.);
#2671=EDGE_CURVE('',#3471,#3344,#3988,.T.);
#2672=EDGE_CURVE('',#3471,#3470,#3989,.F.);
#2673=EDGE_CURVE('',#3472,#3343,#3990,.T.);
#2674=EDGE_CURVE('',#3472,#3471,#389,.T.);
#2675=EDGE_CURVE('',#3473,#3342,#3991,.T.);
#2676=EDGE_CURVE('',#3473,#3472,#390,.T.);
#2677=EDGE_CURVE('',#3474,#3341,#3992,.T.);
#2678=EDGE_CURVE('',#3474,#3473,#391,.T.);
#2679=EDGE_CURVE('',#3475,#3340,#3993,.T.);
#2680=EDGE_CURVE('',#3475,#3474,#392,.T.);
#2681=EDGE_CURVE('',#3476,#3339,#3994,.T.);
#2682=EDGE_CURVE('',#3476,#3475,#393,.T.);
#2683=EDGE_CURVE('',#3477,#3338,#3995,.T.);
#2684=EDGE_CURVE('',#3477,#3476,#394,.T.);
#2685=EDGE_CURVE('',#3478,#3337,#3996,.T.);
#2686=EDGE_CURVE('',#3478,#3477,#395,.T.);
#2687=EDGE_CURVE('',#3479,#3336,#3997,.T.);
#2688=EDGE_CURVE('',#3479,#3478,#396,.T.);
#2689=EDGE_CURVE('',#3480,#3335,#3998,.T.);
#2690=EDGE_CURVE('',#3480,#3479,#397,.T.);
#2691=EDGE_CURVE('',#3481,#3334,#3999,.T.);
#2692=EDGE_CURVE('',#3481,#3480,#398,.T.);
#2693=EDGE_CURVE('',#3482,#3333,#4000,.T.);
#2694=EDGE_CURVE('',#3482,#3481,#399,.T.);
#2695=EDGE_CURVE('',#3483,#3332,#4001,.T.);
#2696=EDGE_CURVE('',#3483,#3482,#400,.T.);
#2697=EDGE_CURVE('',#3484,#3331,#4002,.T.);
#2698=EDGE_CURVE('',#3484,#3483,#4003,.F.);
#2699=EDGE_CURVE('',#3485,#3330,#4004,.T.);
#2700=EDGE_CURVE('',#3485,#3484,#401,.F.);
#2701=EDGE_CURVE('',#3486,#3329,#4005,.T.);
#2702=EDGE_CURVE('',#3486,#3485,#402,.F.);
#2703=EDGE_CURVE('',#3487,#3328,#4006,.T.);
#2704=EDGE_CURVE('',#3487,#3486,#403,.F.);
#2705=EDGE_CURVE('',#3488,#3327,#4007,.T.);
#2706=EDGE_CURVE('',#3488,#3487,#404,.F.);
#2707=EDGE_CURVE('',#3489,#3326,#4008,.T.);
#2708=EDGE_CURVE('',#3489,#3488,#405,.F.);
#2709=EDGE_CURVE('',#3490,#3325,#4009,.T.);
#2710=EDGE_CURVE('',#3490,#3489,#238,.T.);
#2711=EDGE_CURVE('',#3491,#3324,#4010,.T.);
#2712=EDGE_CURVE('',#3491,#3490,#406,.F.);
#2713=EDGE_CURVE('',#3492,#3323,#4011,.T.);
#2714=EDGE_CURVE('',#3492,#3491,#407,.F.);
#2715=EDGE_CURVE('',#3493,#3322,#4012,.T.);
#2716=EDGE_CURVE('',#3493,#3492,#408,.F.);
#2717=EDGE_CURVE('',#3494,#3321,#4013,.T.);
#2718=EDGE_CURVE('',#3494,#3493,#409,.F.);
#2719=EDGE_CURVE('',#3469,#3494,#410,.F.);
#2720=EDGE_CURVE('',#3495,#3316,#4014,.T.);
#2721=EDGE_CURVE('',#3496,#3315,#4015,.T.);
#2722=EDGE_CURVE('',#3496,#3495,#4016,.T.);
#2723=EDGE_CURVE('',#3497,#3318,#4017,.T.);
#2724=EDGE_CURVE('',#3497,#3496,#4018,.T.);
#2725=EDGE_CURVE('',#3498,#3317,#4019,.T.);
#2726=EDGE_CURVE('',#3498,#3497,#4020,.F.);
#2727=EDGE_CURVE('',#3495,#3498,#4021,.F.);
#2728=EDGE_CURVE('',#3499,#3309,#4022,.T.);
#2729=EDGE_CURVE('',#3500,#3308,#4023,.T.);
#2730=EDGE_CURVE('',#3500,#3499,#4024,.F.);
#2731=EDGE_CURVE('',#3501,#3314,#4025,.T.);
#2732=EDGE_CURVE('',#3501,#3500,#4026,.T.);
#2733=EDGE_CURVE('',#3502,#3313,#4027,.T.);
#2734=EDGE_CURVE('',#3502,#3501,#4028,.T.);
#2735=EDGE_CURVE('',#3503,#3312,#4029,.T.);
#2736=EDGE_CURVE('',#3503,#3502,#4030,.T.);
#2737=EDGE_CURVE('',#3504,#3311,#4031,.T.);
#2738=EDGE_CURVE('',#3504,#3503,#4032,.T.);
#2739=EDGE_CURVE('',#3505,#3310,#4033,.T.);
#2740=EDGE_CURVE('',#3505,#3504,#4034,.T.);
#2741=EDGE_CURVE('',#3499,#3505,#4035,.T.);
#2742=EDGE_CURVE('',#3506,#3290,#4036,.T.);
#2743=EDGE_CURVE('',#3507,#3289,#4037,.T.);
#2744=EDGE_CURVE('',#3507,#3506,#411,.T.);
#2745=EDGE_CURVE('',#3508,#3307,#4038,.T.);
#2746=EDGE_CURVE('',#3508,#3507,#412,.T.);
#2747=EDGE_CURVE('',#3509,#3306,#4039,.T.);
#2748=EDGE_CURVE('',#3509,#3508,#413,.T.);
#2749=EDGE_CURVE('',#3510,#3305,#4040,.T.);
#2750=EDGE_CURVE('',#3510,#3509,#4041,.T.);
#2751=EDGE_CURVE('',#3511,#3304,#4042,.T.);
#2752=EDGE_CURVE('',#3511,#3510,#4043,.F.);
#2753=EDGE_CURVE('',#3512,#3303,#4044,.T.);
#2754=EDGE_CURVE('',#3512,#3511,#4045,.F.);
#2755=EDGE_CURVE('',#3513,#3302,#4046,.T.);
#2756=EDGE_CURVE('',#3513,#3512,#414,.F.);
#2757=EDGE_CURVE('',#3514,#3301,#4047,.T.);
#2758=EDGE_CURVE('',#3514,#3513,#415,.F.);
#2759=EDGE_CURVE('',#3515,#3300,#4048,.T.);
#2760=EDGE_CURVE('',#3515,#3514,#416,.F.);
#2761=EDGE_CURVE('',#3516,#3299,#4049,.T.);
#2762=EDGE_CURVE('',#3516,#3515,#417,.F.);
#2763=EDGE_CURVE('',#3517,#3298,#4050,.T.);
#2764=EDGE_CURVE('',#3517,#3516,#418,.F.);
#2765=EDGE_CURVE('',#3518,#3297,#4051,.T.);
#2766=EDGE_CURVE('',#3518,#3517,#419,.F.);
#2767=EDGE_CURVE('',#3519,#3296,#4052,.T.);
#2768=EDGE_CURVE('',#3519,#3518,#420,.F.);
#2769=EDGE_CURVE('',#3520,#3295,#4053,.T.);
#2770=EDGE_CURVE('',#3520,#3519,#421,.F.);
#2771=EDGE_CURVE('',#3521,#3294,#4054,.T.);
#2772=EDGE_CURVE('',#3521,#3520,#422,.F.);
#2773=EDGE_CURVE('',#3522,#3293,#4055,.T.);
#2774=EDGE_CURVE('',#3522,#3521,#4056,.F.);
#2775=EDGE_CURVE('',#3523,#3292,#4057,.T.);
#2776=EDGE_CURVE('',#3523,#3522,#423,.T.);
#2777=EDGE_CURVE('',#3524,#3291,#4058,.T.);
#2778=EDGE_CURVE('',#3524,#3523,#239,.T.);
#2779=EDGE_CURVE('',#3506,#3524,#424,.T.);
#2780=EDGE_CURVE('',#3525,#3255,#4059,.T.);
#2781=EDGE_CURVE('',#3526,#3254,#4060,.T.);
#2782=EDGE_CURVE('',#3526,#3525,#425,.T.);
#2783=EDGE_CURVE('',#3527,#3288,#4061,.T.);
#2784=EDGE_CURVE('',#3527,#3526,#426,.T.);
#2785=EDGE_CURVE('',#3528,#3287,#4062,.T.);
#2786=EDGE_CURVE('',#3528,#3527,#427,.F.);
#2787=EDGE_CURVE('',#3529,#3286,#4063,.T.);
#2788=EDGE_CURVE('',#3529,#3528,#428,.F.);
#2789=EDGE_CURVE('',#3530,#3285,#4064,.T.);
#2790=EDGE_CURVE('',#3530,#3529,#429,.F.);
#2791=EDGE_CURVE('',#3531,#3284,#4065,.T.);
#2792=EDGE_CURVE('',#3531,#3530,#430,.F.);
#2793=EDGE_CURVE('',#3532,#3283,#4066,.T.);
#2794=EDGE_CURVE('',#3532,#3531,#431,.F.);
#2795=EDGE_CURVE('',#3533,#3282,#4067,.T.);
#2796=EDGE_CURVE('',#3533,#3532,#432,.F.);
#2797=EDGE_CURVE('',#3534,#3281,#4068,.T.);
#2798=EDGE_CURVE('',#3534,#3533,#433,.F.);
#2799=EDGE_CURVE('',#3535,#3280,#4069,.T.);
#2800=EDGE_CURVE('',#3535,#3534,#434,.F.);
#2801=EDGE_CURVE('',#3536,#3279,#4070,.T.);
#2802=EDGE_CURVE('',#3536,#3535,#4071,.T.);
#2803=EDGE_CURVE('',#3537,#3278,#4072,.T.);
#2804=EDGE_CURVE('',#3537,#3536,#435,.T.);
#2805=EDGE_CURVE('',#3538,#3277,#4073,.T.);
#2806=EDGE_CURVE('',#3538,#3537,#436,.T.);
#2807=EDGE_CURVE('',#3539,#3276,#4074,.T.);
#2808=EDGE_CURVE('',#3539,#3538,#437,.T.);
#2809=EDGE_CURVE('',#3540,#3275,#4075,.T.);
#2810=EDGE_CURVE('',#3540,#3539,#438,.T.);
#2811=EDGE_CURVE('',#3541,#3274,#4076,.T.);
#2812=EDGE_CURVE('',#3541,#3540,#439,.T.);
#2813=EDGE_CURVE('',#3542,#3273,#4077,.T.);
#2814=EDGE_CURVE('',#3542,#3541,#440,.T.);
#2815=EDGE_CURVE('',#3543,#3272,#4078,.T.);
#2816=EDGE_CURVE('',#3543,#3542,#240,.T.);
#2817=EDGE_CURVE('',#3544,#3271,#4079,.T.);
#2818=EDGE_CURVE('',#3544,#3543,#441,.T.);
#2819=EDGE_CURVE('',#3545,#3270,#4080,.T.);
#2820=EDGE_CURVE('',#3545,#3544,#4081,.T.);
#2821=EDGE_CURVE('',#3546,#3269,#4082,.T.);
#2822=EDGE_CURVE('',#3546,#3545,#442,.T.);
#2823=EDGE_CURVE('',#3547,#3268,#4083,.T.);
#2824=EDGE_CURVE('',#3547,#3546,#443,.T.);
#2825=EDGE_CURVE('',#3548,#3267,#4084,.T.);
#2826=EDGE_CURVE('',#3548,#3547,#4085,.T.);
#2827=EDGE_CURVE('',#3549,#3266,#4086,.T.);
#2828=EDGE_CURVE('',#3549,#3548,#444,.F.);
#2829=EDGE_CURVE('',#3550,#3265,#4087,.T.);
#2830=EDGE_CURVE('',#3550,#3549,#445,.F.);
#2831=EDGE_CURVE('',#3551,#3264,#4088,.T.);
#2832=EDGE_CURVE('',#3551,#3550,#446,.F.);
#2833=EDGE_CURVE('',#3552,#3263,#4089,.T.);
#2834=EDGE_CURVE('',#3552,#3551,#447,.F.);
#2835=EDGE_CURVE('',#3553,#3262,#4090,.T.);
#2836=EDGE_CURVE('',#3553,#3552,#448,.F.);
#2837=EDGE_CURVE('',#3554,#3261,#4091,.T.);
#2838=EDGE_CURVE('',#3554,#3553,#449,.F.);
#2839=EDGE_CURVE('',#3555,#3260,#4092,.T.);
#2840=EDGE_CURVE('',#3555,#3554,#4093,.T.);
#2841=EDGE_CURVE('',#3556,#3259,#4094,.T.);
#2842=EDGE_CURVE('',#3556,#3555,#450,.T.);
#2843=EDGE_CURVE('',#3557,#3258,#4095,.T.);
#2844=EDGE_CURVE('',#3557,#3556,#451,.T.);
#2845=EDGE_CURVE('',#3558,#3257,#4096,.T.);
#2846=EDGE_CURVE('',#3558,#3557,#452,.T.);
#2847=EDGE_CURVE('',#3559,#3256,#4097,.T.);
#2848=EDGE_CURVE('',#3559,#3558,#453,.T.);
#2849=EDGE_CURVE('',#3525,#3559,#4098,.F.);
#2850=EDGE_CURVE('',#3560,#3248,#4099,.T.);
#2851=EDGE_CURVE('',#3561,#3247,#4100,.T.);
#2852=EDGE_CURVE('',#3561,#3560,#454,.T.);
#2853=EDGE_CURVE('',#3562,#3253,#4101,.T.);
#2854=EDGE_CURVE('',#3562,#3561,#455,.T.);
#2855=EDGE_CURVE('',#3563,#3252,#4102,.T.);
#2856=EDGE_CURVE('',#3563,#3562,#456,.T.);
#2857=EDGE_CURVE('',#3564,#3251,#4103,.T.);
#2858=EDGE_CURVE('',#3564,#3563,#4104,.F.);
#2859=EDGE_CURVE('',#3565,#3250,#4105,.T.);
#2860=EDGE_CURVE('',#3565,#3564,#457,.F.);
#2861=EDGE_CURVE('',#3566,#3249,#4106,.T.);
#2862=EDGE_CURVE('',#3566,#3565,#458,.F.);
#2863=EDGE_CURVE('',#3560,#3566,#4107,.T.);
#2864=EDGE_CURVE('',#3567,#3243,#4108,.T.);
#2865=EDGE_CURVE('',#3568,#3242,#4109,.T.);
#2866=EDGE_CURVE('',#3568,#3567,#4110,.T.);
#2867=EDGE_CURVE('',#3569,#3246,#4111,.T.);
#2868=EDGE_CURVE('',#3569,#3568,#4112,.T.);
#2869=EDGE_CURVE('',#3570,#3245,#4113,.T.);
#2870=EDGE_CURVE('',#3570,#3569,#4114,.F.);
#2871=EDGE_CURVE('',#3571,#3244,#4115,.T.);
#2872=EDGE_CURVE('',#3571,#3570,#4116,.T.);
#2873=EDGE_CURVE('',#3567,#3571,#4117,.F.);
#2874=EDGE_CURVE('',#3572,#3238,#4118,.T.);
#2875=EDGE_CURVE('',#3573,#3237,#4119,.T.);
#2876=EDGE_CURVE('',#3573,#3572,#4120,.T.);
#2877=EDGE_CURVE('',#3574,#3241,#4121,.T.);
#2878=EDGE_CURVE('',#3574,#3573,#4122,.T.);
#2879=EDGE_CURVE('',#3575,#3240,#4123,.T.);
#2880=EDGE_CURVE('',#3575,#3574,#4124,.T.);
#2881=EDGE_CURVE('',#3576,#3239,#4125,.T.);
#2882=EDGE_CURVE('',#3576,#3575,#4126,.F.);
#2883=EDGE_CURVE('',#3572,#3576,#4127,.F.);
#2884=EDGE_CURVE('',#3577,#3218,#4128,.T.);
#2885=EDGE_CURVE('',#3578,#3217,#4129,.T.);
#2886=EDGE_CURVE('',#3578,#3577,#4130,.F.);
#2887=EDGE_CURVE('',#3579,#3236,#4131,.T.);
#2888=EDGE_CURVE('',#3579,#3578,#4132,.T.);
#2889=EDGE_CURVE('',#3580,#3235,#4133,.T.);
#2890=EDGE_CURVE('',#3580,#3579,#459,.T.);
#2891=EDGE_CURVE('',#3581,#3234,#4134,.T.);
#2892=EDGE_CURVE('',#3581,#3580,#460,.T.);
#2893=EDGE_CURVE('',#3582,#3233,#4135,.T.);
#2894=EDGE_CURVE('',#3582,#3581,#461,.F.);
#2895=EDGE_CURVE('',#3583,#3232,#4136,.T.);
#2896=EDGE_CURVE('',#3583,#3582,#462,.F.);
#2897=EDGE_CURVE('',#3584,#3231,#4137,.T.);
#2898=EDGE_CURVE('',#3584,#3583,#463,.F.);
#2899=EDGE_CURVE('',#3585,#3230,#4138,.T.);
#2900=EDGE_CURVE('',#3585,#3584,#464,.T.);
#2901=EDGE_CURVE('',#3586,#3229,#4139,.T.);
#2902=EDGE_CURVE('',#3586,#3585,#465,.F.);
#2903=EDGE_CURVE('',#3587,#3228,#4140,.T.);
#2904=EDGE_CURVE('',#3587,#3586,#466,.F.);
#2905=EDGE_CURVE('',#3588,#3227,#4141,.T.);
#2906=EDGE_CURVE('',#3588,#3587,#467,.F.);
#2907=EDGE_CURVE('',#3589,#3226,#4142,.T.);
#2908=EDGE_CURVE('',#3589,#3588,#468,.F.);
#2909=EDGE_CURVE('',#3590,#3225,#4143,.T.);
#2910=EDGE_CURVE('',#3590,#3589,#4144,.F.);
#2911=EDGE_CURVE('',#3591,#3224,#4145,.T.);
#2912=EDGE_CURVE('',#3591,#3590,#469,.T.);
#2913=EDGE_CURVE('',#3592,#3223,#4146,.T.);
#2914=EDGE_CURVE('',#3592,#3591,#470,.T.);
#2915=EDGE_CURVE('',#3593,#3222,#4147,.T.);
#2916=EDGE_CURVE('',#3593,#3592,#471,.T.);
#2917=EDGE_CURVE('',#3594,#3221,#4148,.T.);
#2918=EDGE_CURVE('',#3594,#3593,#472,.T.);
#2919=EDGE_CURVE('',#3595,#3220,#4149,.T.);
#2920=EDGE_CURVE('',#3595,#3594,#473,.T.);
#2921=EDGE_CURVE('',#3596,#3219,#4150,.T.);
#2922=EDGE_CURVE('',#3596,#3595,#474,.T.);
#2923=EDGE_CURVE('',#3577,#3596,#4151,.F.);
#2924=EDGE_CURVE('',#3597,#3200,#4152,.T.);
#2925=EDGE_CURVE('',#3598,#3199,#4153,.T.);
#2926=EDGE_CURVE('',#3598,#3597,#475,.F.);
#2927=EDGE_CURVE('',#3599,#3216,#4154,.T.);
#2928=EDGE_CURVE('',#3599,#3598,#476,.F.);
#2929=EDGE_CURVE('',#3600,#3215,#4155,.T.);
#2930=EDGE_CURVE('',#3600,#3599,#477,.F.);
#2931=EDGE_CURVE('',#3601,#3214,#4156,.T.);
#2932=EDGE_CURVE('',#3601,#3600,#4157,.T.);
#2933=EDGE_CURVE('',#3602,#3213,#4158,.T.);
#2934=EDGE_CURVE('',#3602,#3601,#478,.T.);
#2935=EDGE_CURVE('',#3603,#3212,#4159,.T.);
#2936=EDGE_CURVE('',#3603,#3602,#479,.T.);
#2937=EDGE_CURVE('',#3604,#3211,#4160,.T.);
#2938=EDGE_CURVE('',#3604,#3603,#241,.T.);
#2939=EDGE_CURVE('',#3605,#3210,#4161,.T.);
#2940=EDGE_CURVE('',#3605,#3604,#480,.T.);
#2941=EDGE_CURVE('',#3606,#3209,#4162,.T.);
#2942=EDGE_CURVE('',#3606,#3605,#481,.T.);
#2943=EDGE_CURVE('',#3607,#3208,#4163,.T.);
#2944=EDGE_CURVE('',#3607,#3606,#482,.T.);
#2945=EDGE_CURVE('',#3608,#3207,#4164,.T.);
#2946=EDGE_CURVE('',#3608,#3607,#4165,.T.);
#2947=EDGE_CURVE('',#3609,#3206,#4166,.T.);
#2948=EDGE_CURVE('',#3609,#3608,#4167,.T.);
#2949=EDGE_CURVE('',#3610,#3205,#4168,.T.);
#2950=EDGE_CURVE('',#3610,#3609,#4169,.F.);
#2951=EDGE_CURVE('',#3611,#3204,#4170,.T.);
#2952=EDGE_CURVE('',#3611,#3610,#483,.T.);
#2953=EDGE_CURVE('',#3612,#3203,#4171,.T.);
#2954=EDGE_CURVE('',#3612,#3611,#484,.T.);
#2955=EDGE_CURVE('',#3613,#3202,#4172,.T.);
#2956=EDGE_CURVE('',#3613,#3612,#485,.F.);
#2957=EDGE_CURVE('',#3614,#3201,#4173,.T.);
#2958=EDGE_CURVE('',#3614,#3613,#486,.F.);
#2959=EDGE_CURVE('',#3597,#3614,#487,.F.);
#2960=EDGE_CURVE('',#3615,#3195,#4174,.T.);
#2961=EDGE_CURVE('',#3616,#3194,#4175,.T.);
#2962=EDGE_CURVE('',#3616,#3615,#4176,.T.);
#2963=EDGE_CURVE('',#3617,#3198,#4177,.T.);
#2964=EDGE_CURVE('',#3617,#3616,#4178,.T.);
#2965=EDGE_CURVE('',#3618,#3197,#4179,.T.);
#2966=EDGE_CURVE('',#3618,#3617,#4180,.F.);
#2967=EDGE_CURVE('',#3619,#3196,#4181,.T.);
#2968=EDGE_CURVE('',#3619,#3618,#4182,.T.);
#2969=EDGE_CURVE('',#3615,#3619,#4183,.F.);
#2970=EDGE_CURVE('',#3620,#3621,#4184,.T.);
#2971=EDGE_CURVE('',#3620,#3622,#4185,.F.);
#2972=EDGE_CURVE('',#3622,#3623,#4186,.T.);
#2973=EDGE_CURVE('',#3623,#3621,#4187,.T.);
#2974=EDGE_CURVE('',#3624,#3625,#4188,.T.);
#2975=EDGE_CURVE('',#3625,#3626,#4189,.T.);
#2976=EDGE_CURVE('',#3627,#3626,#4190,.T.);
#2977=EDGE_CURVE('',#3624,#3627,#4191,.T.);
#2978=EDGE_CURVE('',#3628,#3629,#4192,.T.);
#2979=EDGE_CURVE('',#3629,#3630,#4193,.F.);
#2980=EDGE_CURVE('',#3631,#3630,#4194,.T.);
#2981=EDGE_CURVE('',#3631,#3628,#4195,.T.);
#2982=EDGE_CURVE('',#3632,#3633,#4196,.T.);
#2983=EDGE_CURVE('',#3633,#3634,#4197,.T.);
#2984=EDGE_CURVE('',#3635,#3634,#4198,.T.);
#2985=EDGE_CURVE('',#3632,#3635,#4199,.T.);
#2986=EDGE_CURVE('',#3636,#3637,#4200,.T.);
#2987=EDGE_CURVE('',#3637,#3638,#4201,.T.);
#2988=EDGE_CURVE('',#3639,#3638,#4202,.T.);
#2989=EDGE_CURVE('',#3636,#3639,#4203,.T.);
#2990=EDGE_CURVE('',#3640,#3641,#4204,.T.);
#2991=EDGE_CURVE('',#3642,#3640,#4205,.T.);
#2992=EDGE_CURVE('',#3642,#3643,#4206,.T.);
#2993=EDGE_CURVE('',#3643,#3641,#4207,.T.);
#2994=EDGE_CURVE('',#3644,#3645,#4208,.T.);
#2995=EDGE_CURVE('',#3645,#3646,#4209,.T.);
#2996=EDGE_CURVE('',#3647,#3646,#4210,.T.);
#2997=EDGE_CURVE('',#3644,#3647,#4211,.T.);
#2998=EDGE_CURVE('',#3648,#3649,#4212,.T.);
#2999=EDGE_CURVE('',#3649,#3650,#4213,.T.);
#3000=EDGE_CURVE('',#3651,#3650,#4214,.T.);
#3001=EDGE_CURVE('',#3648,#3651,#4215,.T.);
#3002=EDGE_CURVE('',#3652,#3652,#488,.T.);
#3003=EDGE_CURVE('',#3653,#3653,#489,.F.);
#3004=EDGE_CURVE('',#3654,#3654,#490,.T.);
#3005=EDGE_CURVE('',#3655,#3655,#491,.F.);
#3006=EDGE_CURVE('',#3656,#3656,#492,.T.);
#3007=EDGE_CURVE('',#3657,#3657,#493,.F.);
#3008=EDGE_CURVE('',#3658,#3658,#494,.T.);
#3009=EDGE_CURVE('',#3659,#3659,#495,.F.);
#3010=EDGE_CURVE('',#3622,#3660,#496,.T.);
#3011=EDGE_CURVE('',#3661,#3660,#4216,.T.);
#3012=EDGE_CURVE('',#3661,#3631,#497,.T.);
#3013=EDGE_CURVE('',#3630,#3662,#498,.T.);
#3014=EDGE_CURVE('',#3662,#3663,#4217,.T.);
#3015=EDGE_CURVE('',#3663,#3623,#499,.T.);
#3016=EDGE_CURVE('',#3644,#3636,#4218,.T.);
#3017=EDGE_CURVE('',#3645,#3639,#4219,.T.);
#3018=EDGE_CURVE('',#3664,#3664,#500,.T.);
#3019=EDGE_CURVE('',#3665,#3665,#501,.T.);
#3020=EDGE_CURVE('',#3666,#3666,#502,.T.);
#3021=EDGE_CURVE('',#3667,#3667,#503,.T.);
#3022=EDGE_CURVE('',#3668,#3669,#4220,.T.);
#3023=EDGE_CURVE('',#3669,#3620,#504,.F.);
#3024=EDGE_CURVE('',#3621,#3670,#505,.F.);
#3025=EDGE_CURVE('',#3671,#3670,#4221,.T.);
#3026=EDGE_CURVE('',#3671,#3629,#506,.F.);
#3027=EDGE_CURVE('',#3628,#3668,#507,.F.);
#3028=EDGE_CURVE('',#3670,#3663,#4222,.F.);
#3029=EDGE_CURVE('',#3662,#3671,#4223,.T.);
#3030=EDGE_CURVE('',#3660,#3669,#4224,.T.);
#3031=EDGE_CURVE('',#3668,#3661,#4225,.F.);
#3032=EDGE_CURVE('',#3672,#3672,#508,.T.);
#3033=EDGE_CURVE('',#3673,#3673,#509,.T.);
#3034=EDGE_CURVE('',#3674,#3674,#510,.T.);
#3035=EDGE_CURVE('',#3675,#3675,#511,.T.);
#3036=EDGE_CURVE('',#3647,#3637,#4226,.T.);
#3037=EDGE_CURVE('',#3646,#3638,#4227,.T.);
#3038=EDGE_CURVE('',#3676,#3676,#512,.T.);
#3039=EDGE_CURVE('',#3677,#3677,#513,.T.);
#3040=EDGE_CURVE('',#3678,#3678,#514,.F.);
#3041=EDGE_CURVE('',#3679,#3679,#515,.T.);
#3042=EDGE_CURVE('',#3680,#3680,#516,.T.);
#3043=EDGE_CURVE('',#3681,#3681,#517,.F.);
#3044=EDGE_CURVE('',#3682,#3682,#518,.T.);
#3045=EDGE_CURVE('',#3683,#3683,#519,.T.);
#3046=EDGE_CURVE('',#3684,#3684,#520,.F.);
#3047=EDGE_CURVE('',#3685,#3685,#521,.T.);
#3048=EDGE_CURVE('',#3686,#3686,#522,.T.);
#3049=EDGE_CURVE('',#3687,#3687,#523,.F.);
#3050=EDGE_CURVE('',#3688,#3688,#524,.T.);
#3051=EDGE_CURVE('',#3689,#3689,#525,.T.);
#3052=EDGE_CURVE('',#3690,#3690,#526,.T.);
#3053=EDGE_CURVE('',#3691,#3691,#527,.T.);
#3054=EDGE_CURVE('',#3648,#3634,#4228,.T.);
#3055=EDGE_CURVE('',#3649,#3633,#4229,.T.);
#3056=EDGE_CURVE('',#3651,#3635,#4230,.T.);
#3057=EDGE_CURVE('',#3650,#3632,#4231,.T.);
#3058=EDGE_CURVE('',#3625,#3640,#4232,.T.);
#3059=EDGE_CURVE('',#3626,#3641,#4233,.T.);
#3060=EDGE_CURVE('',#3627,#3643,#4234,.T.);
#3061=EDGE_CURVE('',#3624,#3642,#4235,.T.);
#3062=EDGE_CURVE('',#3692,#3693,#4236,.F.);
#3063=EDGE_CURVE('',#3693,#3694,#4237,.T.);
#3064=EDGE_CURVE('',#3695,#3694,#4238,.F.);
#3065=EDGE_CURVE('',#3692,#3695,#4239,.F.);
#3066=EDGE_CURVE('',#3696,#3697,#4240,.F.);
#3067=EDGE_CURVE('',#3697,#3693,#4241,.T.);
#3068=EDGE_CURVE('',#3696,#3692,#4242,.F.);
#3069=EDGE_CURVE('',#3694,#3698,#4243,.T.);
#3070=EDGE_CURVE('',#3699,#3698,#4244,.F.);
#3071=EDGE_CURVE('',#3695,#3699,#4245,.T.);
#3072=EDGE_CURVE('',#3699,#3696,#4246,.T.);
#3073=EDGE_CURVE('',#3700,#3700,#528,.T.);
#3074=EDGE_CURVE('',#3701,#3701,#529,.T.);
#3075=EDGE_CURVE('',#3702,#3702,#530,.T.);
#3076=EDGE_CURVE('',#3703,#3703,#531,.T.);
#3077=EDGE_CURVE('',#3704,#3704,#532,.T.);
#3078=EDGE_CURVE('',#3705,#3705,#533,.T.);
#3079=EDGE_CURVE('',#3706,#3706,#534,.T.);
#3080=EDGE_CURVE('',#3707,#3707,#535,.T.);
#3081=EDGE_CURVE('',#3708,#3708,#536,.T.);
#3082=EDGE_CURVE('',#3709,#3709,#537,.T.);
#3083=EDGE_CURVE('',#3710,#3710,#538,.T.);
#3084=EDGE_CURVE('',#3711,#3711,#539,.T.);
#3085=EDGE_CURVE('',#3712,#3712,#540,.T.);
#3086=EDGE_CURVE('',#3713,#3713,#541,.T.);
#3087=EDGE_CURVE('',#3714,#3714,#542,.T.);
#3088=EDGE_CURVE('',#3715,#3715,#543,.T.);
#3089=EDGE_CURVE('',#3716,#3716,#544,.T.);
#3090=EDGE_CURVE('',#3717,#3717,#545,.T.);
#3091=EDGE_CURVE('',#3718,#3718,#546,.T.);
#3092=EDGE_CURVE('',#3719,#3719,#547,.T.);
#3093=EDGE_CURVE('',#3720,#3720,#548,.T.);
#3094=EDGE_CURVE('',#3721,#3721,#549,.T.);
#3095=EDGE_CURVE('',#3722,#3722,#550,.T.);
#3096=EDGE_CURVE('',#3723,#3723,#551,.T.);
#3097=EDGE_CURVE('',#3724,#3724,#552,.T.);
#3098=EDGE_CURVE('',#3725,#3725,#553,.T.);
#3099=EDGE_CURVE('',#3726,#3726,#554,.T.);
#3100=EDGE_CURVE('',#3727,#3727,#555,.T.);
#3101=EDGE_CURVE('',#3728,#3728,#556,.T.);
#3102=EDGE_CURVE('',#3729,#3730,#4247,.F.);
#3103=EDGE_CURVE('',#3731,#3729,#557,.T.);
#3104=EDGE_CURVE('',#3732,#3731,#4248,.F.);
#3105=EDGE_CURVE('',#3730,#3732,#558,.T.);
#3106=EDGE_CURVE('',#3733,#3733,#559,.T.);
#3107=EDGE_CURVE('',#3734,#3734,#560,.T.);
#3108=EDGE_CURVE('',#3735,#3735,#561,.T.);
#3109=EDGE_CURVE('',#3736,#3736,#562,.T.);
#3110=EDGE_CURVE('',#3737,#3737,#563,.T.);
#3111=EDGE_CURVE('',#3738,#3738,#564,.T.);
#3112=EDGE_CURVE('',#3739,#3739,#565,.T.);
#3113=EDGE_CURVE('',#3740,#3740,#566,.T.);
#3114=EDGE_CURVE('',#3741,#3741,#567,.T.);
#3115=EDGE_CURVE('',#3742,#3742,#568,.T.);
#3116=EDGE_CURVE('',#3743,#3743,#569,.T.);
#3117=EDGE_CURVE('',#3744,#3744,#570,.T.);
#3118=EDGE_CURVE('',#3745,#3745,#571,.T.);
#3119=EDGE_CURVE('',#3746,#3746,#572,.T.);
#3120=EDGE_CURVE('',#3747,#3748,#4249,.F.);
#3121=EDGE_CURVE('',#3749,#3747,#573,.T.);
#3122=EDGE_CURVE('',#3750,#3749,#4250,.F.);
#3123=EDGE_CURVE('',#3748,#3750,#574,.T.);
#3124=EDGE_CURVE('',#3751,#3751,#575,.T.);
#3125=EDGE_CURVE('',#3752,#3752,#576,.T.);
#3126=EDGE_CURVE('',#3753,#3753,#577,.T.);
#3127=EDGE_CURVE('',#3754,#3754,#578,.T.);
#3128=EDGE_CURVE('',#3755,#3755,#579,.T.);
#3129=EDGE_CURVE('',#3698,#3697,#4251,.T.);
#3130=EDGE_CURVE('',#3756,#3756,#580,.T.);
#3131=EDGE_CURVE('',#3757,#3757,#581,.T.);
#3132=EDGE_CURVE('',#3758,#3758,#582,.T.);
#3133=EDGE_CURVE('',#3759,#3759,#583,.T.);
#3134=EDGE_CURVE('',#3760,#3760,#584,.T.);
#3135=EDGE_CURVE('',#3761,#3761,#585,.T.);
#3136=EDGE_CURVE('',#3762,#3762,#586,.T.);
#3137=EDGE_CURVE('',#3763,#3763,#587,.T.);
#3138=EDGE_CURVE('',#3764,#3764,#588,.T.);
#3139=EDGE_CURVE('',#3765,#3765,#589,.T.);
#3140=EDGE_CURVE('',#3766,#3766,#590,.T.);
#3141=EDGE_CURVE('',#3767,#3767,#591,.T.);
#3142=EDGE_CURVE('',#3768,#3768,#592,.T.);
#3143=EDGE_CURVE('',#3769,#3769,#593,.T.);
#3144=EDGE_CURVE('',#3770,#3770,#594,.T.);
#3145=EDGE_CURVE('',#3771,#3771,#595,.T.);
#3146=EDGE_CURVE('',#3772,#3772,#596,.T.);
#3147=EDGE_CURVE('',#3773,#3773,#597,.T.);
#3148=EDGE_CURVE('',#3774,#3774,#598,.T.);
#3149=EDGE_CURVE('',#3775,#3775,#599,.T.);
#3150=EDGE_CURVE('',#3776,#3776,#600,.T.);
#3151=EDGE_CURVE('',#3777,#3777,#601,.T.);
#3152=EDGE_CURVE('',#3778,#3778,#602,.T.);
#3153=EDGE_CURVE('',#3779,#3779,#603,.T.);
#3154=EDGE_CURVE('',#3780,#3780,#604,.T.);
#3155=EDGE_CURVE('',#3781,#3781,#605,.T.);
#3156=EDGE_CURVE('',#3782,#3782,#606,.T.);
#3157=EDGE_CURVE('',#3783,#3783,#607,.T.);
#3158=EDGE_CURVE('',#3784,#3784,#608,.T.);
#3159=EDGE_CURVE('',#3785,#3786,#609,.T.);
#3160=EDGE_CURVE('',#3786,#3787,#4252,.T.);
#3161=EDGE_CURVE('',#3787,#3788,#610,.T.);
#3162=EDGE_CURVE('',#3788,#3785,#4253,.F.);
#3163=EDGE_CURVE('',#3789,#3789,#611,.T.);
#3164=EDGE_CURVE('',#3790,#3790,#612,.T.);
#3165=EDGE_CURVE('',#3791,#3791,#613,.T.);
#3166=EDGE_CURVE('',#3792,#3792,#614,.T.);
#3167=EDGE_CURVE('',#3793,#3793,#615,.T.);
#3168=EDGE_CURVE('',#3794,#3794,#616,.T.);
#3169=EDGE_CURVE('',#3795,#3795,#617,.T.);
#3170=EDGE_CURVE('',#3796,#3796,#618,.T.);
#3171=EDGE_CURVE('',#3797,#3797,#619,.T.);
#3172=EDGE_CURVE('',#3798,#3798,#620,.T.);
#3173=EDGE_CURVE('',#3799,#3799,#621,.T.);
#3174=EDGE_CURVE('',#3800,#3800,#622,.T.);
#3175=EDGE_CURVE('',#3801,#3801,#623,.T.);
#3176=EDGE_CURVE('',#3802,#3802,#624,.T.);
#3177=EDGE_CURVE('',#3803,#3804,#625,.T.);
#3178=EDGE_CURVE('',#3804,#3805,#4254,.T.);
#3179=EDGE_CURVE('',#3805,#3806,#626,.T.);
#3180=EDGE_CURVE('',#3806,#3803,#4255,.F.);
#3181=EDGE_CURVE('',#3807,#3807,#627,.T.);
#3182=EDGE_CURVE('',#3808,#3808,#628,.T.);
#3183=EDGE_CURVE('',#3809,#3809,#629,.T.);
#3184=EDGE_CURVE('',#3810,#3810,#630,.T.);
#3185=EDGE_CURVE('',#3811,#3811,#631,.T.);
#3186=EDGE_CURVE('',#3732,#3786,#4256,.F.);
#3187=EDGE_CURVE('',#3730,#3785,#4257,.F.);
#3188=EDGE_CURVE('',#3729,#3788,#4258,.F.);
#3189=EDGE_CURVE('',#3731,#3787,#4259,.F.);
#3190=EDGE_CURVE('',#3750,#3804,#4260,.F.);
#3191=EDGE_CURVE('',#3748,#3803,#4261,.F.);
#3192=EDGE_CURVE('',#3747,#3806,#4262,.F.);
#3193=EDGE_CURVE('',#3749,#3805,#4263,.F.);
#3194=VERTEX_POINT('',#9085);
#3195=VERTEX_POINT('',#9086);
#3196=VERTEX_POINT('',#9088);
#3197=VERTEX_POINT('',#9090);
#3198=VERTEX_POINT('',#9092);
#3199=VERTEX_POINT('',#9095);
#3200=VERTEX_POINT('',#9096);
#3201=VERTEX_POINT('',#9098);
#3202=VERTEX_POINT('',#9100);
#3203=VERTEX_POINT('',#9102);
#3204=VERTEX_POINT('',#9104);
#3205=VERTEX_POINT('',#9106);
#3206=VERTEX_POINT('',#9108);
#3207=VERTEX_POINT('',#9110);
#3208=VERTEX_POINT('',#9112);
#3209=VERTEX_POINT('',#9114);
#3210=VERTEX_POINT('',#9116);
#3211=VERTEX_POINT('',#9118);
#3212=VERTEX_POINT('',#9122);
#3213=VERTEX_POINT('',#9124);
#3214=VERTEX_POINT('',#9126);
#3215=VERTEX_POINT('',#9128);
#3216=VERTEX_POINT('',#9130);
#3217=VERTEX_POINT('',#9133);
#3218=VERTEX_POINT('',#9134);
#3219=VERTEX_POINT('',#9136);
#3220=VERTEX_POINT('',#9138);
#3221=VERTEX_POINT('',#9140);
#3222=VERTEX_POINT('',#9142);
#3223=VERTEX_POINT('',#9144);
#3224=VERTEX_POINT('',#9146);
#3225=VERTEX_POINT('',#9148);
#3226=VERTEX_POINT('',#9150);
#3227=VERTEX_POINT('',#9152);
#3228=VERTEX_POINT('',#9154);
#3229=VERTEX_POINT('',#9156);
#3230=VERTEX_POINT('',#9158);
#3231=VERTEX_POINT('',#9160);
#3232=VERTEX_POINT('',#9162);
#3233=VERTEX_POINT('',#9164);
#3234=VERTEX_POINT('',#9166);
#3235=VERTEX_POINT('',#9168);
#3236=VERTEX_POINT('',#9170);
#3237=VERTEX_POINT('',#9173);
#3238=VERTEX_POINT('',#9174);
#3239=VERTEX_POINT('',#9176);
#3240=VERTEX_POINT('',#9178);
#3241=VERTEX_POINT('',#9180);
#3242=VERTEX_POINT('',#9183);
#3243=VERTEX_POINT('',#9184);
#3244=VERTEX_POINT('',#9186);
#3245=VERTEX_POINT('',#9188);
#3246=VERTEX_POINT('',#9190);
#3247=VERTEX_POINT('',#9193);
#3248=VERTEX_POINT('',#9194);
#3249=VERTEX_POINT('',#9196);
#3250=VERTEX_POINT('',#9198);
#3251=VERTEX_POINT('',#9200);
#3252=VERTEX_POINT('',#9202);
#3253=VERTEX_POINT('',#9204);
#3254=VERTEX_POINT('',#9207);
#3255=VERTEX_POINT('',#9208);
#3256=VERTEX_POINT('',#9210);
#3257=VERTEX_POINT('',#9212);
#3258=VERTEX_POINT('',#9214);
#3259=VERTEX_POINT('',#9216);
#3260=VERTEX_POINT('',#9218);
#3261=VERTEX_POINT('',#9220);
#3262=VERTEX_POINT('',#9222);
#3263=VERTEX_POINT('',#9224);
#3264=VERTEX_POINT('',#9226);
#3265=VERTEX_POINT('',#9228);
#3266=VERTEX_POINT('',#9230);
#3267=VERTEX_POINT('',#9232);
#3268=VERTEX_POINT('',#9234);
#3269=VERTEX_POINT('',#9236);
#3270=VERTEX_POINT('',#9238);
#3271=VERTEX_POINT('',#9240);
#3272=VERTEX_POINT('',#9242);
#3273=VERTEX_POINT('',#9246);
#3274=VERTEX_POINT('',#9248);
#3275=VERTEX_POINT('',#9250);
#3276=VERTEX_POINT('',#9252);
#3277=VERTEX_POINT('',#9254);
#3278=VERTEX_POINT('',#9256);
#3279=VERTEX_POINT('',#9258);
#3280=VERTEX_POINT('',#9260);
#3281=VERTEX_POINT('',#9262);
#3282=VERTEX_POINT('',#9264);
#3283=VERTEX_POINT('',#9266);
#3284=VERTEX_POINT('',#9268);
#3285=VERTEX_POINT('',#9270);
#3286=VERTEX_POINT('',#9272);
#3287=VERTEX_POINT('',#9274);
#3288=VERTEX_POINT('',#9276);
#3289=VERTEX_POINT('',#9279);
#3290=VERTEX_POINT('',#9280);
#3291=VERTEX_POINT('',#9282);
#3292=VERTEX_POINT('',#9286);
#3293=VERTEX_POINT('',#9288);
#3294=VERTEX_POINT('',#9290);
#3295=VERTEX_POINT('',#9292);
#3296=VERTEX_POINT('',#9294);
#3297=VERTEX_POINT('',#9296);
#3298=VERTEX_POINT('',#9298);
#3299=VERTEX_POINT('',#9300);
#3300=VERTEX_POINT('',#9302);
#3301=VERTEX_POINT('',#9304);
#3302=VERTEX_POINT('',#9306);
#3303=VERTEX_POINT('',#9308);
#3304=VERTEX_POINT('',#9310);
#3305=VERTEX_POINT('',#9312);
#3306=VERTEX_POINT('',#9314);
#3307=VERTEX_POINT('',#9316);
#3308=VERTEX_POINT('',#9319);
#3309=VERTEX_POINT('',#9320);
#3310=VERTEX_POINT('',#9322);
#3311=VERTEX_POINT('',#9324);
#3312=VERTEX_POINT('',#9326);
#3313=VERTEX_POINT('',#9328);
#3314=VERTEX_POINT('',#9330);
#3315=VERTEX_POINT('',#9333);
#3316=VERTEX_POINT('',#9334);
#3317=VERTEX_POINT('',#9336);
#3318=VERTEX_POINT('',#9338);
#3319=VERTEX_POINT('',#9341);
#3320=VERTEX_POINT('',#9342);
#3321=VERTEX_POINT('',#9344);
#3322=VERTEX_POINT('',#9346);
#3323=VERTEX_POINT('',#9348);
#3324=VERTEX_POINT('',#9350);
#3325=VERTEX_POINT('',#9352);
#3326=VERTEX_POINT('',#9356);
#3327=VERTEX_POINT('',#9358);
#3328=VERTEX_POINT('',#9360);
#3329=VERTEX_POINT('',#9362);
#3330=VERTEX_POINT('',#9364);
#3331=VERTEX_POINT('',#9366);
#3332=VERTEX_POINT('',#9368);
#3333=VERTEX_POINT('',#9370);
#3334=VERTEX_POINT('',#9372);
#3335=VERTEX_POINT('',#9374);
#3336=VERTEX_POINT('',#9376);
#3337=VERTEX_POINT('',#9378);
#3338=VERTEX_POINT('',#9380);
#3339=VERTEX_POINT('',#9382);
#3340=VERTEX_POINT('',#9384);
#3341=VERTEX_POINT('',#9386);
#3342=VERTEX_POINT('',#9388);
#3343=VERTEX_POINT('',#9390);
#3344=VERTEX_POINT('',#9392);
#3345=VERTEX_POINT('',#9395);
#3346=VERTEX_POINT('',#9396);
#3347=VERTEX_POINT('',#9398);
#3348=VERTEX_POINT('',#9400);
#3349=VERTEX_POINT('',#9402);
#3350=VERTEX_POINT('',#9404);
#3351=VERTEX_POINT('',#9406);
#3352=VERTEX_POINT('',#9408);
#3353=VERTEX_POINT('',#9410);
#3354=VERTEX_POINT('',#9412);
#3355=VERTEX_POINT('',#9414);
#3356=VERTEX_POINT('',#9416);
#3357=VERTEX_POINT('',#9418);
#3358=VERTEX_POINT('',#9420);
#3359=VERTEX_POINT('',#9422);
#3360=VERTEX_POINT('',#9426);
#3361=VERTEX_POINT('',#9430);
#3362=VERTEX_POINT('',#9433);
#3363=VERTEX_POINT('',#9434);
#3364=VERTEX_POINT('',#9436);
#3365=VERTEX_POINT('',#9438);
#3366=VERTEX_POINT('',#9441);
#3367=VERTEX_POINT('',#9443);
#3368=VERTEX_POINT('',#9444);
#3369=VERTEX_POINT('',#9446);
#3370=VERTEX_POINT('',#9448);
#3371=VERTEX_POINT('',#9450);
#3372=VERTEX_POINT('',#9452);
#3373=VERTEX_POINT('',#9454);
#3374=VERTEX_POINT('',#9456);
#3375=VERTEX_POINT('',#9459);
#3376=VERTEX_POINT('',#9460);
#3377=VERTEX_POINT('',#9462);
#3378=VERTEX_POINT('',#9464);
#3379=VERTEX_POINT('',#9467);
#3380=VERTEX_POINT('',#9468);
#3381=VERTEX_POINT('',#9470);
#3382=VERTEX_POINT('',#9472);
#3383=VERTEX_POINT('',#9475);
#3384=VERTEX_POINT('',#9476);
#3385=VERTEX_POINT('',#9478);
#3386=VERTEX_POINT('',#9480);
#3387=VERTEX_POINT('',#9483);
#3388=VERTEX_POINT('',#9484);
#3389=VERTEX_POINT('',#9486);
#3390=VERTEX_POINT('',#9488);
#3391=VERTEX_POINT('',#9491);
#3392=VERTEX_POINT('',#9492);
#3393=VERTEX_POINT('',#9494);
#3394=VERTEX_POINT('',#9496);
#3395=VERTEX_POINT('',#9500);
#3396=VERTEX_POINT('',#9501);
#3397=VERTEX_POINT('',#9503);
#3398=VERTEX_POINT('',#9505);
#3399=VERTEX_POINT('',#9508);
#3400=VERTEX_POINT('',#9509);
#3401=VERTEX_POINT('',#9511);
#3402=VERTEX_POINT('',#9513);
#3403=VERTEX_POINT('',#9516);
#3404=VERTEX_POINT('',#9517);
#3405=VERTEX_POINT('',#9519);
#3406=VERTEX_POINT('',#9521);
#3407=VERTEX_POINT('',#9524);
#3408=VERTEX_POINT('',#9526);
#3409=VERTEX_POINT('',#9528);
#3410=VERTEX_POINT('',#9530);
#3411=VERTEX_POINT('',#9532);
#3412=VERTEX_POINT('',#9534);
#3413=VERTEX_POINT('',#9535);
#3414=VERTEX_POINT('',#9537);
#3415=VERTEX_POINT('',#9539);
#3416=VERTEX_POINT('',#9542);
#3417=VERTEX_POINT('',#9543);
#3418=VERTEX_POINT('',#9545);
#3419=VERTEX_POINT('',#9547);
#3420=VERTEX_POINT('',#9550);
#3421=VERTEX_POINT('',#9551);
#3422=VERTEX_POINT('',#9553);
#3423=VERTEX_POINT('',#9555);
#3424=VERTEX_POINT('',#9559);
#3425=VERTEX_POINT('',#9560);
#3426=VERTEX_POINT('',#9562);
#3427=VERTEX_POINT('',#9564);
#3428=VERTEX_POINT('',#9566);
#3429=VERTEX_POINT('',#9568);
#3430=VERTEX_POINT('',#9570);
#3431=VERTEX_POINT('',#9572);
#3432=VERTEX_POINT('',#9575);
#3433=VERTEX_POINT('',#9576);
#3434=VERTEX_POINT('',#9578);
#3435=VERTEX_POINT('',#9580);
#3436=VERTEX_POINT('',#9604);
#3437=VERTEX_POINT('',#9606);
#3438=VERTEX_POINT('',#9609);
#3439=VERTEX_POINT('',#9613);
#3440=VERTEX_POINT('',#9615);
#3441=VERTEX_POINT('',#9618);
#3442=VERTEX_POINT('',#9622);
#3443=VERTEX_POINT('',#9624);
#3444=VERTEX_POINT('',#9627);
#3445=VERTEX_POINT('',#9631);
#3446=VERTEX_POINT('',#9633);
#3447=VERTEX_POINT('',#9636);
#3448=VERTEX_POINT('',#9689);
#3449=VERTEX_POINT('',#9691);
#3450=VERTEX_POINT('',#9695);
#3451=VERTEX_POINT('',#9699);
#3452=VERTEX_POINT('',#9706);
#3453=VERTEX_POINT('',#9708);
#3454=VERTEX_POINT('',#9712);
#3455=VERTEX_POINT('',#9723);
#3456=VERTEX_POINT('',#9736);
#3457=VERTEX_POINT('',#9742);
#3458=VERTEX_POINT('',#9746);
#3459=VERTEX_POINT('',#9750);
#3460=VERTEX_POINT('',#9754);
#3461=VERTEX_POINT('',#9758);
#3462=VERTEX_POINT('',#9762);
#3463=VERTEX_POINT('',#9766);
#3464=VERTEX_POINT('',#9770);
#3465=VERTEX_POINT('',#9774);
#3466=VERTEX_POINT('',#9778);
#3467=VERTEX_POINT('',#9782);
#3468=VERTEX_POINT('',#9786);
#3469=VERTEX_POINT('',#9793);
#3470=VERTEX_POINT('',#9795);
#3471=VERTEX_POINT('',#9799);
#3472=VERTEX_POINT('',#9803);
#3473=VERTEX_POINT('',#9807);
#3474=VERTEX_POINT('',#9811);
#3475=VERTEX_POINT('',#9815);
#3476=VERTEX_POINT('',#9819);
#3477=VERTEX_POINT('',#9823);
#3478=VERTEX_POINT('',#9827);
#3479=VERTEX_POINT('',#9831);
#3480=VERTEX_POINT('',#9835);
#3481=VERTEX_POINT('',#9839);
#3482=VERTEX_POINT('',#9843);
#3483=VERTEX_POINT('',#9847);
#3484=VERTEX_POINT('',#9851);
#3485=VERTEX_POINT('',#9855);
#3486=VERTEX_POINT('',#9859);
#3487=VERTEX_POINT('',#9863);
#3488=VERTEX_POINT('',#9867);
#3489=VERTEX_POINT('',#9871);
#3490=VERTEX_POINT('',#9882);
#3491=VERTEX_POINT('',#9888);
#3492=VERTEX_POINT('',#9892);
#3493=VERTEX_POINT('',#9896);
#3494=VERTEX_POINT('',#9900);
#3495=VERTEX_POINT('',#9907);
#3496=VERTEX_POINT('',#9909);
#3497=VERTEX_POINT('',#9913);
#3498=VERTEX_POINT('',#9917);
#3499=VERTEX_POINT('',#9924);
#3500=VERTEX_POINT('',#9926);
#3501=VERTEX_POINT('',#9930);
#3502=VERTEX_POINT('',#9934);
#3503=VERTEX_POINT('',#9938);
#3504=VERTEX_POINT('',#9942);
#3505=VERTEX_POINT('',#9946);
#3506=VERTEX_POINT('',#9953);
#3507=VERTEX_POINT('',#9955);
#3508=VERTEX_POINT('',#9959);
#3509=VERTEX_POINT('',#9963);
#3510=VERTEX_POINT('',#9967);
#3511=VERTEX_POINT('',#9971);
#3512=VERTEX_POINT('',#9975);
#3513=VERTEX_POINT('',#9979);
#3514=VERTEX_POINT('',#9983);
#3515=VERTEX_POINT('',#9987);
#3516=VERTEX_POINT('',#9991);
#3517=VERTEX_POINT('',#9995);
#3518=VERTEX_POINT('',#9999);
#3519=VERTEX_POINT('',#10003);
#3520=VERTEX_POINT('',#10007);
#3521=VERTEX_POINT('',#10011);
#3522=VERTEX_POINT('',#10015);
#3523=VERTEX_POINT('',#10019);
#3524=VERTEX_POINT('',#10030);
#3525=VERTEX_POINT('',#10039);
#3526=VERTEX_POINT('',#10041);
#3527=VERTEX_POINT('',#10045);
#3528=VERTEX_POINT('',#10049);
#3529=VERTEX_POINT('',#10053);
#3530=VERTEX_POINT('',#10057);
#3531=VERTEX_POINT('',#10061);
#3532=VERTEX_POINT('',#10065);
#3533=VERTEX_POINT('',#10069);
#3534=VERTEX_POINT('',#10073);
#3535=VERTEX_POINT('',#10077);
#3536=VERTEX_POINT('',#10081);
#3537=VERTEX_POINT('',#10085);
#3538=VERTEX_POINT('',#10089);
#3539=VERTEX_POINT('',#10093);
#3540=VERTEX_POINT('',#10097);
#3541=VERTEX_POINT('',#10101);
#3542=VERTEX_POINT('',#10105);
#3543=VERTEX_POINT('',#10116);
#3544=VERTEX_POINT('',#10122);
#3545=VERTEX_POINT('',#10126);
#3546=VERTEX_POINT('',#10130);
#3547=VERTEX_POINT('',#10134);
#3548=VERTEX_POINT('',#10138);
#3549=VERTEX_POINT('',#10142);
#3550=VERTEX_POINT('',#10146);
#3551=VERTEX_POINT('',#10150);
#3552=VERTEX_POINT('',#10154);
#3553=VERTEX_POINT('',#10158);
#3554=VERTEX_POINT('',#10162);
#3555=VERTEX_POINT('',#10166);
#3556=VERTEX_POINT('',#10170);
#3557=VERTEX_POINT('',#10174);
#3558=VERTEX_POINT('',#10178);
#3559=VERTEX_POINT('',#10182);
#3560=VERTEX_POINT('',#10189);
#3561=VERTEX_POINT('',#10191);
#3562=VERTEX_POINT('',#10195);
#3563=VERTEX_POINT('',#10199);
#3564=VERTEX_POINT('',#10203);
#3565=VERTEX_POINT('',#10207);
#3566=VERTEX_POINT('',#10211);
#3567=VERTEX_POINT('',#10218);
#3568=VERTEX_POINT('',#10220);
#3569=VERTEX_POINT('',#10224);
#3570=VERTEX_POINT('',#10228);
#3571=VERTEX_POINT('',#10232);
#3572=VERTEX_POINT('',#10239);
#3573=VERTEX_POINT('',#10241);
#3574=VERTEX_POINT('',#10245);
#3575=VERTEX_POINT('',#10249);
#3576=VERTEX_POINT('',#10253);
#3577=VERTEX_POINT('',#10260);
#3578=VERTEX_POINT('',#10262);
#3579=VERTEX_POINT('',#10266);
#3580=VERTEX_POINT('',#10270);
#3581=VERTEX_POINT('',#10274);
#3582=VERTEX_POINT('',#10278);
#3583=VERTEX_POINT('',#10282);
#3584=VERTEX_POINT('',#10286);
#3585=VERTEX_POINT('',#10290);
#3586=VERTEX_POINT('',#10294);
#3587=VERTEX_POINT('',#10298);
#3588=VERTEX_POINT('',#10302);
#3589=VERTEX_POINT('',#10306);
#3590=VERTEX_POINT('',#10310);
#3591=VERTEX_POINT('',#10314);
#3592=VERTEX_POINT('',#10318);
#3593=VERTEX_POINT('',#10322);
#3594=VERTEX_POINT('',#10326);
#3595=VERTEX_POINT('',#10330);
#3596=VERTEX_POINT('',#10334);
#3597=VERTEX_POINT('',#10341);
#3598=VERTEX_POINT('',#10343);
#3599=VERTEX_POINT('',#10347);
#3600=VERTEX_POINT('',#10351);
#3601=VERTEX_POINT('',#10355);
#3602=VERTEX_POINT('',#10359);
#3603=VERTEX_POINT('',#10363);
#3604=VERTEX_POINT('',#10374);
#3605=VERTEX_POINT('',#10380);
#3606=VERTEX_POINT('',#10384);
#3607=VERTEX_POINT('',#10388);
#3608=VERTEX_POINT('',#10392);
#3609=VERTEX_POINT('',#10396);
#3610=VERTEX_POINT('',#10400);
#3611=VERTEX_POINT('',#10404);
#3612=VERTEX_POINT('',#10408);
#3613=VERTEX_POINT('',#10412);
#3614=VERTEX_POINT('',#10416);
#3615=VERTEX_POINT('',#10423);
#3616=VERTEX_POINT('',#10425);
#3617=VERTEX_POINT('',#10429);
#3618=VERTEX_POINT('',#10433);
#3619=VERTEX_POINT('',#10437);
#3620=VERTEX_POINT('',#10445);
#3621=VERTEX_POINT('',#10446);
#3622=VERTEX_POINT('',#10448);
#3623=VERTEX_POINT('',#10450);
#3624=VERTEX_POINT('',#10453);
#3625=VERTEX_POINT('',#10454);
#3626=VERTEX_POINT('',#10456);
#3627=VERTEX_POINT('',#10458);
#3628=VERTEX_POINT('',#10462);
#3629=VERTEX_POINT('',#10463);
#3630=VERTEX_POINT('',#10465);
#3631=VERTEX_POINT('',#10467);
#3632=VERTEX_POINT('',#10470);
#3633=VERTEX_POINT('',#10471);
#3634=VERTEX_POINT('',#10473);
#3635=VERTEX_POINT('',#10475);
#3636=VERTEX_POINT('',#10479);
#3637=VERTEX_POINT('',#10480);
#3638=VERTEX_POINT('',#10482);
#3639=VERTEX_POINT('',#10484);
#3640=VERTEX_POINT('',#10487);
#3641=VERTEX_POINT('',#10488);
#3642=VERTEX_POINT('',#10490);
#3643=VERTEX_POINT('',#10492);
#3644=VERTEX_POINT('',#10496);
#3645=VERTEX_POINT('',#10497);
#3646=VERTEX_POINT('',#10499);
#3647=VERTEX_POINT('',#10501);
#3648=VERTEX_POINT('',#10504);
#3649=VERTEX_POINT('',#10505);
#3650=VERTEX_POINT('',#10507);
#3651=VERTEX_POINT('',#10509);
#3652=VERTEX_POINT('',#10513);
#3653=VERTEX_POINT('',#10515);
#3654=VERTEX_POINT('',#10518);
#3655=VERTEX_POINT('',#10520);
#3656=VERTEX_POINT('',#10523);
#3657=VERTEX_POINT('',#10525);
#3658=VERTEX_POINT('',#10528);
#3659=VERTEX_POINT('',#10530);
#3660=VERTEX_POINT('',#10533);
#3661=VERTEX_POINT('',#10535);
#3662=VERTEX_POINT('',#10538);
#3663=VERTEX_POINT('',#10540);
#3664=VERTEX_POINT('',#10546);
#3665=VERTEX_POINT('',#10548);
#3666=VERTEX_POINT('',#10550);
#3667=VERTEX_POINT('',#10552);
#3668=VERTEX_POINT('',#10554);
#3669=VERTEX_POINT('',#10555);
#3670=VERTEX_POINT('',#10558);
#3671=VERTEX_POINT('',#10560);
#3672=VERTEX_POINT('',#10571);
#3673=VERTEX_POINT('',#10573);
#3674=VERTEX_POINT('',#10575);
#3675=VERTEX_POINT('',#10577);
#3676=VERTEX_POINT('',#10584);
#3677=VERTEX_POINT('',#10586);
#3678=VERTEX_POINT('',#10589);
#3679=VERTEX_POINT('',#10593);
#3680=VERTEX_POINT('',#10595);
#3681=VERTEX_POINT('',#10598);
#3682=VERTEX_POINT('',#10602);
#3683=VERTEX_POINT('',#10604);
#3684=VERTEX_POINT('',#10607);
#3685=VERTEX_POINT('',#10611);
#3686=VERTEX_POINT('',#10613);
#3687=VERTEX_POINT('',#10616);
#3688=VERTEX_POINT('',#10624);
#3689=VERTEX_POINT('',#10628);
#3690=VERTEX_POINT('',#10632);
#3691=VERTEX_POINT('',#10636);
#3692=VERTEX_POINT('',#10661);
#3693=VERTEX_POINT('',#10662);
#3694=VERTEX_POINT('',#10664);
#3695=VERTEX_POINT('',#10666);
#3696=VERTEX_POINT('',#10670);
#3697=VERTEX_POINT('',#10671);
#3698=VERTEX_POINT('',#10676);
#3699=VERTEX_POINT('',#10678);
#3700=VERTEX_POINT('',#10683);
#3701=VERTEX_POINT('',#10685);
#3702=VERTEX_POINT('',#10687);
#3703=VERTEX_POINT('',#10689);
#3704=VERTEX_POINT('',#10691);
#3705=VERTEX_POINT('',#10693);
#3706=VERTEX_POINT('',#10695);
#3707=VERTEX_POINT('',#10697);
#3708=VERTEX_POINT('',#10699);
#3709=VERTEX_POINT('',#10701);
#3710=VERTEX_POINT('',#10703);
#3711=VERTEX_POINT('',#10705);
#3712=VERTEX_POINT('',#10707);
#3713=VERTEX_POINT('',#10709);
#3714=VERTEX_POINT('',#10711);
#3715=VERTEX_POINT('',#10713);
#3716=VERTEX_POINT('',#10715);
#3717=VERTEX_POINT('',#10717);
#3718=VERTEX_POINT('',#10719);
#3719=VERTEX_POINT('',#10721);
#3720=VERTEX_POINT('',#10723);
#3721=VERTEX_POINT('',#10725);
#3722=VERTEX_POINT('',#10727);
#3723=VERTEX_POINT('',#10729);
#3724=VERTEX_POINT('',#10731);
#3725=VERTEX_POINT('',#10733);
#3726=VERTEX_POINT('',#10735);
#3727=VERTEX_POINT('',#10737);
#3728=VERTEX_POINT('',#10739);
#3729=VERTEX_POINT('',#10741);
#3730=VERTEX_POINT('',#10742);
#3731=VERTEX_POINT('',#10744);
#3732=VERTEX_POINT('',#10746);
#3733=VERTEX_POINT('',#10749);
#3734=VERTEX_POINT('',#10751);
#3735=VERTEX_POINT('',#10753);
#3736=VERTEX_POINT('',#10755);
#3737=VERTEX_POINT('',#10757);
#3738=VERTEX_POINT('',#10759);
#3739=VERTEX_POINT('',#10761);
#3740=VERTEX_POINT('',#10763);
#3741=VERTEX_POINT('',#10765);
#3742=VERTEX_POINT('',#10767);
#3743=VERTEX_POINT('',#10769);
#3744=VERTEX_POINT('',#10771);
#3745=VERTEX_POINT('',#10773);
#3746=VERTEX_POINT('',#10775);
#3747=VERTEX_POINT('',#10777);
#3748=VERTEX_POINT('',#10778);
#3749=VERTEX_POINT('',#10780);
#3750=VERTEX_POINT('',#10782);
#3751=VERTEX_POINT('',#10785);
#3752=VERTEX_POINT('',#10787);
#3753=VERTEX_POINT('',#10789);
#3754=VERTEX_POINT('',#10791);
#3755=VERTEX_POINT('',#10793);
#3756=VERTEX_POINT('',#10797);
#3757=VERTEX_POINT('',#10799);
#3758=VERTEX_POINT('',#10801);
#3759=VERTEX_POINT('',#10803);
#3760=VERTEX_POINT('',#10805);
#3761=VERTEX_POINT('',#10807);
#3762=VERTEX_POINT('',#10809);
#3763=VERTEX_POINT('',#10811);
#3764=VERTEX_POINT('',#10813);
#3765=VERTEX_POINT('',#10815);
#3766=VERTEX_POINT('',#10817);
#3767=VERTEX_POINT('',#10819);
#3768=VERTEX_POINT('',#10821);
#3769=VERTEX_POINT('',#10823);
#3770=VERTEX_POINT('',#10825);
#3771=VERTEX_POINT('',#10827);
#3772=VERTEX_POINT('',#10829);
#3773=VERTEX_POINT('',#10831);
#3774=VERTEX_POINT('',#10833);
#3775=VERTEX_POINT('',#10835);
#3776=VERTEX_POINT('',#10837);
#3777=VERTEX_POINT('',#10839);
#3778=VERTEX_POINT('',#10841);
#3779=VERTEX_POINT('',#10843);
#3780=VERTEX_POINT('',#10845);
#3781=VERTEX_POINT('',#10847);
#3782=VERTEX_POINT('',#10849);
#3783=VERTEX_POINT('',#10851);
#3784=VERTEX_POINT('',#10853);
#3785=VERTEX_POINT('',#10855);
#3786=VERTEX_POINT('',#10856);
#3787=VERTEX_POINT('',#10858);
#3788=VERTEX_POINT('',#10860);
#3789=VERTEX_POINT('',#10863);
#3790=VERTEX_POINT('',#10865);
#3791=VERTEX_POINT('',#10867);
#3792=VERTEX_POINT('',#10869);
#3793=VERTEX_POINT('',#10871);
#3794=VERTEX_POINT('',#10873);
#3795=VERTEX_POINT('',#10875);
#3796=VERTEX_POINT('',#10877);
#3797=VERTEX_POINT('',#10879);
#3798=VERTEX_POINT('',#10881);
#3799=VERTEX_POINT('',#10883);
#3800=VERTEX_POINT('',#10885);
#3801=VERTEX_POINT('',#10887);
#3802=VERTEX_POINT('',#10889);
#3803=VERTEX_POINT('',#10891);
#3804=VERTEX_POINT('',#10892);
#3805=VERTEX_POINT('',#10894);
#3806=VERTEX_POINT('',#10896);
#3807=VERTEX_POINT('',#10899);
#3808=VERTEX_POINT('',#10901);
#3809=VERTEX_POINT('',#10903);
#3810=VERTEX_POINT('',#10905);
#3811=VERTEX_POINT('',#10907);
#3812=LINE('',#9084,#4264);
#3813=LINE('',#9087,#4265);
#3814=LINE('',#9089,#4266);
#3815=LINE('',#9091,#4267);
#3816=LINE('',#9093,#4268);
#3817=LINE('',#9107,#4269);
#3818=LINE('',#9109,#4270);
#3819=LINE('',#9111,#4271);
#3820=LINE('',#9127,#4272);
#3821=LINE('',#9132,#4273);
#3822=LINE('',#9135,#4274);
#3823=LINE('',#9149,#4275);
#3824=LINE('',#9171,#4276);
#3825=LINE('',#9172,#4277);
#3826=LINE('',#9175,#4278);
#3827=LINE('',#9177,#4279);
#3828=LINE('',#9179,#4280);
#3829=LINE('',#9181,#4281);
#3830=LINE('',#9182,#4282);
#3831=LINE('',#9185,#4283);
#3832=LINE('',#9187,#4284);
#3833=LINE('',#9189,#4285);
#3834=LINE('',#9191,#4286);
#3835=LINE('',#9195,#4287);
#3836=LINE('',#9201,#4288);
#3837=LINE('',#9209,#4289);
#3838=LINE('',#9219,#4290);
#3839=LINE('',#9233,#4291);
#3840=LINE('',#9239,#4292);
#3841=LINE('',#9259,#4293);
#3842=LINE('',#9289,#4294);
#3843=LINE('',#9309,#4295);
#3844=LINE('',#9311,#4296);
#3845=LINE('',#9313,#4297);
#3846=LINE('',#9318,#4298);
#3847=LINE('',#9321,#4299);
#3848=LINE('',#9323,#4300);
#3849=LINE('',#9325,#4301);
#3850=LINE('',#9327,#4302);
#3851=LINE('',#9329,#4303);
#3852=LINE('',#9331,#4304);
#3853=LINE('',#9332,#4305);
#3854=LINE('',#9335,#4306);
#3855=LINE('',#9337,#4307);
#3856=LINE('',#9339,#4308);
#3857=LINE('',#9367,#4309);
#3858=LINE('',#9393,#4310);
#3859=LINE('',#9394,#4311);
#3860=LINE('',#9397,#4312);
#3861=LINE('',#9399,#4313);
#3862=LINE('',#9413,#4314);
#3863=LINE('',#9431,#4315);
#3864=LINE('',#9432,#4316);
#3865=LINE('',#9435,#4317);
#3866=LINE('',#9437,#4318);
#3867=LINE('',#9439,#4319);
#3868=LINE('',#9442,#4320);
#3869=LINE('',#9447,#4321);
#3870=LINE('',#9451,#4322);
#3871=LINE('',#9455,#4323);
#3872=LINE('',#9458,#4324);
#3873=LINE('',#9461,#4325);
#3874=LINE('',#9463,#4326);
#3875=LINE('',#9465,#4327);
#3876=LINE('',#9466,#4328);
#3877=LINE('',#9469,#4329);
#3878=LINE('',#9471,#4330);
#3879=LINE('',#9473,#4331);
#3880=LINE('',#9474,#4332);
#3881=LINE('',#9477,#4333);
#3882=LINE('',#9479,#4334);
#3883=LINE('',#9481,#4335);
#3884=LINE('',#9482,#4336);
#3885=LINE('',#9485,#4337);
#3886=LINE('',#9487,#4338);
#3887=LINE('',#9489,#4339);
#3888=LINE('',#9490,#4340);
#3889=LINE('',#9493,#4341);
#3890=LINE('',#9495,#4342);
#3891=LINE('',#9497,#4343);
#3892=LINE('',#9499,#4344);
#3893=LINE('',#9502,#4345);
#3894=LINE('',#9504,#4346);
#3895=LINE('',#9506,#4347);
#3896=LINE('',#9507,#4348);
#3897=LINE('',#9510,#4349);
#3898=LINE('',#9512,#4350);
#3899=LINE('',#9514,#4351);
#3900=LINE('',#9515,#4352);
#3901=LINE('',#9518,#4353);
#3902=LINE('',#9520,#4354);
#3903=LINE('',#9522,#4355);
#3904=LINE('',#9533,#4356);
#3905=LINE('',#9536,#4357);
#3906=LINE('',#9538,#4358);
#3907=LINE('',#9540,#4359);
#3908=LINE('',#9541,#4360);
#3909=LINE('',#9544,#4361);
#3910=LINE('',#9546,#4362);
#3911=LINE('',#9548,#4363);
#3912=LINE('',#9549,#4364);
#3913=LINE('',#9552,#4365);
#3914=LINE('',#9554,#4366);
#3915=LINE('',#9556,#4367);
#3916=LINE('',#9558,#4368);
#3917=LINE('',#9563,#4369);
#3918=LINE('',#9567,#4370);
#3919=LINE('',#9571,#4371);
#3920=LINE('',#9574,#4372);
#3921=LINE('',#9577,#4373);
#3922=LINE('',#9579,#4374);
#3923=LINE('',#9581,#4375);
#3924=LINE('',#9583,#4376);
#3925=LINE('',#9584,#4377);
#3926=LINE('',#9586,#4378);
#3927=LINE('',#9587,#4379);
#3928=LINE('',#9589,#4380);
#3929=LINE('',#9590,#4381);
#3930=LINE('',#9592,#4382);
#3931=LINE('',#9593,#4383);
#3932=LINE('',#9595,#4384);
#3933=LINE('',#9596,#4385);
#3934=LINE('',#9598,#4386);
#3935=LINE('',#9600,#4387);
#3936=LINE('',#9644,#4388);
#3937=LINE('',#9645,#4389);
#3938=LINE('',#9647,#4390);
#3939=LINE('',#9649,#4391);
#3940=LINE('',#9652,#4392);
#3941=LINE('',#9653,#4393);
#3942=LINE('',#9655,#4394);
#3943=LINE('',#9657,#4395);
#3944=LINE('',#9660,#4396);
#3945=LINE('',#9661,#4397);
#3946=LINE('',#9663,#4398);
#3947=LINE('',#9665,#4399);
#3948=LINE('',#9668,#4400);
#3949=LINE('',#9669,#4401);
#3950=LINE('',#9671,#4402);
#3951=LINE('',#9673,#4403);
#3952=LINE('',#9676,#4404);
#3953=LINE('',#9677,#4405);
#3954=LINE('',#9679,#4406);
#3955=LINE('',#9681,#4407);
#3956=LINE('',#9688,#4408);
#3957=LINE('',#9690,#4409);
#3958=LINE('',#9692,#4410);
#3959=LINE('',#9694,#4411);
#3960=LINE('',#9696,#4412);
#3961=LINE('',#9698,#4413);
#3962=LINE('',#9700,#4414);
#3963=LINE('',#9702,#4415);
#3964=LINE('',#9705,#4416);
#3965=LINE('',#9707,#4417);
#3966=LINE('',#9709,#4418);
#3967=LINE('',#9711,#4419);
#3968=LINE('',#9713,#4420);
#3969=LINE('',#9722,#4421);
#3970=LINE('',#9735,#4422);
#3971=LINE('',#9741,#4423);
#3972=LINE('',#9745,#4424);
#3973=LINE('',#9749,#4425);
#3974=LINE('',#9753,#4426);
#3975=LINE('',#9757,#4427);
#3976=LINE('',#9759,#4428);
#3977=LINE('',#9761,#4429);
#3978=LINE('',#9765,#4430);
#3979=LINE('',#9769,#4431);
#3980=LINE('',#9773,#4432);
#3981=LINE('',#9777,#4433);
#3982=LINE('',#9781,#4434);
#3983=LINE('',#9785,#4435);
#3984=LINE('',#9787,#4436);
#3985=LINE('',#9789,#4437);
#3986=LINE('',#9792,#4438);
#3987=LINE('',#9794,#4439);
#3988=LINE('',#9798,#4440);
#3989=LINE('',#9800,#4441);
#3990=LINE('',#9802,#4442);
#3991=LINE('',#9806,#4443);
#3992=LINE('',#9810,#4444);
#3993=LINE('',#9814,#4445);
#3994=LINE('',#9818,#4446);
#3995=LINE('',#9822,#4447);
#3996=LINE('',#9826,#4448);
#3997=LINE('',#9830,#4449);
#3998=LINE('',#9834,#4450);
#3999=LINE('',#9838,#4451);
#4000=LINE('',#9842,#4452);
#4001=LINE('',#9846,#4453);
#4002=LINE('',#9850,#4454);
#4003=LINE('',#9852,#4455);
#4004=LINE('',#9854,#4456);
#4005=LINE('',#9858,#4457);
#4006=LINE('',#9862,#4458);
#4007=LINE('',#9866,#4459);
#4008=LINE('',#9870,#4460);
#4009=LINE('',#9881,#4461);
#4010=LINE('',#9887,#4462);
#4011=LINE('',#9891,#4463);
#4012=LINE('',#9895,#4464);
#4013=LINE('',#9899,#4465);
#4014=LINE('',#9906,#4466);
#4015=LINE('',#9908,#4467);
#4016=LINE('',#9910,#4468);
#4017=LINE('',#9912,#4469);
#4018=LINE('',#9914,#4470);
#4019=LINE('',#9916,#4471);
#4020=LINE('',#9918,#4472);
#4021=LINE('',#9920,#4473);
#4022=LINE('',#9923,#4474);
#4023=LINE('',#9925,#4475);
#4024=LINE('',#9927,#4476);
#4025=LINE('',#9929,#4477);
#4026=LINE('',#9931,#4478);
#4027=LINE('',#9933,#4479);
#4028=LINE('',#9935,#4480);
#4029=LINE('',#9937,#4481);
#4030=LINE('',#9939,#4482);
#4031=LINE('',#9941,#4483);
#4032=LINE('',#9943,#4484);
#4033=LINE('',#9945,#4485);
#4034=LINE('',#9947,#4486);
#4035=LINE('',#9949,#4487);
#4036=LINE('',#9952,#4488);
#4037=LINE('',#9954,#4489);
#4038=LINE('',#9958,#4490);
#4039=LINE('',#9962,#4491);
#4040=LINE('',#9966,#4492);
#4041=LINE('',#9968,#4493);
#4042=LINE('',#9970,#4494);
#4043=LINE('',#9972,#4495);
#4044=LINE('',#9974,#4496);
#4045=LINE('',#9976,#4497);
#4046=LINE('',#9978,#4498);
#4047=LINE('',#9982,#4499);
#4048=LINE('',#9986,#4500);
#4049=LINE('',#9990,#4501);
#4050=LINE('',#9994,#4502);
#4051=LINE('',#9998,#4503);
#4052=LINE('',#10002,#4504);
#4053=LINE('',#10006,#4505);
#4054=LINE('',#10010,#4506);
#4055=LINE('',#10014,#4507);
#4056=LINE('',#10016,#4508);
#4057=LINE('',#10018,#4509);
#4058=LINE('',#10029,#4510);
#4059=LINE('',#10038,#4511);
#4060=LINE('',#10040,#4512);
#4061=LINE('',#10044,#4513);
#4062=LINE('',#10048,#4514);
#4063=LINE('',#10052,#4515);
#4064=LINE('',#10056,#4516);
#4065=LINE('',#10060,#4517);
#4066=LINE('',#10064,#4518);
#4067=LINE('',#10068,#4519);
#4068=LINE('',#10072,#4520);
#4069=LINE('',#10076,#4521);
#4070=LINE('',#10080,#4522);
#4071=LINE('',#10082,#4523);
#4072=LINE('',#10084,#4524);
#4073=LINE('',#10088,#4525);
#4074=LINE('',#10092,#4526);
#4075=LINE('',#10096,#4527);
#4076=LINE('',#10100,#4528);
#4077=LINE('',#10104,#4529);
#4078=LINE('',#10115,#4530);
#4079=LINE('',#10121,#4531);
#4080=LINE('',#10125,#4532);
#4081=LINE('',#10127,#4533);
#4082=LINE('',#10129,#4534);
#4083=LINE('',#10133,#4535);
#4084=LINE('',#10137,#4536);
#4085=LINE('',#10139,#4537);
#4086=LINE('',#10141,#4538);
#4087=LINE('',#10145,#4539);
#4088=LINE('',#10149,#4540);
#4089=LINE('',#10153,#4541);
#4090=LINE('',#10157,#4542);
#4091=LINE('',#10161,#4543);
#4092=LINE('',#10165,#4544);
#4093=LINE('',#10167,#4545);
#4094=LINE('',#10169,#4546);
#4095=LINE('',#10173,#4547);
#4096=LINE('',#10177,#4548);
#4097=LINE('',#10181,#4549);
#4098=LINE('',#10185,#4550);
#4099=LINE('',#10188,#4551);
#4100=LINE('',#10190,#4552);
#4101=LINE('',#10194,#4553);
#4102=LINE('',#10198,#4554);
#4103=LINE('',#10202,#4555);
#4104=LINE('',#10204,#4556);
#4105=LINE('',#10206,#4557);
#4106=LINE('',#10210,#4558);
#4107=LINE('',#10214,#4559);
#4108=LINE('',#10217,#4560);
#4109=LINE('',#10219,#4561);
#4110=LINE('',#10221,#4562);
#4111=LINE('',#10223,#4563);
#4112=LINE('',#10225,#4564);
#4113=LINE('',#10227,#4565);
#4114=LINE('',#10229,#4566);
#4115=LINE('',#10231,#4567);
#4116=LINE('',#10233,#4568);
#4117=LINE('',#10235,#4569);
#4118=LINE('',#10238,#4570);
#4119=LINE('',#10240,#4571);
#4120=LINE('',#10242,#4572);
#4121=LINE('',#10244,#4573);
#4122=LINE('',#10246,#4574);
#4123=LINE('',#10248,#4575);
#4124=LINE('',#10250,#4576);
#4125=LINE('',#10252,#4577);
#4126=LINE('',#10254,#4578);
#4127=LINE('',#10256,#4579);
#4128=LINE('',#10259,#4580);
#4129=LINE('',#10261,#4581);
#4130=LINE('',#10263,#4582);
#4131=LINE('',#10265,#4583);
#4132=LINE('',#10267,#4584);
#4133=LINE('',#10269,#4585);
#4134=LINE('',#10273,#4586);
#4135=LINE('',#10277,#4587);
#4136=LINE('',#10281,#4588);
#4137=LINE('',#10285,#4589);
#4138=LINE('',#10289,#4590);
#4139=LINE('',#10293,#4591);
#4140=LINE('',#10297,#4592);
#4141=LINE('',#10301,#4593);
#4142=LINE('',#10305,#4594);
#4143=LINE('',#10309,#4595);
#4144=LINE('',#10311,#4596);
#4145=LINE('',#10313,#4597);
#4146=LINE('',#10317,#4598);
#4147=LINE('',#10321,#4599);
#4148=LINE('',#10325,#4600);
#4149=LINE('',#10329,#4601);
#4150=LINE('',#10333,#4602);
#4151=LINE('',#10337,#4603);
#4152=LINE('',#10340,#4604);
#4153=LINE('',#10342,#4605);
#4154=LINE('',#10346,#4606);
#4155=LINE('',#10350,#4607);
#4156=LINE('',#10354,#4608);
#4157=LINE('',#10356,#4609);
#4158=LINE('',#10358,#4610);
#4159=LINE('',#10362,#4611);
#4160=LINE('',#10373,#4612);
#4161=LINE('',#10379,#4613);
#4162=LINE('',#10383,#4614);
#4163=LINE('',#10387,#4615);
#4164=LINE('',#10391,#4616);
#4165=LINE('',#10393,#4617);
#4166=LINE('',#10395,#4618);
#4167=LINE('',#10397,#4619);
#4168=LINE('',#10399,#4620);
#4169=LINE('',#10401,#4621);
#4170=LINE('',#10403,#4622);
#4171=LINE('',#10407,#4623);
#4172=LINE('',#10411,#4624);
#4173=LINE('',#10415,#4625);
#4174=LINE('',#10422,#4626);
#4175=LINE('',#10424,#4627);
#4176=LINE('',#10426,#4628);
#4177=LINE('',#10428,#4629);
#4178=LINE('',#10430,#4630);
#4179=LINE('',#10432,#4631);
#4180=LINE('',#10434,#4632);
#4181=LINE('',#10436,#4633);
#4182=LINE('',#10438,#4634);
#4183=LINE('',#10440,#4635);
#4184=LINE('',#10444,#4636);
#4185=LINE('',#10447,#4637);
#4186=LINE('',#10449,#4638);
#4187=LINE('',#10451,#4639);
#4188=LINE('',#10452,#4640);
#4189=LINE('',#10455,#4641);
#4190=LINE('',#10457,#4642);
#4191=LINE('',#10459,#4643);
#4192=LINE('',#10461,#4644);
#4193=LINE('',#10464,#4645);
#4194=LINE('',#10466,#4646);
#4195=LINE('',#10468,#4647);
#4196=LINE('',#10469,#4648);
#4197=LINE('',#10472,#4649);
#4198=LINE('',#10474,#4650);
#4199=LINE('',#10476,#4651);
#4200=LINE('',#10478,#4652);
#4201=LINE('',#10481,#4653);
#4202=LINE('',#10483,#4654);
#4203=LINE('',#10485,#4655);
#4204=LINE('',#10486,#4656);
#4205=LINE('',#10489,#4657);
#4206=LINE('',#10491,#4658);
#4207=LINE('',#10493,#4659);
#4208=LINE('',#10495,#4660);
#4209=LINE('',#10498,#4661);
#4210=LINE('',#10500,#4662);
#4211=LINE('',#10502,#4663);
#4212=LINE('',#10503,#4664);
#4213=LINE('',#10506,#4665);
#4214=LINE('',#10508,#4666);
#4215=LINE('',#10510,#4667);
#4216=LINE('',#10534,#4668);
#4217=LINE('',#10539,#4669);
#4218=LINE('',#10542,#4670);
#4219=LINE('',#10543,#4671);
#4220=LINE('',#10553,#4672);
#4221=LINE('',#10559,#4673);
#4222=LINE('',#10564,#4674);
#4223=LINE('',#10565,#4675);
#4224=LINE('',#10567,#4676);
#4225=LINE('',#10568,#4677);
#4226=LINE('',#10578,#4678);
#4227=LINE('',#10579,#4679);
#4228=LINE('',#10639,#4680);
#4229=LINE('',#10640,#4681);
#4230=LINE('',#10642,#4682);
#4231=LINE('',#10644,#4683);
#4232=LINE('',#10647,#4684);
#4233=LINE('',#10648,#4685);
#4234=LINE('',#10650,#4686);
#4235=LINE('',#10652,#4687);
#4236=LINE('',#10660,#4688);
#4237=LINE('',#10663,#4689);
#4238=LINE('',#10665,#4690);
#4239=LINE('',#10667,#4691);
#4240=LINE('',#10669,#4692);
#4241=LINE('',#10672,#4693);
#4242=LINE('',#10673,#4694);
#4243=LINE('',#10675,#4695);
#4244=LINE('',#10677,#4696);
#4245=LINE('',#10679,#4697);
#4246=LINE('',#10681,#4698);
#4247=LINE('',#10740,#4699);
#4248=LINE('',#10745,#4700);
#4249=LINE('',#10776,#4701);
#4250=LINE('',#10781,#4702);
#4251=LINE('',#10795,#4703);
#4252=LINE('',#10857,#4704);
#4253=LINE('',#10861,#4705);
#4254=LINE('',#10893,#4706);
#4255=LINE('',#10897,#4707);
#4256=LINE('',#10939,#4708);
#4257=LINE('',#10940,#4709);
#4258=LINE('',#10942,#4710);
#4259=LINE('',#10944,#4711);
#4260=LINE('',#10961,#4712);
#4261=LINE('',#10962,#4713);
#4262=LINE('',#10964,#4714);
#4263=LINE('',#10966,#4715);
#4264=VECTOR('',#7158,1.);
#4265=VECTOR('',#7159,1.);
#4266=VECTOR('',#7160,1.);
#4267=VECTOR('',#7161,1.);
#4268=VECTOR('',#7162,1.);
#4269=VECTOR('',#7175,1.);
#4270=VECTOR('',#7176,1.);
#4271=VECTOR('',#7177,1.);
#4272=VECTOR('',#7188,1.);
#4273=VECTOR('',#7193,1.);
#4274=VECTOR('',#7194,1.);
#4275=VECTOR('',#7207,1.);
#4276=VECTOR('',#7228,1.);
#4277=VECTOR('',#7229,1.);
#4278=VECTOR('',#7230,1.);
#4279=VECTOR('',#7231,1.);
#4280=VECTOR('',#7232,1.);
#4281=VECTOR('',#7233,1.);
#4282=VECTOR('',#7234,1.);
#4283=VECTOR('',#7235,1.);
#4284=VECTOR('',#7236,1.);
#4285=VECTOR('',#7237,1.);
#4286=VECTOR('',#7238,1.);
#4287=VECTOR('',#7241,1.);
#4288=VECTOR('',#7246,1.);
#4289=VECTOR('',#7253,1.);
#4290=VECTOR('',#7262,1.);
#4291=VECTOR('',#7275,1.);
#4292=VECTOR('',#7280,1.);
#4293=VECTOR('',#7295,1.);
#4294=VECTOR('',#7320,1.);
#4295=VECTOR('',#7339,1.);
#4296=VECTOR('',#7340,1.);
#4297=VECTOR('',#7341,1.);
#4298=VECTOR('',#7346,1.);
#4299=VECTOR('',#7347,1.);
#4300=VECTOR('',#7348,1.);
#4301=VECTOR('',#7349,1.);
#4302=VECTOR('',#7350,1.);
#4303=VECTOR('',#7351,1.);
#4304=VECTOR('',#7352,1.);
#4305=VECTOR('',#7353,1.);
#4306=VECTOR('',#7354,1.);
#4307=VECTOR('',#7355,1.);
#4308=VECTOR('',#7356,1.);
#4309=VECTOR('',#7379,1.);
#4310=VECTOR('',#7404,1.);
#4311=VECTOR('',#7405,1.);
#4312=VECTOR('',#7406,1.);
#4313=VECTOR('',#7407,1.);
#4314=VECTOR('',#7420,1.);
#4315=VECTOR('',#7429,1.);
#4316=VECTOR('',#7430,1.);
#4317=VECTOR('',#7431,1.);
#4318=VECTOR('',#7432,1.);
#4319=VECTOR('',#7433,1.);
#4320=VECTOR('',#7436,1.);
#4321=VECTOR('',#7439,1.);
#4322=VECTOR('',#7442,1.);
#4323=VECTOR('',#7445,1.);
#4324=VECTOR('',#7448,1.);
#4325=VECTOR('',#7449,1.);
#4326=VECTOR('',#7450,1.);
#4327=VECTOR('',#7451,1.);
#4328=VECTOR('',#7452,1.);
#4329=VECTOR('',#7453,1.);
#4330=VECTOR('',#7454,1.);
#4331=VECTOR('',#7455,1.);
#4332=VECTOR('',#7456,1.);
#4333=VECTOR('',#7457,1.);
#4334=VECTOR('',#7458,1.);
#4335=VECTOR('',#7459,1.);
#4336=VECTOR('',#7460,1.);
#4337=VECTOR('',#7461,1.);
#4338=VECTOR('',#7462,1.);
#4339=VECTOR('',#7463,1.);
#4340=VECTOR('',#7464,1.);
#4341=VECTOR('',#7465,1.);
#4342=VECTOR('',#7466,1.);
#4343=VECTOR('',#7467,1.);
#4344=VECTOR('',#7470,1.);
#4345=VECTOR('',#7471,1.);
#4346=VECTOR('',#7472,1.);
#4347=VECTOR('',#7473,1.);
#4348=VECTOR('',#7474,1.);
#4349=VECTOR('',#7475,1.);
#4350=VECTOR('',#7476,1.);
#4351=VECTOR('',#7477,1.);
#4352=VECTOR('',#7478,1.);
#4353=VECTOR('',#7479,1.);
#4354=VECTOR('',#7480,1.);
#4355=VECTOR('',#7481,1.);
#4356=VECTOR('',#7492,1.);
#4357=VECTOR('',#7493,1.);
#4358=VECTOR('',#7494,1.);
#4359=VECTOR('',#7495,1.);
#4360=VECTOR('',#7496,1.);
#4361=VECTOR('',#7497,1.);
#4362=VECTOR('',#7498,1.);
#4363=VECTOR('',#7499,1.);
#4364=VECTOR('',#7500,1.);
#4365=VECTOR('',#7501,1.);
#4366=VECTOR('',#7502,1.);
#4367=VECTOR('',#7503,1.);
#4368=VECTOR('',#7506,1.);
#4369=VECTOR('',#7509,1.);
#4370=VECTOR('',#7512,1.);
#4371=VECTOR('',#7515,1.);
#4372=VECTOR('',#7518,1.);
#4373=VECTOR('',#7519,1.);
#4374=VECTOR('',#7520,1.);
#4375=VECTOR('',#7521,1.);
#4376=VECTOR('',#7524,1.);
#4377=VECTOR('',#7525,1.);
#4378=VECTOR('',#7528,1.);
#4379=VECTOR('',#7529,1.);
#4380=VECTOR('',#7532,1.);
#4381=VECTOR('',#7533,1.);
#4382=VECTOR('',#7536,1.);
#4383=VECTOR('',#7537,1.);
#4384=VECTOR('',#7540,1.);
#4385=VECTOR('',#7541,1.);
#4386=VECTOR('',#7544,1.);
#4387=VECTOR('',#7547,1.);
#4388=VECTOR('',#7610,1.);
#4389=VECTOR('',#7611,1.);
#4390=VECTOR('',#7614,1.);
#4391=VECTOR('',#7617,1.);
#4392=VECTOR('',#7622,1.);
#4393=VECTOR('',#7623,1.);
#4394=VECTOR('',#7626,1.);
#4395=VECTOR('',#7629,1.);
#4396=VECTOR('',#7634,1.);
#4397=VECTOR('',#7635,1.);
#4398=VECTOR('',#7638,1.);
#4399=VECTOR('',#7641,1.);
#4400=VECTOR('',#7646,1.);
#4401=VECTOR('',#7647,1.);
#4402=VECTOR('',#7650,1.);
#4403=VECTOR('',#7653,1.);
#4404=VECTOR('',#7658,1.);
#4405=VECTOR('',#7659,1.);
#4406=VECTOR('',#7662,1.);
#4407=VECTOR('',#7665,1.);
#4408=VECTOR('',#7678,1.);
#4409=VECTOR('',#7679,1.);
#4410=VECTOR('',#7680,1.);
#4411=VECTOR('',#7683,1.);
#4412=VECTOR('',#7684,1.);
#4413=VECTOR('',#7687,1.);
#4414=VECTOR('',#7688,1.);
#4415=VECTOR('',#7691,1.);
#4416=VECTOR('',#7696,1.);
#4417=VECTOR('',#7697,1.);
#4418=VECTOR('',#7698,1.);
#4419=VECTOR('',#7701,1.);
#4420=VECTOR('',#7702,1.);
#4421=VECTOR('',#7703,1.);
#4422=VECTOR('',#7704,1.);
#4423=VECTOR('',#7707,1.);
#4424=VECTOR('',#7712,1.);
#4425=VECTOR('',#7717,1.);
#4426=VECTOR('',#7722,1.);
#4427=VECTOR('',#7727,1.);
#4428=VECTOR('',#7728,1.);
#4429=VECTOR('',#7731,1.);
#4430=VECTOR('',#7736,1.);
#4431=VECTOR('',#7741,1.);
#4432=VECTOR('',#7746,1.);
#4433=VECTOR('',#7751,1.);
#4434=VECTOR('',#7756,1.);
#4435=VECTOR('',#7761,1.);
#4436=VECTOR('',#7762,1.);
#4437=VECTOR('',#7765,1.);
#4438=VECTOR('',#7770,1.);
#4439=VECTOR('',#7771,1.);
#4440=VECTOR('',#7776,1.);
#4441=VECTOR('',#7777,1.);
#4442=VECTOR('',#7780,1.);
#4443=VECTOR('',#7785,1.);
#4444=VECTOR('',#7790,1.);
#4445=VECTOR('',#7795,1.);
#4446=VECTOR('',#7800,1.);
#4447=VECTOR('',#7805,1.);
#4448=VECTOR('',#7810,1.);
#4449=VECTOR('',#7815,1.);
#4450=VECTOR('',#7820,1.);
#4451=VECTOR('',#7825,1.);
#4452=VECTOR('',#7830,1.);
#4453=VECTOR('',#7835,1.);
#4454=VECTOR('',#7840,1.);
#4455=VECTOR('',#7841,1.);
#4456=VECTOR('',#7844,1.);
#4457=VECTOR('',#7849,1.);
#4458=VECTOR('',#7854,1.);
#4459=VECTOR('',#7859,1.);
#4460=VECTOR('',#7864,1.);
#4461=VECTOR('',#7867,1.);
#4462=VECTOR('',#7870,1.);
#4463=VECTOR('',#7875,1.);
#4464=VECTOR('',#7880,1.);
#4465=VECTOR('',#7885,1.);
#4466=VECTOR('',#7896,1.);
#4467=VECTOR('',#7897,1.);
#4468=VECTOR('',#7898,1.);
#4469=VECTOR('',#7901,1.);
#4470=VECTOR('',#7902,1.);
#4471=VECTOR('',#7905,1.);
#4472=VECTOR('',#7906,1.);
#4473=VECTOR('',#7909,1.);
#4474=VECTOR('',#7914,1.);
#4475=VECTOR('',#7915,1.);
#4476=VECTOR('',#7916,1.);
#4477=VECTOR('',#7919,1.);
#4478=VECTOR('',#7920,1.);
#4479=VECTOR('',#7923,1.);
#4480=VECTOR('',#7924,1.);
#4481=VECTOR('',#7927,1.);
#4482=VECTOR('',#7928,1.);
#4483=VECTOR('',#7931,1.);
#4484=VECTOR('',#7932,1.);
#4485=VECTOR('',#7935,1.);
#4486=VECTOR('',#7936,1.);
#4487=VECTOR('',#7939,1.);
#4488=VECTOR('',#7944,1.);
#4489=VECTOR('',#7945,1.);
#4490=VECTOR('',#7950,1.);
#4491=VECTOR('',#7955,1.);
#4492=VECTOR('',#7960,1.);
#4493=VECTOR('',#7961,1.);
#4494=VECTOR('',#7964,1.);
#4495=VECTOR('',#7965,1.);
#4496=VECTOR('',#7968,1.);
#4497=VECTOR('',#7969,1.);
#4498=VECTOR('',#7972,1.);
#4499=VECTOR('',#7977,1.);
#4500=VECTOR('',#7982,1.);
#4501=VECTOR('',#7987,1.);
#4502=VECTOR('',#7992,1.);
#4503=VECTOR('',#7997,1.);
#4504=VECTOR('',#8002,1.);
#4505=VECTOR('',#8007,1.);
#4506=VECTOR('',#8012,1.);
#4507=VECTOR('',#8017,1.);
#4508=VECTOR('',#8018,1.);
#4509=VECTOR('',#8021,1.);
#4510=VECTOR('',#8024,1.);
#4511=VECTOR('',#8033,1.);
#4512=VECTOR('',#8034,1.);
#4513=VECTOR('',#8039,1.);
#4514=VECTOR('',#8044,1.);
#4515=VECTOR('',#8049,1.);
#4516=VECTOR('',#8054,1.);
#4517=VECTOR('',#8059,1.);
#4518=VECTOR('',#8064,1.);
#4519=VECTOR('',#8069,1.);
#4520=VECTOR('',#8074,1.);
#4521=VECTOR('',#8079,1.);
#4522=VECTOR('',#8084,1.);
#4523=VECTOR('',#8085,1.);
#4524=VECTOR('',#8088,1.);
#4525=VECTOR('',#8093,1.);
#4526=VECTOR('',#8098,1.);
#4527=VECTOR('',#8103,1.);
#4528=VECTOR('',#8108,1.);
#4529=VECTOR('',#8113,1.);
#4530=VECTOR('',#8116,1.);
#4531=VECTOR('',#8119,1.);
#4532=VECTOR('',#8124,1.);
#4533=VECTOR('',#8125,1.);
#4534=VECTOR('',#8128,1.);
#4535=VECTOR('',#8133,1.);
#4536=VECTOR('',#8138,1.);
#4537=VECTOR('',#8139,1.);
#4538=VECTOR('',#8142,1.);
#4539=VECTOR('',#8147,1.);
#4540=VECTOR('',#8152,1.);
#4541=VECTOR('',#8157,1.);
#4542=VECTOR('',#8162,1.);
#4543=VECTOR('',#8167,1.);
#4544=VECTOR('',#8172,1.);
#4545=VECTOR('',#8173,1.);
#4546=VECTOR('',#8176,1.);
#4547=VECTOR('',#8181,1.);
#4548=VECTOR('',#8186,1.);
#4549=VECTOR('',#8191,1.);
#4550=VECTOR('',#8196,1.);
#4551=VECTOR('',#8201,1.);
#4552=VECTOR('',#8202,1.);
#4553=VECTOR('',#8207,1.);
#4554=VECTOR('',#8212,1.);
#4555=VECTOR('',#8217,1.);
#4556=VECTOR('',#8218,1.);
#4557=VECTOR('',#8221,1.);
#4558=VECTOR('',#8226,1.);
#4559=VECTOR('',#8231,1.);
#4560=VECTOR('',#8236,1.);
#4561=VECTOR('',#8237,1.);
#4562=VECTOR('',#8238,1.);
#4563=VECTOR('',#8241,1.);
#4564=VECTOR('',#8242,1.);
#4565=VECTOR('',#8245,1.);
#4566=VECTOR('',#8246,1.);
#4567=VECTOR('',#8249,1.);
#4568=VECTOR('',#8250,1.);
#4569=VECTOR('',#8253,1.);
#4570=VECTOR('',#8258,1.);
#4571=VECTOR('',#8259,1.);
#4572=VECTOR('',#8260,1.);
#4573=VECTOR('',#8263,1.);
#4574=VECTOR('',#8264,1.);
#4575=VECTOR('',#8267,1.);
#4576=VECTOR('',#8268,1.);
#4577=VECTOR('',#8271,1.);
#4578=VECTOR('',#8272,1.);
#4579=VECTOR('',#8275,1.);
#4580=VECTOR('',#8280,1.);
#4581=VECTOR('',#8281,1.);
#4582=VECTOR('',#8282,1.);
#4583=VECTOR('',#8285,1.);
#4584=VECTOR('',#8286,1.);
#4585=VECTOR('',#8289,1.);
#4586=VECTOR('',#8294,1.);
#4587=VECTOR('',#8299,1.);
#4588=VECTOR('',#8304,1.);
#4589=VECTOR('',#8309,1.);
#4590=VECTOR('',#8314,1.);
#4591=VECTOR('',#8319,1.);
#4592=VECTOR('',#8324,1.);
#4593=VECTOR('',#8329,1.);
#4594=VECTOR('',#8334,1.);
#4595=VECTOR('',#8339,1.);
#4596=VECTOR('',#8340,1.);
#4597=VECTOR('',#8343,1.);
#4598=VECTOR('',#8348,1.);
#4599=VECTOR('',#8353,1.);
#4600=VECTOR('',#8358,1.);
#4601=VECTOR('',#8363,1.);
#4602=VECTOR('',#8368,1.);
#4603=VECTOR('',#8373,1.);
#4604=VECTOR('',#8378,1.);
#4605=VECTOR('',#8379,1.);
#4606=VECTOR('',#8384,1.);
#4607=VECTOR('',#8389,1.);
#4608=VECTOR('',#8394,1.);
#4609=VECTOR('',#8395,1.);
#4610=VECTOR('',#8398,1.);
#4611=VECTOR('',#8403,1.);
#4612=VECTOR('',#8406,1.);
#4613=VECTOR('',#8409,1.);
#4614=VECTOR('',#8414,1.);
#4615=VECTOR('',#8419,1.);
#4616=VECTOR('',#8424,1.);
#4617=VECTOR('',#8425,1.);
#4618=VECTOR('',#8428,1.);
#4619=VECTOR('',#8429,1.);
#4620=VECTOR('',#8432,1.);
#4621=VECTOR('',#8433,1.);
#4622=VECTOR('',#8436,1.);
#4623=VECTOR('',#8441,1.);
#4624=VECTOR('',#8446,1.);
#4625=VECTOR('',#8451,1.);
#4626=VECTOR('',#8462,1.);
#4627=VECTOR('',#8463,1.);
#4628=VECTOR('',#8464,1.);
#4629=VECTOR('',#8467,1.);
#4630=VECTOR('',#8468,1.);
#4631=VECTOR('',#8471,1.);
#4632=VECTOR('',#8472,1.);
#4633=VECTOR('',#8475,1.);
#4634=VECTOR('',#8476,1.);
#4635=VECTOR('',#8479,1.);
#4636=VECTOR('',#8486,1.);
#4637=VECTOR('',#8487,1.);
#4638=VECTOR('',#8488,1.);
#4639=VECTOR('',#8489,1.);
#4640=VECTOR('',#8490,1.);
#4641=VECTOR('',#8491,1.);
#4642=VECTOR('',#8492,1.);
#4643=VECTOR('',#8493,1.);
#4644=VECTOR('',#8496,1.);
#4645=VECTOR('',#8497,1.);
#4646=VECTOR('',#8498,1.);
#4647=VECTOR('',#8499,1.);
#4648=VECTOR('',#8500,1.);
#4649=VECTOR('',#8501,1.);
#4650=VECTOR('',#8502,1.);
#4651=VECTOR('',#8503,1.);
#4652=VECTOR('',#8506,1.);
#4653=VECTOR('',#8507,1.);
#4654=VECTOR('',#8508,1.);
#4655=VECTOR('',#8509,1.);
#4656=VECTOR('',#8510,1.);
#4657=VECTOR('',#8511,1.);
#4658=VECTOR('',#8512,1.);
#4659=VECTOR('',#8513,1.);
#4660=VECTOR('',#8516,1.);
#4661=VECTOR('',#8517,1.);
#4662=VECTOR('',#8518,1.);
#4663=VECTOR('',#8519,1.);
#4664=VECTOR('',#8520,1.);
#4665=VECTOR('',#8521,1.);
#4666=VECTOR('',#8522,1.);
#4667=VECTOR('',#8523,1.);
#4668=VECTOR('',#8552,1.);
#4669=VECTOR('',#8557,1.);
#4670=VECTOR('',#8560,1.);
#4671=VECTOR('',#8561,1.);
#4672=VECTOR('',#8572,1.);
#4673=VECTOR('',#8577,1.);
#4674=VECTOR('',#8584,1.);
#4675=VECTOR('',#8585,1.);
#4676=VECTOR('',#8588,1.);
#4677=VECTOR('',#8589,1.);
#4678=VECTOR('',#8600,1.);
#4679=VECTOR('',#8601,1.);
#4680=VECTOR('',#8688,1.);
#4681=VECTOR('',#8689,1.);
#4682=VECTOR('',#8692,1.);
#4683=VECTOR('',#8695,1.);
#4684=VECTOR('',#8700,1.);
#4685=VECTOR('',#8701,1.);
#4686=VECTOR('',#8704,1.);
#4687=VECTOR('',#8707,1.);
#4688=VECTOR('',#8722,1.);
#4689=VECTOR('',#8723,1.);
#4690=VECTOR('',#8724,1.);
#4691=VECTOR('',#8725,1.);
#4692=VECTOR('',#8728,1.);
#4693=VECTOR('',#8729,1.);
#4694=VECTOR('',#8730,1.);
#4695=VECTOR('',#8733,1.);
#4696=VECTOR('',#8734,1.);
#4697=VECTOR('',#8735,1.);
#4698=VECTOR('',#8738,1.);
#4699=VECTOR('',#8797,1.);
#4700=VECTOR('',#8800,1.);
#4701=VECTOR('',#8831,1.);
#4702=VECTOR('',#8834,1.);
#4703=VECTOR('',#8849,1.);
#4704=VECTOR('',#8910,1.);
#4705=VECTOR('',#8913,1.);
#4706=VECTOR('',#8944,1.);
#4707=VECTOR('',#8947,1.);
#4708=VECTOR('',#9020,1.);
#4709=VECTOR('',#9021,1.);
#4710=VECTOR('',#9024,1.);
#4711=VECTOR('',#9027,1.);
#4712=VECTOR('',#9060,1.);
#4713=VECTOR('',#9061,1.);
#4714=VECTOR('',#9064,1.);
#4715=VECTOR('',#9067,1.);
#4716=EDGE_LOOP('',(#632,#633,#634,#635,#636));
#4717=EDGE_LOOP('',(#637,#638,#639,#640,#641,#642,#643,#644,#645,#646,#647,
#648,#649,#650,#651,#652,#653,#654));
#4718=EDGE_LOOP('',(#655,#656,#657,#658,#659,#660,#661,#662,#663,#664,#665,
#666,#667,#668,#669,#670,#671,#672,#673,#674));
#4719=EDGE_LOOP('',(#675,#676,#677,#678,#679));
#4720=EDGE_LOOP('',(#680,#681,#682,#683,#684));
#4721=EDGE_LOOP('',(#685,#686,#687,#688,#689,#690,#691));
#4722=EDGE_LOOP('',(#692,#693,#694,#695,#696,#697,#698,#699,#700,#701,#702,
#703,#704,#705,#706,#707,#708,#709,#710,#711,#712,#713,#714,#715,#716,#717,
#718,#719,#720,#721,#722,#723,#724,#725,#726));
#4723=EDGE_LOOP('',(#727,#728,#729,#730,#731,#732,#733,#734,#735,#736,#737,
#738,#739,#740,#741,#742,#743,#744,#745));
#4724=EDGE_LOOP('',(#746,#747,#748,#749,#750,#751,#752));
#4725=EDGE_LOOP('',(#753,#754,#755,#756));
#4726=EDGE_LOOP('',(#757,#758,#759,#760,#761,#762,#763,#764,#765,#766,#767,
#768,#769,#770,#771,#772,#773,#774,#775,#776,#777,#778,#779,#780,#781,#782));
#4727=EDGE_LOOP('',(#783,#784,#785,#786,#787,#788,#789,#790,#791,#792,#793,
#794,#795,#796,#797,#798,#799));
#4728=EDGE_LOOP('',(#800,#801,#802,#803));
#4729=EDGE_LOOP('',(#804));
#4730=EDGE_LOOP('',(#805,#806,#807,#808,#809,#810,#811,#812));
#4731=EDGE_LOOP('',(#813,#814,#815,#816));
#4732=EDGE_LOOP('',(#817,#818,#819,#820));
#4733=EDGE_LOOP('',(#821,#822,#823,#824));
#4734=EDGE_LOOP('',(#825,#826,#827,#828));
#4735=EDGE_LOOP('',(#829,#830,#831,#832));
#4736=EDGE_LOOP('',(#833,#834,#835,#836));
#4737=EDGE_LOOP('',(#837,#838,#839,#840));
#4738=EDGE_LOOP('',(#841,#842,#843,#844));
#4739=EDGE_LOOP('',(#845));
#4740=EDGE_LOOP('',(#846));
#4741=EDGE_LOOP('',(#847));
#4742=EDGE_LOOP('',(#848));
#4743=EDGE_LOOP('',(#849));
#4744=EDGE_LOOP('',(#850,#851,#852,#853));
#4745=EDGE_LOOP('',(#854,#855,#856,#857));
#4746=EDGE_LOOP('',(#858,#859,#860,#861));
#4747=EDGE_LOOP('',(#862,#863,#864,#865,#866,#867,#868,#869));
#4748=EDGE_LOOP('',(#870,#871,#872,#873));
#4749=EDGE_LOOP('',(#874,#875,#876,#877));
#4750=EDGE_LOOP('',(#878,#879,#880,#881));
#4751=EDGE_LOOP('',(#882,#883,#884,#885));
#4752=EDGE_LOOP('',(#886,#887,#888,#889));
#4753=EDGE_LOOP('',(#890,#891,#892,#893));
#4754=EDGE_LOOP('',(#894,#895,#896,#897));
#4755=EDGE_LOOP('',(#898,#899,#900,#901));
#4756=EDGE_LOOP('',(#902,#903,#904,#905));
#4757=EDGE_LOOP('',(#906));
#4758=EDGE_LOOP('',(#907));
#4759=EDGE_LOOP('',(#908));
#4760=EDGE_LOOP('',(#909));
#4761=EDGE_LOOP('',(#910));
#4762=EDGE_LOOP('',(#911));
#4763=EDGE_LOOP('',(#912));
#4764=EDGE_LOOP('',(#913));
#4765=EDGE_LOOP('',(#914));
#4766=EDGE_LOOP('',(#915));
#4767=EDGE_LOOP('',(#916));
#4768=EDGE_LOOP('',(#917));
#4769=EDGE_LOOP('',(#918));
#4770=EDGE_LOOP('',(#919));
#4771=EDGE_LOOP('',(#920));
#4772=EDGE_LOOP('',(#921));
#4773=EDGE_LOOP('',(#922));
#4774=EDGE_LOOP('',(#923));
#4775=EDGE_LOOP('',(#924));
#4776=EDGE_LOOP('',(#925));
#4777=EDGE_LOOP('',(#926));
#4778=EDGE_LOOP('',(#927));
#4779=EDGE_LOOP('',(#928));
#4780=EDGE_LOOP('',(#929));
#4781=EDGE_LOOP('',(#930));
#4782=EDGE_LOOP('',(#931));
#4783=EDGE_LOOP('',(#932));
#4784=EDGE_LOOP('',(#933));
#4785=EDGE_LOOP('',(#934));
#4786=EDGE_LOOP('',(#935));
#4787=EDGE_LOOP('',(#936,#937,#938,#939));
#4788=EDGE_LOOP('',(#940,#941,#942,#943));
#4789=EDGE_LOOP('',(#944,#945,#946,#947));
#4790=EDGE_LOOP('',(#948,#949,#950,#951));
#4791=EDGE_LOOP('',(#952,#953,#954,#955));
#4792=EDGE_LOOP('',(#956,#957,#958,#959));
#4793=EDGE_LOOP('',(#960,#961,#962,#963));
#4794=EDGE_LOOP('',(#964,#965,#966,#967));
#4795=EDGE_LOOP('',(#968,#969,#970,#971));
#4796=EDGE_LOOP('',(#972,#973,#974,#975));
#4797=EDGE_LOOP('',(#976,#977,#978,#979));
#4798=EDGE_LOOP('',(#980,#981,#982,#983));
#4799=EDGE_LOOP('',(#984,#985,#986,#987));
#4800=EDGE_LOOP('',(#988,#989,#990,#991));
#4801=EDGE_LOOP('',(#992,#993,#994,#995));
#4802=EDGE_LOOP('',(#996,#997,#998,#999));
#4803=EDGE_LOOP('',(#1000,#1001,#1002,#1003));
#4804=EDGE_LOOP('',(#1004,#1005,#1006,#1007));
#4805=EDGE_LOOP('',(#1008,#1009,#1010,#1011));
#4806=EDGE_LOOP('',(#1012,#1013,#1014,#1015));
#4807=EDGE_LOOP('',(#1016,#1017,#1018,#1019));
#4808=EDGE_LOOP('',(#1020,#1021,#1022,#1023));
#4809=EDGE_LOOP('',(#1024,#1025,#1026,#1027));
#4810=EDGE_LOOP('',(#1028,#1029,#1030,#1031));
#4811=EDGE_LOOP('',(#1032,#1033,#1034,#1035));
#4812=EDGE_LOOP('',(#1036,#1037,#1038,#1039));
#4813=EDGE_LOOP('',(#1040,#1041,#1042,#1043));
#4814=EDGE_LOOP('',(#1044,#1045,#1046,#1047));
#4815=EDGE_LOOP('',(#1048,#1049,#1050,#1051));
#4816=EDGE_LOOP('',(#1052,#1053,#1054,#1055));
#4817=EDGE_LOOP('',(#1056,#1057,#1058,#1059));
#4818=EDGE_LOOP('',(#1060,#1061,#1062,#1063));
#4819=EDGE_LOOP('',(#1064,#1065,#1066,#1067));
#4820=EDGE_LOOP('',(#1068,#1069,#1070,#1071));
#4821=EDGE_LOOP('',(#1072,#1073,#1074,#1075));
#4822=EDGE_LOOP('',(#1076,#1077,#1078,#1079));
#4823=EDGE_LOOP('',(#1080,#1081,#1082,#1083));
#4824=EDGE_LOOP('',(#1084,#1085,#1086,#1087));
#4825=EDGE_LOOP('',(#1088,#1089,#1090,#1091));
#4826=EDGE_LOOP('',(#1092,#1093,#1094,#1095));
#4827=EDGE_LOOP('',(#1096,#1097,#1098,#1099));
#4828=EDGE_LOOP('',(#1100,#1101,#1102,#1103));
#4829=EDGE_LOOP('',(#1104,#1105,#1106,#1107));
#4830=EDGE_LOOP('',(#1108,#1109,#1110,#1111));
#4831=EDGE_LOOP('',(#1112,#1113,#1114,#1115));
#4832=EDGE_LOOP('',(#1116,#1117,#1118,#1119));
#4833=EDGE_LOOP('',(#1120,#1121,#1122,#1123,#1124,#1125,#1126,#1127,#1128,
#1129,#1130,#1131,#1132,#1133,#1134,#1135,#1136));
#4834=EDGE_LOOP('',(#1137,#1138,#1139,#1140));
#4835=EDGE_LOOP('',(#1141,#1142,#1143,#1144));
#4836=EDGE_LOOP('',(#1145,#1146,#1147,#1148));
#4837=EDGE_LOOP('',(#1149,#1150,#1151,#1152));
#4838=EDGE_LOOP('',(#1153,#1154,#1155,#1156));
#4839=EDGE_LOOP('',(#1157,#1158,#1159,#1160));
#4840=EDGE_LOOP('',(#1161,#1162,#1163,#1164));
#4841=EDGE_LOOP('',(#1165,#1166,#1167,#1168));
#4842=EDGE_LOOP('',(#1169,#1170,#1171,#1172));
#4843=EDGE_LOOP('',(#1173,#1174,#1175,#1176));
#4844=EDGE_LOOP('',(#1177,#1178,#1179,#1180));
#4845=EDGE_LOOP('',(#1181,#1182,#1183,#1184));
#4846=EDGE_LOOP('',(#1185,#1186,#1187,#1188));
#4847=EDGE_LOOP('',(#1189,#1190,#1191,#1192));
#4848=EDGE_LOOP('',(#1193,#1194,#1195,#1196));
#4849=EDGE_LOOP('',(#1197,#1198,#1199,#1200));
#4850=EDGE_LOOP('',(#1201,#1202,#1203,#1204));
#4851=EDGE_LOOP('',(#1205,#1206,#1207,#1208));
#4852=EDGE_LOOP('',(#1209,#1210,#1211,#1212));
#4853=EDGE_LOOP('',(#1213,#1214,#1215,#1216));
#4854=EDGE_LOOP('',(#1217,#1218,#1219,#1220));
#4855=EDGE_LOOP('',(#1221,#1222,#1223,#1224));
#4856=EDGE_LOOP('',(#1225,#1226,#1227,#1228));
#4857=EDGE_LOOP('',(#1229,#1230,#1231,#1232));
#4858=EDGE_LOOP('',(#1233,#1234,#1235,#1236));
#4859=EDGE_LOOP('',(#1237,#1238,#1239,#1240));
#4860=EDGE_LOOP('',(#1241,#1242,#1243,#1244,#1245,#1246,#1247,#1248,#1249,
#1250,#1251,#1252,#1253,#1254,#1255,#1256,#1257,#1258,#1259,#1260,#1261,
#1262,#1263,#1264,#1265,#1266));
#4861=EDGE_LOOP('',(#1267,#1268,#1269,#1270));
#4862=EDGE_LOOP('',(#1271,#1272,#1273,#1274));
#4863=EDGE_LOOP('',(#1275,#1276,#1277,#1278));
#4864=EDGE_LOOP('',(#1279,#1280,#1281,#1282));
#4865=EDGE_LOOP('',(#1283,#1284,#1285,#1286));
#4866=EDGE_LOOP('',(#1287,#1288,#1289,#1290));
#4867=EDGE_LOOP('',(#1291,#1292,#1293,#1294));
#4868=EDGE_LOOP('',(#1295,#1296,#1297,#1298));
#4869=EDGE_LOOP('',(#1299,#1300,#1301,#1302));
#4870=EDGE_LOOP('',(#1303,#1304,#1305,#1306));
#4871=EDGE_LOOP('',(#1307,#1308,#1309,#1310));
#4872=EDGE_LOOP('',(#1311,#1312,#1313,#1314));
#4873=EDGE_LOOP('',(#1315,#1316,#1317,#1318,#1319,#1320,#1321));
#4874=EDGE_LOOP('',(#1322,#1323,#1324,#1325));
#4875=EDGE_LOOP('',(#1326,#1327,#1328,#1329));
#4876=EDGE_LOOP('',(#1330,#1331,#1332,#1333));
#4877=EDGE_LOOP('',(#1334,#1335,#1336,#1337));
#4878=EDGE_LOOP('',(#1338,#1339,#1340,#1341));
#4879=EDGE_LOOP('',(#1342,#1343,#1344,#1345));
#4880=EDGE_LOOP('',(#1346,#1347,#1348,#1349));
#4881=EDGE_LOOP('',(#1350,#1351,#1352,#1353));
#4882=EDGE_LOOP('',(#1354,#1355,#1356,#1357));
#4883=EDGE_LOOP('',(#1358,#1359,#1360,#1361));
#4884=EDGE_LOOP('',(#1362,#1363,#1364,#1365));
#4885=EDGE_LOOP('',(#1366,#1367,#1368,#1369));
#4886=EDGE_LOOP('',(#1370,#1371,#1372,#1373));
#4887=EDGE_LOOP('',(#1374,#1375,#1376,#1377));
#4888=EDGE_LOOP('',(#1378,#1379,#1380,#1381));
#4889=EDGE_LOOP('',(#1382,#1383,#1384,#1385));
#4890=EDGE_LOOP('',(#1386,#1387,#1388,#1389));
#4891=EDGE_LOOP('',(#1390,#1391,#1392,#1393));
#4892=EDGE_LOOP('',(#1394,#1395,#1396,#1397));
#4893=EDGE_LOOP('',(#1398,#1399,#1400,#1401,#1402,#1403,#1404,#1405,#1406,
#1407,#1408,#1409,#1410,#1411,#1412,#1413,#1414,#1415,#1416));
#4894=EDGE_LOOP('',(#1417,#1418,#1419,#1420));
#4895=EDGE_LOOP('',(#1421,#1422,#1423,#1424));
#4896=EDGE_LOOP('',(#1425,#1426,#1427,#1428));
#4897=EDGE_LOOP('',(#1429,#1430,#1431,#1432));
#4898=EDGE_LOOP('',(#1433,#1434,#1435,#1436));
#4899=EDGE_LOOP('',(#1437,#1438,#1439,#1440));
#4900=EDGE_LOOP('',(#1441,#1442,#1443,#1444));
#4901=EDGE_LOOP('',(#1445,#1446,#1447,#1448));
#4902=EDGE_LOOP('',(#1449,#1450,#1451,#1452));
#4903=EDGE_LOOP('',(#1453,#1454,#1455,#1456));
#4904=EDGE_LOOP('',(#1457,#1458,#1459,#1460));
#4905=EDGE_LOOP('',(#1461,#1462,#1463,#1464));
#4906=EDGE_LOOP('',(#1465,#1466,#1467,#1468));
#4907=EDGE_LOOP('',(#1469,#1470,#1471,#1472));
#4908=EDGE_LOOP('',(#1473,#1474,#1475,#1476));
#4909=EDGE_LOOP('',(#1477,#1478,#1479,#1480));
#4910=EDGE_LOOP('',(#1481,#1482,#1483,#1484));
#4911=EDGE_LOOP('',(#1485,#1486,#1487,#1488));
#4912=EDGE_LOOP('',(#1489,#1490,#1491,#1492));
#4913=EDGE_LOOP('',(#1493,#1494,#1495,#1496));
#4914=EDGE_LOOP('',(#1497,#1498,#1499,#1500));
#4915=EDGE_LOOP('',(#1501,#1502,#1503,#1504));
#4916=EDGE_LOOP('',(#1505,#1506,#1507,#1508));
#4917=EDGE_LOOP('',(#1509,#1510,#1511,#1512));
#4918=EDGE_LOOP('',(#1513,#1514,#1515,#1516));
#4919=EDGE_LOOP('',(#1517,#1518,#1519,#1520));
#4920=EDGE_LOOP('',(#1521,#1522,#1523,#1524));
#4921=EDGE_LOOP('',(#1525,#1526,#1527,#1528));
#4922=EDGE_LOOP('',(#1529,#1530,#1531,#1532));
#4923=EDGE_LOOP('',(#1533,#1534,#1535,#1536));
#4924=EDGE_LOOP('',(#1537,#1538,#1539,#1540));
#4925=EDGE_LOOP('',(#1541,#1542,#1543,#1544));
#4926=EDGE_LOOP('',(#1545,#1546,#1547,#1548));
#4927=EDGE_LOOP('',(#1549,#1550,#1551,#1552));
#4928=EDGE_LOOP('',(#1553,#1554,#1555,#1556));
#4929=EDGE_LOOP('',(#1557,#1558,#1559,#1560,#1561,#1562,#1563,#1564,#1565,
#1566,#1567,#1568,#1569,#1570,#1571,#1572,#1573,#1574,#1575,#1576,#1577,
#1578,#1579,#1580,#1581,#1582,#1583,#1584,#1585,#1586,#1587,#1588,#1589,
#1590,#1591));
#4930=EDGE_LOOP('',(#1592,#1593,#1594,#1595));
#4931=EDGE_LOOP('',(#1596,#1597,#1598,#1599));
#4932=EDGE_LOOP('',(#1600,#1601,#1602,#1603));
#4933=EDGE_LOOP('',(#1604,#1605,#1606,#1607));
#4934=EDGE_LOOP('',(#1608,#1609,#1610,#1611));
#4935=EDGE_LOOP('',(#1612,#1613,#1614,#1615));
#4936=EDGE_LOOP('',(#1616,#1617,#1618,#1619));
#4937=EDGE_LOOP('',(#1620,#1621,#1622,#1623,#1624,#1625,#1626));
#4938=EDGE_LOOP('',(#1627,#1628,#1629,#1630));
#4939=EDGE_LOOP('',(#1631,#1632,#1633,#1634));
#4940=EDGE_LOOP('',(#1635,#1636,#1637,#1638));
#4941=EDGE_LOOP('',(#1639,#1640,#1641,#1642));
#4942=EDGE_LOOP('',(#1643,#1644,#1645,#1646));
#4943=EDGE_LOOP('',(#1647,#1648,#1649,#1650,#1651));
#4944=EDGE_LOOP('',(#1652,#1653,#1654,#1655));
#4945=EDGE_LOOP('',(#1656,#1657,#1658,#1659));
#4946=EDGE_LOOP('',(#1660,#1661,#1662,#1663));
#4947=EDGE_LOOP('',(#1664,#1665,#1666,#1667));
#4948=EDGE_LOOP('',(#1668,#1669,#1670,#1671));
#4949=EDGE_LOOP('',(#1672,#1673,#1674,#1675,#1676));
#4950=EDGE_LOOP('',(#1677,#1678,#1679,#1680));
#4951=EDGE_LOOP('',(#1681,#1682,#1683,#1684));
#4952=EDGE_LOOP('',(#1685,#1686,#1687,#1688));
#4953=EDGE_LOOP('',(#1689,#1690,#1691,#1692));
#4954=EDGE_LOOP('',(#1693,#1694,#1695,#1696));
#4955=EDGE_LOOP('',(#1697,#1698,#1699,#1700));
#4956=EDGE_LOOP('',(#1701,#1702,#1703,#1704));
#4957=EDGE_LOOP('',(#1705,#1706,#1707,#1708));
#4958=EDGE_LOOP('',(#1709,#1710,#1711,#1712));
#4959=EDGE_LOOP('',(#1713,#1714,#1715,#1716));
#4960=EDGE_LOOP('',(#1717,#1718,#1719,#1720));
#4961=EDGE_LOOP('',(#1721,#1722,#1723,#1724));
#4962=EDGE_LOOP('',(#1725,#1726,#1727,#1728));
#4963=EDGE_LOOP('',(#1729,#1730,#1731,#1732));
#4964=EDGE_LOOP('',(#1733,#1734,#1735,#1736));
#4965=EDGE_LOOP('',(#1737,#1738,#1739,#1740));
#4966=EDGE_LOOP('',(#1741,#1742,#1743,#1744));
#4967=EDGE_LOOP('',(#1745,#1746,#1747,#1748));
#4968=EDGE_LOOP('',(#1749,#1750,#1751,#1752));
#4969=EDGE_LOOP('',(#1753,#1754,#1755,#1756));
#4970=EDGE_LOOP('',(#1757,#1758,#1759,#1760,#1761,#1762,#1763,#1764,#1765,
#1766,#1767,#1768,#1769,#1770,#1771,#1772,#1773,#1774,#1775,#1776));
#4971=EDGE_LOOP('',(#1777,#1778,#1779,#1780));
#4972=EDGE_LOOP('',(#1781,#1782,#1783,#1784));
#4973=EDGE_LOOP('',(#1785,#1786,#1787,#1788));
#4974=EDGE_LOOP('',(#1789,#1790,#1791,#1792));
#4975=EDGE_LOOP('',(#1793,#1794,#1795,#1796));
#4976=EDGE_LOOP('',(#1797,#1798,#1799,#1800));
#4977=EDGE_LOOP('',(#1801,#1802,#1803,#1804));
#4978=EDGE_LOOP('',(#1805,#1806,#1807,#1808));
#4979=EDGE_LOOP('',(#1809,#1810,#1811,#1812));
#4980=EDGE_LOOP('',(#1813,#1814,#1815,#1816));
#4981=EDGE_LOOP('',(#1817,#1818,#1819,#1820));
#4982=EDGE_LOOP('',(#1821,#1822,#1823,#1824));
#4983=EDGE_LOOP('',(#1825,#1826,#1827,#1828));
#4984=EDGE_LOOP('',(#1829,#1830,#1831,#1832));
#4985=EDGE_LOOP('',(#1833,#1834,#1835,#1836));
#4986=EDGE_LOOP('',(#1837,#1838,#1839,#1840));
#4987=EDGE_LOOP('',(#1841,#1842,#1843,#1844));
#4988=EDGE_LOOP('',(#1845,#1846,#1847,#1848));
#4989=EDGE_LOOP('',(#1849,#1850,#1851,#1852,#1853,#1854,#1855,#1856,#1857,
#1858,#1859,#1860,#1861,#1862,#1863,#1864,#1865,#1866));
#4990=EDGE_LOOP('',(#1867,#1868,#1869,#1870));
#4991=EDGE_LOOP('',(#1871,#1872,#1873,#1874));
#4992=EDGE_LOOP('',(#1875,#1876,#1877,#1878));
#4993=EDGE_LOOP('',(#1879,#1880,#1881,#1882));
#4994=EDGE_LOOP('',(#1883,#1884,#1885,#1886));
#4995=EDGE_LOOP('',(#1887,#1888,#1889,#1890,#1891));
#4996=EDGE_LOOP('',(#1892,#1893,#1894,#1895));
#4997=EDGE_LOOP('',(#1896,#1897,#1898,#1899));
#4998=EDGE_LOOP('',(#1900,#1901,#1902,#1903));
#4999=EDGE_LOOP('',(#1904,#1905,#1906,#1907));
#5000=EDGE_LOOP('',(#1908,#1909,#1910,#1911));
#5001=EDGE_LOOP('',(#1912,#1913,#1914,#1915));
#5002=EDGE_LOOP('',(#1916,#1917,#1918,#1919));
#5003=EDGE_LOOP('',(#1920,#1921,#1922,#1923));
#5004=EDGE_LOOP('',(#1924));
#5005=EDGE_LOOP('',(#1925));
#5006=EDGE_LOOP('',(#1926));
#5007=EDGE_LOOP('',(#1927));
#5008=EDGE_LOOP('',(#1928));
#5009=EDGE_LOOP('',(#1929));
#5010=EDGE_LOOP('',(#1930));
#5011=EDGE_LOOP('',(#1931));
#5012=EDGE_LOOP('',(#1932,#1933,#1934,#1935,#1936,#1937,#1938,#1939));
#5013=EDGE_LOOP('',(#1940,#1941,#1942,#1943));
#5014=EDGE_LOOP('',(#1944));
#5015=EDGE_LOOP('',(#1945));
#5016=EDGE_LOOP('',(#1946));
#5017=EDGE_LOOP('',(#1947));
#5018=EDGE_LOOP('',(#1948,#1949,#1950,#1951,#1952,#1953,#1954,#1955));
#5019=EDGE_LOOP('',(#1956,#1957,#1958,#1959));
#5020=EDGE_LOOP('',(#1960,#1961,#1962,#1963));
#5021=EDGE_LOOP('',(#1964));
#5022=EDGE_LOOP('',(#1965));
#5023=EDGE_LOOP('',(#1966));
#5024=EDGE_LOOP('',(#1967));
#5025=EDGE_LOOP('',(#1968,#1969,#1970,#1971));
#5026=EDGE_LOOP('',(#1972,#1973,#1974,#1975));
#5027=EDGE_LOOP('',(#1976,#1977,#1978,#1979));
#5028=EDGE_LOOP('',(#1980));
#5029=EDGE_LOOP('',(#1981));
#5030=EDGE_LOOP('',(#1982));
#5031=EDGE_LOOP('',(#1983));
#5032=EDGE_LOOP('',(#1984));
#5033=EDGE_LOOP('',(#1985));
#5034=EDGE_LOOP('',(#1986));
#5035=EDGE_LOOP('',(#1987));
#5036=EDGE_LOOP('',(#1988));
#5037=EDGE_LOOP('',(#1989));
#5038=EDGE_LOOP('',(#1990));
#5039=EDGE_LOOP('',(#1991));
#5040=EDGE_LOOP('',(#1992));
#5041=EDGE_LOOP('',(#1993));
#5042=EDGE_LOOP('',(#1994));
#5043=EDGE_LOOP('',(#1995));
#5044=EDGE_LOOP('',(#1996));
#5045=EDGE_LOOP('',(#1997));
#5046=EDGE_LOOP('',(#1998));
#5047=EDGE_LOOP('',(#1999));
#5048=EDGE_LOOP('',(#2000));
#5049=EDGE_LOOP('',(#2001));
#5050=EDGE_LOOP('',(#2002));
#5051=EDGE_LOOP('',(#2003));
#5052=EDGE_LOOP('',(#2004));
#5053=EDGE_LOOP('',(#2005));
#5054=EDGE_LOOP('',(#2006));
#5055=EDGE_LOOP('',(#2007));
#5056=EDGE_LOOP('',(#2008));
#5057=EDGE_LOOP('',(#2009));
#5058=EDGE_LOOP('',(#2010));
#5059=EDGE_LOOP('',(#2011));
#5060=EDGE_LOOP('',(#2012));
#5061=EDGE_LOOP('',(#2013));
#5062=EDGE_LOOP('',(#2014));
#5063=EDGE_LOOP('',(#2015));
#5064=EDGE_LOOP('',(#2016));
#5065=EDGE_LOOP('',(#2017));
#5066=EDGE_LOOP('',(#2018));
#5067=EDGE_LOOP('',(#2019));
#5068=EDGE_LOOP('',(#2020));
#5069=EDGE_LOOP('',(#2021));
#5070=EDGE_LOOP('',(#2022));
#5071=EDGE_LOOP('',(#2023));
#5072=EDGE_LOOP('',(#2024));
#5073=EDGE_LOOP('',(#2025));
#5074=EDGE_LOOP('',(#2026));
#5075=EDGE_LOOP('',(#2027));
#5076=EDGE_LOOP('',(#2028,#2029,#2030,#2031));
#5077=EDGE_LOOP('',(#2032,#2033,#2034,#2035));
#5078=EDGE_LOOP('',(#2036,#2037,#2038,#2039));
#5079=EDGE_LOOP('',(#2040,#2041,#2042,#2043));
#5080=EDGE_LOOP('',(#2044,#2045,#2046,#2047));
#5081=EDGE_LOOP('',(#2048,#2049,#2050,#2051));
#5082=EDGE_LOOP('',(#2052,#2053,#2054,#2055));
#5083=EDGE_LOOP('',(#2056,#2057,#2058,#2059));
#5084=EDGE_LOOP('',(#2060,#2061,#2062,#2063));
#5085=EDGE_LOOP('',(#2064,#2065,#2066,#2067));
#5086=EDGE_LOOP('',(#2068,#2069,#2070,#2071));
#5087=EDGE_LOOP('',(#2072,#2073,#2074,#2075));
#5088=EDGE_LOOP('',(#2076,#2077,#2078,#2079));
#5089=EDGE_LOOP('',(#2080,#2081,#2082,#2083));
#5090=EDGE_LOOP('',(#2084,#2085,#2086,#2087));
#5091=EDGE_LOOP('',(#2088,#2089,#2090,#2091));
#5092=EDGE_LOOP('',(#2092));
#5093=EDGE_LOOP('',(#2093));
#5094=EDGE_LOOP('',(#2094));
#5095=EDGE_LOOP('',(#2095));
#5096=EDGE_LOOP('',(#2096));
#5097=EDGE_LOOP('',(#2097));
#5098=EDGE_LOOP('',(#2098));
#5099=EDGE_LOOP('',(#2099));
#5100=EDGE_LOOP('',(#2100));
#5101=EDGE_LOOP('',(#2101));
#5102=EDGE_LOOP('',(#2102));
#5103=EDGE_LOOP('',(#2103));
#5104=EDGE_LOOP('',(#2104));
#5105=EDGE_LOOP('',(#2105));
#5106=EDGE_LOOP('',(#2106));
#5107=EDGE_LOOP('',(#2107));
#5108=EDGE_LOOP('',(#2108));
#5109=EDGE_LOOP('',(#2109));
#5110=EDGE_LOOP('',(#2110));
#5111=EDGE_LOOP('',(#2111));
#5112=EDGE_LOOP('',(#2112));
#5113=EDGE_LOOP('',(#2113));
#5114=EDGE_LOOP('',(#2114));
#5115=EDGE_LOOP('',(#2115));
#5116=EDGE_LOOP('',(#2116));
#5117=EDGE_LOOP('',(#2117));
#5118=EDGE_LOOP('',(#2118));
#5119=EDGE_LOOP('',(#2119));
#5120=EDGE_LOOP('',(#2120));
#5121=EDGE_LOOP('',(#2121,#2122,#2123,#2124));
#5122=EDGE_LOOP('',(#2125));
#5123=EDGE_LOOP('',(#2126));
#5124=EDGE_LOOP('',(#2127));
#5125=EDGE_LOOP('',(#2128));
#5126=EDGE_LOOP('',(#2129));
#5127=EDGE_LOOP('',(#2130));
#5128=EDGE_LOOP('',(#2131));
#5129=EDGE_LOOP('',(#2132));
#5130=EDGE_LOOP('',(#2133));
#5131=EDGE_LOOP('',(#2134));
#5132=EDGE_LOOP('',(#2135));
#5133=EDGE_LOOP('',(#2136));
#5134=EDGE_LOOP('',(#2137));
#5135=EDGE_LOOP('',(#2138));
#5136=EDGE_LOOP('',(#2139,#2140,#2141,#2142));
#5137=EDGE_LOOP('',(#2143));
#5138=EDGE_LOOP('',(#2144));
#5139=EDGE_LOOP('',(#2145));
#5140=EDGE_LOOP('',(#2146));
#5141=EDGE_LOOP('',(#2147));
#5142=EDGE_LOOP('',(#2148,#2149,#2150,#2151));
#5143=EDGE_LOOP('',(#2152));
#5144=EDGE_LOOP('',(#2153));
#5145=EDGE_LOOP('',(#2154));
#5146=EDGE_LOOP('',(#2155));
#5147=EDGE_LOOP('',(#2156));
#5148=EDGE_LOOP('',(#2157));
#5149=EDGE_LOOP('',(#2158));
#5150=EDGE_LOOP('',(#2159));
#5151=EDGE_LOOP('',(#2160));
#5152=EDGE_LOOP('',(#2161));
#5153=EDGE_LOOP('',(#2162));
#5154=EDGE_LOOP('',(#2163));
#5155=EDGE_LOOP('',(#2164));
#5156=EDGE_LOOP('',(#2165));
#5157=EDGE_LOOP('',(#2166));
#5158=EDGE_LOOP('',(#2167));
#5159=EDGE_LOOP('',(#2168));
#5160=EDGE_LOOP('',(#2169));
#5161=EDGE_LOOP('',(#2170));
#5162=EDGE_LOOP('',(#2171));
#5163=EDGE_LOOP('',(#2172));
#5164=EDGE_LOOP('',(#2173));
#5165=EDGE_LOOP('',(#2174));
#5166=EDGE_LOOP('',(#2175));
#5167=EDGE_LOOP('',(#2176));
#5168=EDGE_LOOP('',(#2177));
#5169=EDGE_LOOP('',(#2178));
#5170=EDGE_LOOP('',(#2179));
#5171=EDGE_LOOP('',(#2180));
#5172=EDGE_LOOP('',(#2181,#2182,#2183,#2184));
#5173=EDGE_LOOP('',(#2185));
#5174=EDGE_LOOP('',(#2186));
#5175=EDGE_LOOP('',(#2187));
#5176=EDGE_LOOP('',(#2188));
#5177=EDGE_LOOP('',(#2189));
#5178=EDGE_LOOP('',(#2190));
#5179=EDGE_LOOP('',(#2191));
#5180=EDGE_LOOP('',(#2192));
#5181=EDGE_LOOP('',(#2193));
#5182=EDGE_LOOP('',(#2194));
#5183=EDGE_LOOP('',(#2195));
#5184=EDGE_LOOP('',(#2196));
#5185=EDGE_LOOP('',(#2197));
#5186=EDGE_LOOP('',(#2198));
#5187=EDGE_LOOP('',(#2199,#2200,#2201,#2202));
#5188=EDGE_LOOP('',(#2203));
#5189=EDGE_LOOP('',(#2204));
#5190=EDGE_LOOP('',(#2205));
#5191=EDGE_LOOP('',(#2206));
#5192=EDGE_LOOP('',(#2207));
#5193=EDGE_LOOP('',(#2208,#2209,#2210,#2211));
#5194=EDGE_LOOP('',(#2212));
#5195=EDGE_LOOP('',(#2213));
#5196=EDGE_LOOP('',(#2214));
#5197=EDGE_LOOP('',(#2215));
#5198=EDGE_LOOP('',(#2216));
#5199=EDGE_LOOP('',(#2217));
#5200=EDGE_LOOP('',(#2218));
#5201=EDGE_LOOP('',(#2219));
#5202=EDGE_LOOP('',(#2220));
#5203=EDGE_LOOP('',(#2221));
#5204=EDGE_LOOP('',(#2222));
#5205=EDGE_LOOP('',(#2223));
#5206=EDGE_LOOP('',(#2224));
#5207=EDGE_LOOP('',(#2225));
#5208=EDGE_LOOP('',(#2226));
#5209=EDGE_LOOP('',(#2227));
#5210=EDGE_LOOP('',(#2228));
#5211=EDGE_LOOP('',(#2229));
#5212=EDGE_LOOP('',(#2230));
#5213=EDGE_LOOP('',(#2231));
#5214=EDGE_LOOP('',(#2232));
#5215=EDGE_LOOP('',(#2233));
#5216=EDGE_LOOP('',(#2234));
#5217=EDGE_LOOP('',(#2235));
#5218=EDGE_LOOP('',(#2236));
#5219=EDGE_LOOP('',(#2237));
#5220=EDGE_LOOP('',(#2238));
#5221=EDGE_LOOP('',(#2239));
#5222=EDGE_LOOP('',(#2240));
#5223=EDGE_LOOP('',(#2241));
#5224=EDGE_LOOP('',(#2242));
#5225=EDGE_LOOP('',(#2243));
#5226=EDGE_LOOP('',(#2244));
#5227=EDGE_LOOP('',(#2245));
#5228=EDGE_LOOP('',(#2246));
#5229=EDGE_LOOP('',(#2247));
#5230=EDGE_LOOP('',(#2248));
#5231=EDGE_LOOP('',(#2249));
#5232=EDGE_LOOP('',(#2250));
#5233=EDGE_LOOP('',(#2251));
#5234=EDGE_LOOP('',(#2252));
#5235=EDGE_LOOP('',(#2253));
#5236=EDGE_LOOP('',(#2254));
#5237=EDGE_LOOP('',(#2255));
#5238=EDGE_LOOP('',(#2256));
#5239=EDGE_LOOP('',(#2257));
#5240=EDGE_LOOP('',(#2258));
#5241=EDGE_LOOP('',(#2259));
#5242=EDGE_LOOP('',(#2260));
#5243=EDGE_LOOP('',(#2261));
#5244=EDGE_LOOP('',(#2262));
#5245=EDGE_LOOP('',(#2263));
#5246=EDGE_LOOP('',(#2264));
#5247=EDGE_LOOP('',(#2265));
#5248=EDGE_LOOP('',(#2266));
#5249=EDGE_LOOP('',(#2267));
#5250=EDGE_LOOP('',(#2268));
#5251=EDGE_LOOP('',(#2269));
#5252=EDGE_LOOP('',(#2270,#2271,#2272,#2273));
#5253=EDGE_LOOP('',(#2274,#2275,#2276,#2277));
#5254=EDGE_LOOP('',(#2278,#2279,#2280,#2281));
#5255=EDGE_LOOP('',(#2282,#2283,#2284,#2285));
#5256=EDGE_LOOP('',(#2286));
#5257=EDGE_LOOP('',(#2287));
#5258=EDGE_LOOP('',(#2288));
#5259=EDGE_LOOP('',(#2289));
#5260=EDGE_LOOP('',(#2290));
#5261=EDGE_LOOP('',(#2291));
#5262=EDGE_LOOP('',(#2292));
#5263=EDGE_LOOP('',(#2293));
#5264=EDGE_LOOP('',(#2294));
#5265=EDGE_LOOP('',(#2295));
#5266=EDGE_LOOP('',(#2296));
#5267=EDGE_LOOP('',(#2297));
#5268=EDGE_LOOP('',(#2298));
#5269=EDGE_LOOP('',(#2299));
#5270=EDGE_LOOP('',(#2300));
#5271=EDGE_LOOP('',(#2301));
#5272=EDGE_LOOP('',(#2302));
#5273=EDGE_LOOP('',(#2303));
#5274=EDGE_LOOP('',(#2304));
#5275=EDGE_LOOP('',(#2305));
#5276=EDGE_LOOP('',(#2306));
#5277=EDGE_LOOP('',(#2307));
#5278=EDGE_LOOP('',(#2308));
#5279=EDGE_LOOP('',(#2309));
#5280=EDGE_LOOP('',(#2310));
#5281=EDGE_LOOP('',(#2311));
#5282=EDGE_LOOP('',(#2312));
#5283=EDGE_LOOP('',(#2313));
#5284=EDGE_LOOP('',(#2314,#2315,#2316,#2317));
#5285=EDGE_LOOP('',(#2318,#2319,#2320,#2321));
#5286=EDGE_LOOP('',(#2322,#2323,#2324,#2325));
#5287=EDGE_LOOP('',(#2326,#2327,#2328,#2329));
#5288=EDGE_LOOP('',(#2330));
#5289=EDGE_LOOP('',(#2331));
#5290=EDGE_LOOP('',(#2332));
#5291=EDGE_LOOP('',(#2333));
#5292=EDGE_LOOP('',(#2334));
#5293=EDGE_LOOP('',(#2335));
#5294=EDGE_LOOP('',(#2336));
#5295=EDGE_LOOP('',(#2337));
#5296=EDGE_LOOP('',(#2338));
#5297=EDGE_LOOP('',(#2339));
#5298=FACE_BOUND('',#4716,.T.);
#5299=FACE_BOUND('',#4717,.T.);
#5300=FACE_BOUND('',#4718,.T.);
#5301=FACE_BOUND('',#4719,.T.);
#5302=FACE_BOUND('',#4720,.T.);
#5303=FACE_BOUND('',#4721,.T.);
#5304=FACE_BOUND('',#4722,.T.);
#5305=FACE_BOUND('',#4723,.T.);
#5306=FACE_BOUND('',#4724,.T.);
#5307=FACE_BOUND('',#4725,.T.);
#5308=FACE_BOUND('',#4726,.T.);
#5309=FACE_BOUND('',#4727,.T.);
#5310=FACE_BOUND('',#4728,.T.);
#5311=FACE_BOUND('',#4729,.T.);
#5312=FACE_BOUND('',#4730,.T.);
#5313=FACE_BOUND('',#4731,.T.);
#5314=FACE_BOUND('',#4732,.T.);
#5315=FACE_BOUND('',#4733,.T.);
#5316=FACE_BOUND('',#4734,.T.);
#5317=FACE_BOUND('',#4735,.T.);
#5318=FACE_BOUND('',#4736,.T.);
#5319=FACE_BOUND('',#4737,.T.);
#5320=FACE_BOUND('',#4738,.T.);
#5321=FACE_BOUND('',#4739,.T.);
#5322=FACE_BOUND('',#4740,.T.);
#5323=FACE_BOUND('',#4741,.T.);
#5324=FACE_BOUND('',#4742,.T.);
#5325=FACE_BOUND('',#4743,.T.);
#5326=FACE_BOUND('',#4744,.T.);
#5327=FACE_BOUND('',#4745,.T.);
#5328=FACE_BOUND('',#4746,.T.);
#5329=FACE_BOUND('',#4747,.T.);
#5330=FACE_BOUND('',#4748,.T.);
#5331=FACE_BOUND('',#4749,.T.);
#5332=FACE_BOUND('',#4750,.T.);
#5333=FACE_BOUND('',#4751,.T.);
#5334=FACE_BOUND('',#4752,.T.);
#5335=FACE_BOUND('',#4753,.T.);
#5336=FACE_BOUND('',#4754,.T.);
#5337=FACE_BOUND('',#4755,.T.);
#5338=FACE_BOUND('',#4756,.T.);
#5339=FACE_BOUND('',#4757,.T.);
#5340=FACE_BOUND('',#4758,.T.);
#5341=FACE_BOUND('',#4759,.T.);
#5342=FACE_BOUND('',#4760,.T.);
#5343=FACE_BOUND('',#4761,.T.);
#5344=FACE_BOUND('',#4762,.T.);
#5345=FACE_BOUND('',#4763,.T.);
#5346=FACE_BOUND('',#4764,.T.);
#5347=FACE_BOUND('',#4765,.T.);
#5348=FACE_BOUND('',#4766,.T.);
#5349=FACE_BOUND('',#4767,.T.);
#5350=FACE_BOUND('',#4768,.T.);
#5351=FACE_BOUND('',#4769,.T.);
#5352=FACE_BOUND('',#4770,.T.);
#5353=FACE_BOUND('',#4771,.T.);
#5354=FACE_BOUND('',#4772,.T.);
#5355=FACE_BOUND('',#4773,.T.);
#5356=FACE_BOUND('',#4774,.T.);
#5357=FACE_BOUND('',#4775,.T.);
#5358=FACE_BOUND('',#4776,.T.);
#5359=FACE_BOUND('',#4777,.T.);
#5360=FACE_BOUND('',#4778,.T.);
#5361=FACE_BOUND('',#4779,.T.);
#5362=FACE_BOUND('',#4780,.T.);
#5363=FACE_BOUND('',#4781,.T.);
#5364=FACE_BOUND('',#4782,.T.);
#5365=FACE_BOUND('',#4783,.T.);
#5366=FACE_BOUND('',#4784,.T.);
#5367=FACE_BOUND('',#4785,.T.);
#5368=FACE_BOUND('',#4786,.T.);
#5369=FACE_BOUND('',#4787,.T.);
#5370=FACE_BOUND('',#4788,.T.);
#5371=FACE_BOUND('',#4789,.T.);
#5372=FACE_BOUND('',#4790,.T.);
#5373=FACE_BOUND('',#4791,.T.);
#5374=FACE_BOUND('',#4792,.T.);
#5375=FACE_BOUND('',#4793,.T.);
#5376=FACE_BOUND('',#4794,.T.);
#5377=FACE_BOUND('',#4795,.T.);
#5378=FACE_BOUND('',#4796,.T.);
#5379=FACE_BOUND('',#4797,.T.);
#5380=FACE_BOUND('',#4798,.T.);
#5381=FACE_BOUND('',#4799,.T.);
#5382=FACE_BOUND('',#4800,.T.);
#5383=FACE_BOUND('',#4801,.T.);
#5384=FACE_BOUND('',#4802,.T.);
#5385=FACE_BOUND('',#4803,.T.);
#5386=FACE_BOUND('',#4804,.T.);
#5387=FACE_BOUND('',#4805,.T.);
#5388=FACE_BOUND('',#4806,.T.);
#5389=FACE_BOUND('',#4807,.T.);
#5390=FACE_BOUND('',#4808,.T.);
#5391=FACE_BOUND('',#4809,.T.);
#5392=FACE_BOUND('',#4810,.T.);
#5393=FACE_BOUND('',#4811,.T.);
#5394=FACE_BOUND('',#4812,.T.);
#5395=FACE_BOUND('',#4813,.T.);
#5396=FACE_BOUND('',#4814,.T.);
#5397=FACE_BOUND('',#4815,.T.);
#5398=FACE_BOUND('',#4816,.T.);
#5399=FACE_BOUND('',#4817,.T.);
#5400=FACE_BOUND('',#4818,.T.);
#5401=FACE_BOUND('',#4819,.T.);
#5402=FACE_BOUND('',#4820,.T.);
#5403=FACE_BOUND('',#4821,.T.);
#5404=FACE_BOUND('',#4822,.T.);
#5405=FACE_BOUND('',#4823,.T.);
#5406=FACE_BOUND('',#4824,.T.);
#5407=FACE_BOUND('',#4825,.T.);
#5408=FACE_BOUND('',#4826,.T.);
#5409=FACE_BOUND('',#4827,.T.);
#5410=FACE_BOUND('',#4828,.T.);
#5411=FACE_BOUND('',#4829,.T.);
#5412=FACE_BOUND('',#4830,.T.);
#5413=FACE_BOUND('',#4831,.T.);
#5414=FACE_BOUND('',#4832,.T.);
#5415=FACE_BOUND('',#4833,.T.);
#5416=FACE_BOUND('',#4834,.T.);
#5417=FACE_BOUND('',#4835,.T.);
#5418=FACE_BOUND('',#4836,.T.);
#5419=FACE_BOUND('',#4837,.T.);
#5420=FACE_BOUND('',#4838,.T.);
#5421=FACE_BOUND('',#4839,.T.);
#5422=FACE_BOUND('',#4840,.T.);
#5423=FACE_BOUND('',#4841,.T.);
#5424=FACE_BOUND('',#4842,.T.);
#5425=FACE_BOUND('',#4843,.T.);
#5426=FACE_BOUND('',#4844,.T.);
#5427=FACE_BOUND('',#4845,.T.);
#5428=FACE_BOUND('',#4846,.T.);
#5429=FACE_BOUND('',#4847,.T.);
#5430=FACE_BOUND('',#4848,.T.);
#5431=FACE_BOUND('',#4849,.T.);
#5432=FACE_BOUND('',#4850,.T.);
#5433=FACE_BOUND('',#4851,.T.);
#5434=FACE_BOUND('',#4852,.T.);
#5435=FACE_BOUND('',#4853,.T.);
#5436=FACE_BOUND('',#4854,.T.);
#5437=FACE_BOUND('',#4855,.T.);
#5438=FACE_BOUND('',#4856,.T.);
#5439=FACE_BOUND('',#4857,.T.);
#5440=FACE_BOUND('',#4858,.T.);
#5441=FACE_BOUND('',#4859,.T.);
#5442=FACE_BOUND('',#4860,.T.);
#5443=FACE_BOUND('',#4861,.T.);
#5444=FACE_BOUND('',#4862,.T.);
#5445=FACE_BOUND('',#4863,.T.);
#5446=FACE_BOUND('',#4864,.T.);
#5447=FACE_BOUND('',#4865,.T.);
#5448=FACE_BOUND('',#4866,.T.);
#5449=FACE_BOUND('',#4867,.T.);
#5450=FACE_BOUND('',#4868,.T.);
#5451=FACE_BOUND('',#4869,.T.);
#5452=FACE_BOUND('',#4870,.T.);
#5453=FACE_BOUND('',#4871,.T.);
#5454=FACE_BOUND('',#4872,.T.);
#5455=FACE_BOUND('',#4873,.T.);
#5456=FACE_BOUND('',#4874,.T.);
#5457=FACE_BOUND('',#4875,.T.);
#5458=FACE_BOUND('',#4876,.T.);
#5459=FACE_BOUND('',#4877,.T.);
#5460=FACE_BOUND('',#4878,.T.);
#5461=FACE_BOUND('',#4879,.T.);
#5462=FACE_BOUND('',#4880,.T.);
#5463=FACE_BOUND('',#4881,.T.);
#5464=FACE_BOUND('',#4882,.T.);
#5465=FACE_BOUND('',#4883,.T.);
#5466=FACE_BOUND('',#4884,.T.);
#5467=FACE_BOUND('',#4885,.T.);
#5468=FACE_BOUND('',#4886,.T.);
#5469=FACE_BOUND('',#4887,.T.);
#5470=FACE_BOUND('',#4888,.T.);
#5471=FACE_BOUND('',#4889,.T.);
#5472=FACE_BOUND('',#4890,.T.);
#5473=FACE_BOUND('',#4891,.T.);
#5474=FACE_BOUND('',#4892,.T.);
#5475=FACE_BOUND('',#4893,.T.);
#5476=FACE_BOUND('',#4894,.T.);
#5477=FACE_BOUND('',#4895,.T.);
#5478=FACE_BOUND('',#4896,.T.);
#5479=FACE_BOUND('',#4897,.T.);
#5480=FACE_BOUND('',#4898,.T.);
#5481=FACE_BOUND('',#4899,.T.);
#5482=FACE_BOUND('',#4900,.T.);
#5483=FACE_BOUND('',#4901,.T.);
#5484=FACE_BOUND('',#4902,.T.);
#5485=FACE_BOUND('',#4903,.T.);
#5486=FACE_BOUND('',#4904,.T.);
#5487=FACE_BOUND('',#4905,.T.);
#5488=FACE_BOUND('',#4906,.T.);
#5489=FACE_BOUND('',#4907,.T.);
#5490=FACE_BOUND('',#4908,.T.);
#5491=FACE_BOUND('',#4909,.T.);
#5492=FACE_BOUND('',#4910,.T.);
#5493=FACE_BOUND('',#4911,.T.);
#5494=FACE_BOUND('',#4912,.T.);
#5495=FACE_BOUND('',#4913,.T.);
#5496=FACE_BOUND('',#4914,.T.);
#5497=FACE_BOUND('',#4915,.T.);
#5498=FACE_BOUND('',#4916,.T.);
#5499=FACE_BOUND('',#4917,.T.);
#5500=FACE_BOUND('',#4918,.T.);
#5501=FACE_BOUND('',#4919,.T.);
#5502=FACE_BOUND('',#4920,.T.);
#5503=FACE_BOUND('',#4921,.T.);
#5504=FACE_BOUND('',#4922,.T.);
#5505=FACE_BOUND('',#4923,.T.);
#5506=FACE_BOUND('',#4924,.T.);
#5507=FACE_BOUND('',#4925,.T.);
#5508=FACE_BOUND('',#4926,.T.);
#5509=FACE_BOUND('',#4927,.T.);
#5510=FACE_BOUND('',#4928,.T.);
#5511=FACE_BOUND('',#4929,.T.);
#5512=FACE_BOUND('',#4930,.T.);
#5513=FACE_BOUND('',#4931,.T.);
#5514=FACE_BOUND('',#4932,.T.);
#5515=FACE_BOUND('',#4933,.T.);
#5516=FACE_BOUND('',#4934,.T.);
#5517=FACE_BOUND('',#4935,.T.);
#5518=FACE_BOUND('',#4936,.T.);
#5519=FACE_BOUND('',#4937,.T.);
#5520=FACE_BOUND('',#4938,.T.);
#5521=FACE_BOUND('',#4939,.T.);
#5522=FACE_BOUND('',#4940,.T.);
#5523=FACE_BOUND('',#4941,.T.);
#5524=FACE_BOUND('',#4942,.T.);
#5525=FACE_BOUND('',#4943,.T.);
#5526=FACE_BOUND('',#4944,.T.);
#5527=FACE_BOUND('',#4945,.T.);
#5528=FACE_BOUND('',#4946,.T.);
#5529=FACE_BOUND('',#4947,.T.);
#5530=FACE_BOUND('',#4948,.T.);
#5531=FACE_BOUND('',#4949,.T.);
#5532=FACE_BOUND('',#4950,.T.);
#5533=FACE_BOUND('',#4951,.T.);
#5534=FACE_BOUND('',#4952,.T.);
#5535=FACE_BOUND('',#4953,.T.);
#5536=FACE_BOUND('',#4954,.T.);
#5537=FACE_BOUND('',#4955,.T.);
#5538=FACE_BOUND('',#4956,.T.);
#5539=FACE_BOUND('',#4957,.T.);
#5540=FACE_BOUND('',#4958,.T.);
#5541=FACE_BOUND('',#4959,.T.);
#5542=FACE_BOUND('',#4960,.T.);
#5543=FACE_BOUND('',#4961,.T.);
#5544=FACE_BOUND('',#4962,.T.);
#5545=FACE_BOUND('',#4963,.T.);
#5546=FACE_BOUND('',#4964,.T.);
#5547=FACE_BOUND('',#4965,.T.);
#5548=FACE_BOUND('',#4966,.T.);
#5549=FACE_BOUND('',#4967,.T.);
#5550=FACE_BOUND('',#4968,.T.);
#5551=FACE_BOUND('',#4969,.T.);
#5552=FACE_BOUND('',#4970,.T.);
#5553=FACE_BOUND('',#4971,.T.);
#5554=FACE_BOUND('',#4972,.T.);
#5555=FACE_BOUND('',#4973,.T.);
#5556=FACE_BOUND('',#4974,.T.);
#5557=FACE_BOUND('',#4975,.T.);
#5558=FACE_BOUND('',#4976,.T.);
#5559=FACE_BOUND('',#4977,.T.);
#5560=FACE_BOUND('',#4978,.T.);
#5561=FACE_BOUND('',#4979,.T.);
#5562=FACE_BOUND('',#4980,.T.);
#5563=FACE_BOUND('',#4981,.T.);
#5564=FACE_BOUND('',#4982,.T.);
#5565=FACE_BOUND('',#4983,.T.);
#5566=FACE_BOUND('',#4984,.T.);
#5567=FACE_BOUND('',#4985,.T.);
#5568=FACE_BOUND('',#4986,.T.);
#5569=FACE_BOUND('',#4987,.T.);
#5570=FACE_BOUND('',#4988,.T.);
#5571=FACE_BOUND('',#4989,.T.);
#5572=FACE_BOUND('',#4990,.T.);
#5573=FACE_BOUND('',#4991,.T.);
#5574=FACE_BOUND('',#4992,.T.);
#5575=FACE_BOUND('',#4993,.T.);
#5576=FACE_BOUND('',#4994,.T.);
#5577=FACE_BOUND('',#4995,.T.);
#5578=FACE_BOUND('',#4996,.T.);
#5579=FACE_BOUND('',#4997,.T.);
#5580=FACE_BOUND('',#4998,.T.);
#5581=FACE_BOUND('',#4999,.T.);
#5582=FACE_BOUND('',#5000,.T.);
#5583=FACE_BOUND('',#5001,.T.);
#5584=FACE_BOUND('',#5002,.T.);
#5585=FACE_BOUND('',#5003,.T.);
#5586=FACE_BOUND('',#5004,.T.);
#5587=FACE_BOUND('',#5005,.T.);
#5588=FACE_BOUND('',#5006,.T.);
#5589=FACE_BOUND('',#5007,.T.);
#5590=FACE_BOUND('',#5008,.T.);
#5591=FACE_BOUND('',#5009,.T.);
#5592=FACE_BOUND('',#5010,.T.);
#5593=FACE_BOUND('',#5011,.T.);
#5594=FACE_BOUND('',#5012,.T.);
#5595=FACE_BOUND('',#5013,.T.);
#5596=FACE_BOUND('',#5014,.T.);
#5597=FACE_BOUND('',#5015,.T.);
#5598=FACE_BOUND('',#5016,.T.);
#5599=FACE_BOUND('',#5017,.T.);
#5600=FACE_BOUND('',#5018,.T.);
#5601=FACE_BOUND('',#5019,.T.);
#5602=FACE_BOUND('',#5020,.T.);
#5603=FACE_BOUND('',#5021,.T.);
#5604=FACE_BOUND('',#5022,.T.);
#5605=FACE_BOUND('',#5023,.T.);
#5606=FACE_BOUND('',#5024,.T.);
#5607=FACE_BOUND('',#5025,.T.);
#5608=FACE_BOUND('',#5026,.T.);
#5609=FACE_BOUND('',#5027,.T.);
#5610=FACE_BOUND('',#5028,.T.);
#5611=FACE_BOUND('',#5029,.T.);
#5612=FACE_BOUND('',#5030,.T.);
#5613=FACE_BOUND('',#5031,.T.);
#5614=FACE_BOUND('',#5032,.T.);
#5615=FACE_BOUND('',#5033,.T.);
#5616=FACE_BOUND('',#5034,.T.);
#5617=FACE_BOUND('',#5035,.T.);
#5618=FACE_BOUND('',#5036,.T.);
#5619=FACE_BOUND('',#5037,.T.);
#5620=FACE_BOUND('',#5038,.T.);
#5621=FACE_BOUND('',#5039,.T.);
#5622=FACE_BOUND('',#5040,.T.);
#5623=FACE_BOUND('',#5041,.T.);
#5624=FACE_BOUND('',#5042,.T.);
#5625=FACE_BOUND('',#5043,.T.);
#5626=FACE_BOUND('',#5044,.T.);
#5627=FACE_BOUND('',#5045,.T.);
#5628=FACE_BOUND('',#5046,.T.);
#5629=FACE_BOUND('',#5047,.T.);
#5630=FACE_BOUND('',#5048,.T.);
#5631=FACE_BOUND('',#5049,.T.);
#5632=FACE_BOUND('',#5050,.T.);
#5633=FACE_BOUND('',#5051,.T.);
#5634=FACE_BOUND('',#5052,.T.);
#5635=FACE_BOUND('',#5053,.T.);
#5636=FACE_BOUND('',#5054,.T.);
#5637=FACE_BOUND('',#5055,.T.);
#5638=FACE_BOUND('',#5056,.T.);
#5639=FACE_BOUND('',#5057,.T.);
#5640=FACE_BOUND('',#5058,.T.);
#5641=FACE_BOUND('',#5059,.T.);
#5642=FACE_BOUND('',#5060,.T.);
#5643=FACE_BOUND('',#5061,.T.);
#5644=FACE_BOUND('',#5062,.T.);
#5645=FACE_BOUND('',#5063,.T.);
#5646=FACE_BOUND('',#5064,.T.);
#5647=FACE_BOUND('',#5065,.T.);
#5648=FACE_BOUND('',#5066,.T.);
#5649=FACE_BOUND('',#5067,.T.);
#5650=FACE_BOUND('',#5068,.T.);
#5651=FACE_BOUND('',#5069,.T.);
#5652=FACE_BOUND('',#5070,.T.);
#5653=FACE_BOUND('',#5071,.T.);
#5654=FACE_BOUND('',#5072,.T.);
#5655=FACE_BOUND('',#5073,.T.);
#5656=FACE_BOUND('',#5074,.T.);
#5657=FACE_BOUND('',#5075,.T.);
#5658=FACE_BOUND('',#5076,.T.);
#5659=FACE_BOUND('',#5077,.T.);
#5660=FACE_BOUND('',#5078,.T.);
#5661=FACE_BOUND('',#5079,.T.);
#5662=FACE_BOUND('',#5080,.T.);
#5663=FACE_BOUND('',#5081,.T.);
#5664=FACE_BOUND('',#5082,.T.);
#5665=FACE_BOUND('',#5083,.T.);
#5666=FACE_BOUND('',#5084,.T.);
#5667=FACE_BOUND('',#5085,.T.);
#5668=FACE_BOUND('',#5086,.T.);
#5669=FACE_BOUND('',#5087,.T.);
#5670=FACE_BOUND('',#5088,.T.);
#5671=FACE_BOUND('',#5089,.T.);
#5672=FACE_BOUND('',#5090,.T.);
#5673=FACE_BOUND('',#5091,.T.);
#5674=FACE_BOUND('',#5092,.T.);
#5675=FACE_BOUND('',#5093,.T.);
#5676=FACE_BOUND('',#5094,.T.);
#5677=FACE_BOUND('',#5095,.T.);
#5678=FACE_BOUND('',#5096,.T.);
#5679=FACE_BOUND('',#5097,.T.);
#5680=FACE_BOUND('',#5098,.T.);
#5681=FACE_BOUND('',#5099,.T.);
#5682=FACE_BOUND('',#5100,.T.);
#5683=FACE_BOUND('',#5101,.T.);
#5684=FACE_BOUND('',#5102,.T.);
#5685=FACE_BOUND('',#5103,.T.);
#5686=FACE_BOUND('',#5104,.T.);
#5687=FACE_BOUND('',#5105,.T.);
#5688=FACE_BOUND('',#5106,.T.);
#5689=FACE_BOUND('',#5107,.T.);
#5690=FACE_BOUND('',#5108,.T.);
#5691=FACE_BOUND('',#5109,.T.);
#5692=FACE_BOUND('',#5110,.T.);
#5693=FACE_BOUND('',#5111,.T.);
#5694=FACE_BOUND('',#5112,.T.);
#5695=FACE_BOUND('',#5113,.T.);
#5696=FACE_BOUND('',#5114,.T.);
#5697=FACE_BOUND('',#5115,.T.);
#5698=FACE_BOUND('',#5116,.T.);
#5699=FACE_BOUND('',#5117,.T.);
#5700=FACE_BOUND('',#5118,.T.);
#5701=FACE_BOUND('',#5119,.T.);
#5702=FACE_BOUND('',#5120,.T.);
#5703=FACE_BOUND('',#5121,.T.);
#5704=FACE_BOUND('',#5122,.T.);
#5705=FACE_BOUND('',#5123,.T.);
#5706=FACE_BOUND('',#5124,.T.);
#5707=FACE_BOUND('',#5125,.T.);
#5708=FACE_BOUND('',#5126,.T.);
#5709=FACE_BOUND('',#5127,.T.);
#5710=FACE_BOUND('',#5128,.T.);
#5711=FACE_BOUND('',#5129,.T.);
#5712=FACE_BOUND('',#5130,.T.);
#5713=FACE_BOUND('',#5131,.T.);
#5714=FACE_BOUND('',#5132,.T.);
#5715=FACE_BOUND('',#5133,.T.);
#5716=FACE_BOUND('',#5134,.T.);
#5717=FACE_BOUND('',#5135,.T.);
#5718=FACE_BOUND('',#5136,.T.);
#5719=FACE_BOUND('',#5137,.T.);
#5720=FACE_BOUND('',#5138,.T.);
#5721=FACE_BOUND('',#5139,.T.);
#5722=FACE_BOUND('',#5140,.T.);
#5723=FACE_BOUND('',#5141,.T.);
#5724=FACE_BOUND('',#5142,.T.);
#5725=FACE_BOUND('',#5143,.T.);
#5726=FACE_BOUND('',#5144,.T.);
#5727=FACE_BOUND('',#5145,.T.);
#5728=FACE_BOUND('',#5146,.T.);
#5729=FACE_BOUND('',#5147,.T.);
#5730=FACE_BOUND('',#5148,.T.);
#5731=FACE_BOUND('',#5149,.T.);
#5732=FACE_BOUND('',#5150,.T.);
#5733=FACE_BOUND('',#5151,.T.);
#5734=FACE_BOUND('',#5152,.T.);
#5735=FACE_BOUND('',#5153,.T.);
#5736=FACE_BOUND('',#5154,.T.);
#5737=FACE_BOUND('',#5155,.T.);
#5738=FACE_BOUND('',#5156,.T.);
#5739=FACE_BOUND('',#5157,.T.);
#5740=FACE_BOUND('',#5158,.T.);
#5741=FACE_BOUND('',#5159,.T.);
#5742=FACE_BOUND('',#5160,.T.);
#5743=FACE_BOUND('',#5161,.T.);
#5744=FACE_BOUND('',#5162,.T.);
#5745=FACE_BOUND('',#5163,.T.);
#5746=FACE_BOUND('',#5164,.T.);
#5747=FACE_BOUND('',#5165,.T.);
#5748=FACE_BOUND('',#5166,.T.);
#5749=FACE_BOUND('',#5167,.T.);
#5750=FACE_BOUND('',#5168,.T.);
#5751=FACE_BOUND('',#5169,.T.);
#5752=FACE_BOUND('',#5170,.T.);
#5753=FACE_BOUND('',#5171,.T.);
#5754=FACE_BOUND('',#5172,.T.);
#5755=FACE_BOUND('',#5173,.T.);
#5756=FACE_BOUND('',#5174,.T.);
#5757=FACE_BOUND('',#5175,.T.);
#5758=FACE_BOUND('',#5176,.T.);
#5759=FACE_BOUND('',#5177,.T.);
#5760=FACE_BOUND('',#5178,.T.);
#5761=FACE_BOUND('',#5179,.T.);
#5762=FACE_BOUND('',#5180,.T.);
#5763=FACE_BOUND('',#5181,.T.);
#5764=FACE_BOUND('',#5182,.T.);
#5765=FACE_BOUND('',#5183,.T.);
#5766=FACE_BOUND('',#5184,.T.);
#5767=FACE_BOUND('',#5185,.T.);
#5768=FACE_BOUND('',#5186,.T.);
#5769=FACE_BOUND('',#5187,.T.);
#5770=FACE_BOUND('',#5188,.T.);
#5771=FACE_BOUND('',#5189,.T.);
#5772=FACE_BOUND('',#5190,.T.);
#5773=FACE_BOUND('',#5191,.T.);
#5774=FACE_BOUND('',#5192,.T.);
#5775=FACE_BOUND('',#5193,.T.);
#5776=FACE_BOUND('',#5194,.T.);
#5777=FACE_BOUND('',#5195,.T.);
#5778=FACE_BOUND('',#5196,.T.);
#5779=FACE_BOUND('',#5197,.T.);
#5780=FACE_BOUND('',#5198,.T.);
#5781=FACE_BOUND('',#5199,.T.);
#5782=FACE_BOUND('',#5200,.T.);
#5783=FACE_BOUND('',#5201,.T.);
#5784=FACE_BOUND('',#5202,.T.);
#5785=FACE_BOUND('',#5203,.T.);
#5786=FACE_BOUND('',#5204,.T.);
#5787=FACE_BOUND('',#5205,.T.);
#5788=FACE_BOUND('',#5206,.T.);
#5789=FACE_BOUND('',#5207,.T.);
#5790=FACE_BOUND('',#5208,.T.);
#5791=FACE_BOUND('',#5209,.T.);
#5792=FACE_BOUND('',#5210,.T.);
#5793=FACE_BOUND('',#5211,.T.);
#5794=FACE_BOUND('',#5212,.T.);
#5795=FACE_BOUND('',#5213,.T.);
#5796=FACE_BOUND('',#5214,.T.);
#5797=FACE_BOUND('',#5215,.T.);
#5798=FACE_BOUND('',#5216,.T.);
#5799=FACE_BOUND('',#5217,.T.);
#5800=FACE_BOUND('',#5218,.T.);
#5801=FACE_BOUND('',#5219,.T.);
#5802=FACE_BOUND('',#5220,.T.);
#5803=FACE_BOUND('',#5221,.T.);
#5804=FACE_BOUND('',#5222,.T.);
#5805=FACE_BOUND('',#5223,.T.);
#5806=FACE_BOUND('',#5224,.T.);
#5807=FACE_BOUND('',#5225,.T.);
#5808=FACE_BOUND('',#5226,.T.);
#5809=FACE_BOUND('',#5227,.T.);
#5810=FACE_BOUND('',#5228,.T.);
#5811=FACE_BOUND('',#5229,.T.);
#5812=FACE_BOUND('',#5230,.T.);
#5813=FACE_BOUND('',#5231,.T.);
#5814=FACE_BOUND('',#5232,.T.);
#5815=FACE_BOUND('',#5233,.T.);
#5816=FACE_BOUND('',#5234,.T.);
#5817=FACE_BOUND('',#5235,.T.);
#5818=FACE_BOUND('',#5236,.T.);
#5819=FACE_BOUND('',#5237,.T.);
#5820=FACE_BOUND('',#5238,.T.);
#5821=FACE_BOUND('',#5239,.T.);
#5822=FACE_BOUND('',#5240,.T.);
#5823=FACE_BOUND('',#5241,.T.);
#5824=FACE_BOUND('',#5242,.T.);
#5825=FACE_BOUND('',#5243,.T.);
#5826=FACE_BOUND('',#5244,.T.);
#5827=FACE_BOUND('',#5245,.T.);
#5828=FACE_BOUND('',#5246,.T.);
#5829=FACE_BOUND('',#5247,.T.);
#5830=FACE_BOUND('',#5248,.T.);
#5831=FACE_BOUND('',#5249,.T.);
#5832=FACE_BOUND('',#5250,.T.);
#5833=FACE_BOUND('',#5251,.T.);
#5834=FACE_BOUND('',#5252,.T.);
#5835=FACE_BOUND('',#5253,.T.);
#5836=FACE_BOUND('',#5254,.T.);
#5837=FACE_BOUND('',#5255,.T.);
#5838=FACE_BOUND('',#5256,.T.);
#5839=FACE_BOUND('',#5257,.T.);
#5840=FACE_BOUND('',#5258,.T.);
#5841=FACE_BOUND('',#5259,.T.);
#5842=FACE_BOUND('',#5260,.T.);
#5843=FACE_BOUND('',#5261,.T.);
#5844=FACE_BOUND('',#5262,.T.);
#5845=FACE_BOUND('',#5263,.T.);
#5846=FACE_BOUND('',#5264,.T.);
#5847=FACE_BOUND('',#5265,.T.);
#5848=FACE_BOUND('',#5266,.T.);
#5849=FACE_BOUND('',#5267,.T.);
#5850=FACE_BOUND('',#5268,.T.);
#5851=FACE_BOUND('',#5269,.T.);
#5852=FACE_BOUND('',#5270,.T.);
#5853=FACE_BOUND('',#5271,.T.);
#5854=FACE_BOUND('',#5272,.T.);
#5855=FACE_BOUND('',#5273,.T.);
#5856=FACE_BOUND('',#5274,.T.);
#5857=FACE_BOUND('',#5275,.T.);
#5858=FACE_BOUND('',#5276,.T.);
#5859=FACE_BOUND('',#5277,.T.);
#5860=FACE_BOUND('',#5278,.T.);
#5861=FACE_BOUND('',#5279,.T.);
#5862=FACE_BOUND('',#5280,.T.);
#5863=FACE_BOUND('',#5281,.T.);
#5864=FACE_BOUND('',#5282,.T.);
#5865=FACE_BOUND('',#5283,.T.);
#5866=FACE_BOUND('',#5284,.T.);
#5867=FACE_BOUND('',#5285,.T.);
#5868=FACE_BOUND('',#5286,.T.);
#5869=FACE_BOUND('',#5287,.T.);
#5870=FACE_BOUND('',#5288,.T.);
#5871=FACE_BOUND('',#5289,.T.);
#5872=FACE_BOUND('',#5290,.T.);
#5873=FACE_BOUND('',#5291,.T.);
#5874=FACE_BOUND('',#5292,.T.);
#5875=FACE_BOUND('',#5293,.T.);
#5876=FACE_BOUND('',#5294,.T.);
#5877=FACE_BOUND('',#5295,.T.);
#5878=FACE_BOUND('',#5296,.T.);
#5879=FACE_BOUND('',#5297,.T.);
#5880=PLANE('',#6417);
#5881=PLANE('',#6533);
#5882=PLANE('',#6539);
#5883=PLANE('',#6544);
#5884=PLANE('',#6545);
#5885=PLANE('',#6546);
#5886=PLANE('',#6547);
#5887=PLANE('',#6548);
#5888=PLANE('',#6549);
#5889=PLANE('',#6550);
#5890=PLANE('',#6551);
#5891=PLANE('',#6552);
#5892=PLANE('',#6558);
#5893=PLANE('',#6564);
#5894=PLANE('',#6570);
#5895=PLANE('',#6576);
#5896=PLANE('',#6577);
#5897=PLANE('',#6578);
#5898=PLANE('',#6579);
#5899=PLANE('',#6581);
#5900=PLANE('',#6582);
#5901=PLANE('',#6583);
#5902=PLANE('',#6584);
#5903=PLANE('',#6585);
#5904=PLANE('',#6586);
#5905=PLANE('',#6587);
#5906=PLANE('',#6588);
#5907=PLANE('',#6589);
#5908=PLANE('',#6590);
#5909=PLANE('',#6591);
#5910=PLANE('',#6592);
#5911=PLANE('',#6593);
#5912=PLANE('',#6594);
#5913=PLANE('',#6595);
#5914=PLANE('',#6596);
#5915=PLANE('',#6597);
#5916=PLANE('',#6598);
#5917=PLANE('',#6599);
#5918=PLANE('',#6600);
#5919=PLANE('',#6605);
#5920=PLANE('',#6606);
#5921=PLANE('',#6607);
#5922=PLANE('',#6608);
#5923=PLANE('',#6609);
#5924=PLANE('',#6610);
#5925=PLANE('',#6611);
#5926=PLANE('',#6620);
#5927=PLANE('',#6633);
#5928=PLANE('',#6634);
#5929=PLANE('',#6635);
#5930=PLANE('',#6638);
#5931=PLANE('',#6663);
#5932=PLANE('',#6684);
#5933=PLANE('',#6685);
#5934=PLANE('',#6686);
#5935=PLANE('',#6687);
#5936=PLANE('',#6688);
#5937=PLANE('',#6689);
#5938=PLANE('',#6690);
#5939=PLANE('',#6691);
#5940=PLANE('',#6692);
#5941=PLANE('',#6693);
#5942=PLANE('',#6694);
#5943=PLANE('',#6695);
#5944=PLANE('',#6696);
#5945=PLANE('',#6697);
#5946=PLANE('',#6704);
#5947=PLANE('',#6705);
#5948=PLANE('',#6706);
#5949=PLANE('',#6725);
#5950=PLANE('',#6730);
#5951=PLANE('',#6751);
#5952=PLANE('',#6766);
#5953=PLANE('',#6771);
#5954=PLANE('',#6784);
#5955=PLANE('',#6793);
#5956=PLANE('',#6794);
#5957=PLANE('',#6801);
#5958=PLANE('',#6806);
#5959=PLANE('',#6807);
#5960=PLANE('',#6808);
#5961=PLANE('',#6809);
#5962=PLANE('',#6810);
#5963=PLANE('',#6811);
#5964=PLANE('',#6812);
#5965=PLANE('',#6813);
#5966=PLANE('',#6814);
#5967=PLANE('',#6815);
#5968=PLANE('',#6816);
#5969=PLANE('',#6817);
#5970=PLANE('',#6818);
#5971=PLANE('',#6819);
#5972=PLANE('',#6820);
#5973=PLANE('',#6821);
#5974=PLANE('',#6842);
#5975=PLANE('',#6855);
#5976=PLANE('',#6856);
#5977=PLANE('',#6863);
#5978=PLANE('',#6874);
#5979=PLANE('',#6875);
#5980=PLANE('',#6876);
#5981=PLANE('',#6887);
#5982=PLANE('',#6888);
#5983=PLANE('',#6889);
#5984=PLANE('',#6890);
#5985=PLANE('',#6891);
#5986=PLANE('',#6892);
#5987=PLANE('',#6893);
#5988=PLANE('',#6895);
#5989=PLANE('',#6896);
#5990=PLANE('',#6897);
#5991=PLANE('',#6898);
#5992=PLANE('',#6911);
#5993=PLANE('',#6916);
#5994=PLANE('',#6925);
#5995=PLANE('',#6926);
#5996=PLANE('',#6927);
#5997=PLANE('',#6932);
#5998=PLANE('',#6933);
#5999=PLANE('',#6934);
#6000=PLANE('',#6940);
#6001=PLANE('',#6946);
#6002=PLANE('',#6952);
#6003=PLANE('',#6958);
#6004=PLANE('',#6959);
#6005=PLANE('',#6960);
#6006=PLANE('',#6961);
#6007=PLANE('',#6962);
#6008=PLANE('',#6965);
#6009=PLANE('',#6968);
#6010=PLANE('',#6971);
#6011=PLANE('',#6974);
#6012=PLANE('',#6975);
#6013=PLANE('',#6976);
#6014=PLANE('',#6977);
#6015=PLANE('',#6978);
#6016=PLANE('',#6979);
#6017=PLANE('',#6980);
#6018=PLANE('',#6981);
#6019=PLANE('',#6987);
#6020=PLANE('',#6988);
#6021=PLANE('',#6989);
#6022=PLANE('',#6990);
#6023=PLANE('',#7043);
#6024=PLANE('',#7096);
#6025=PLANE('',#7127);
#6026=PLANE('',#7129);
#6027=PLANE('',#7145);
#6028=PLANE('',#7147);
#6029=ADVANCED_FACE('',(#5298,#5299,#5300,#5301,#5302,#5303,#5304,#5305,
#5306,#5307,#5308,#5309,#5310,#5311,#5312,#5313,#5314,#5315,#5316,#5317),
#5880,.T.);
#6030=ADVANCED_FACE('',(#5318,#5319,#5320,#5321,#5322,#5323,#5324,#5325,
#5326,#5327,#5328),#5881,.F.);
#6031=ADVANCED_FACE('',(#5329,#5330),#5882,.F.);
#6032=ADVANCED_FACE('',(#5331),#5883,.T.);
#6033=ADVANCED_FACE('',(#5332),#5884,.F.);
#6034=ADVANCED_FACE('',(#5333),#5885,.F.);
#6035=ADVANCED_FACE('',(#5334),#5886,.T.);
#6036=ADVANCED_FACE('',(#5335),#5887,.F.);
#6037=ADVANCED_FACE('',(#5336),#5888,.T.);
#6038=ADVANCED_FACE('',(#5337),#5889,.T.);
#6039=ADVANCED_FACE('',(#5338),#5890,.F.);
#6040=ADVANCED_FACE('',(#5339,#5340),#5891,.F.);
#6041=ADVANCED_FACE('',(#5341,#5342),#35,.F.);
#6042=ADVANCED_FACE('',(#5343,#5344),#36,.T.);
#6043=ADVANCED_FACE('',(#5345,#5346),#5892,.F.);
#6044=ADVANCED_FACE('',(#5347,#5348),#37,.F.);
#6045=ADVANCED_FACE('',(#5349,#5350),#38,.T.);
#6046=ADVANCED_FACE('',(#5351,#5352),#5893,.F.);
#6047=ADVANCED_FACE('',(#5353,#5354),#39,.F.);
#6048=ADVANCED_FACE('',(#5355,#5356),#40,.T.);
#6049=ADVANCED_FACE('',(#5357,#5358),#5894,.F.);
#6050=ADVANCED_FACE('',(#5359,#5360),#41,.F.);
#6051=ADVANCED_FACE('',(#5361,#5362),#42,.T.);
#6052=ADVANCED_FACE('',(#5363),#5895,.F.);
#6053=ADVANCED_FACE('',(#5364),#5896,.F.);
#6054=ADVANCED_FACE('',(#5365),#5897,.F.);
#6055=ADVANCED_FACE('',(#5366),#5898,.F.);
#6056=ADVANCED_FACE('',(#5367,#5368),#43,.F.);
#6057=ADVANCED_FACE('',(#5369),#5899,.T.);
#6058=ADVANCED_FACE('',(#5370),#5900,.F.);
#6059=ADVANCED_FACE('',(#5371),#5901,.F.);
#6060=ADVANCED_FACE('',(#5372),#5902,.T.);
#6061=ADVANCED_FACE('',(#5373),#5903,.T.);
#6062=ADVANCED_FACE('',(#5374),#5904,.F.);
#6063=ADVANCED_FACE('',(#5375),#5905,.F.);
#6064=ADVANCED_FACE('',(#5376),#5906,.T.);
#6065=ADVANCED_FACE('',(#5377),#5907,.T.);
#6066=ADVANCED_FACE('',(#5378),#5908,.F.);
#6067=ADVANCED_FACE('',(#5379),#5909,.F.);
#6068=ADVANCED_FACE('',(#5380),#5910,.T.);
#6069=ADVANCED_FACE('',(#5381),#5911,.T.);
#6070=ADVANCED_FACE('',(#5382),#5912,.F.);
#6071=ADVANCED_FACE('',(#5383),#5913,.F.);
#6072=ADVANCED_FACE('',(#5384),#5914,.T.);
#6073=ADVANCED_FACE('',(#5385),#5915,.T.);
#6074=ADVANCED_FACE('',(#5386),#5916,.F.);
#6075=ADVANCED_FACE('',(#5387),#5917,.F.);
#6076=ADVANCED_FACE('',(#5388),#5918,.T.);
#6077=ADVANCED_FACE('',(#5389),#44,.T.);
#6078=ADVANCED_FACE('',(#5390),#45,.T.);
#6079=ADVANCED_FACE('',(#5391),#46,.T.);
#6080=ADVANCED_FACE('',(#5392),#47,.T.);
#6081=ADVANCED_FACE('',(#5393),#5919,.T.);
#6082=ADVANCED_FACE('',(#5394),#5920,.T.);
#6083=ADVANCED_FACE('',(#5395),#5921,.T.);
#6084=ADVANCED_FACE('',(#5396),#5922,.T.);
#6085=ADVANCED_FACE('',(#5397),#5923,.T.);
#6086=ADVANCED_FACE('',(#5398),#5924,.T.);
#6087=ADVANCED_FACE('',(#5399),#5925,.T.);
#6088=ADVANCED_FACE('',(#5400),#29,.T.);
#6089=ADVANCED_FACE('',(#5401),#30,.T.);
#6090=ADVANCED_FACE('',(#5402),#48,.T.);
#6091=ADVANCED_FACE('',(#5403),#49,.T.);
#6092=ADVANCED_FACE('',(#5404),#50,.T.);
#6093=ADVANCED_FACE('',(#5405),#51,.T.);
#6094=ADVANCED_FACE('',(#5406),#5926,.T.);
#6095=ADVANCED_FACE('',(#5407),#52,.F.);
#6096=ADVANCED_FACE('',(#5408),#53,.F.);
#6097=ADVANCED_FACE('',(#5409),#54,.F.);
#6098=ADVANCED_FACE('',(#5410),#55,.F.);
#6099=ADVANCED_FACE('',(#5411),#56,.F.);
#6100=ADVANCED_FACE('',(#5412),#57,.F.);
#6101=ADVANCED_FACE('',(#5413),#5927,.T.);
#6102=ADVANCED_FACE('',(#5414),#5928,.T.);
#6103=ADVANCED_FACE('',(#5415),#5929,.T.);
#6104=ADVANCED_FACE('',(#5416),#58,.F.);
#6105=ADVANCED_FACE('',(#5417),#5930,.T.);
#6106=ADVANCED_FACE('',(#5418),#59,.T.);
#6107=ADVANCED_FACE('',(#5419),#60,.T.);
#6108=ADVANCED_FACE('',(#5420),#61,.T.);
#6109=ADVANCED_FACE('',(#5421),#62,.T.);
#6110=ADVANCED_FACE('',(#5422),#63,.T.);
#6111=ADVANCED_FACE('',(#5423),#64,.T.);
#6112=ADVANCED_FACE('',(#5424),#65,.T.);
#6113=ADVANCED_FACE('',(#5425),#66,.T.);
#6114=ADVANCED_FACE('',(#5426),#67,.T.);
#6115=ADVANCED_FACE('',(#5427),#68,.T.);
#6116=ADVANCED_FACE('',(#5428),#69,.T.);
#6117=ADVANCED_FACE('',(#5429),#70,.T.);
#6118=ADVANCED_FACE('',(#5430),#5931,.T.);
#6119=ADVANCED_FACE('',(#5431),#71,.F.);
#6120=ADVANCED_FACE('',(#5432),#72,.F.);
#6121=ADVANCED_FACE('',(#5433),#73,.F.);
#6122=ADVANCED_FACE('',(#5434),#74,.F.);
#6123=ADVANCED_FACE('',(#5435),#75,.F.);
#6124=ADVANCED_FACE('',(#5436),#31,.T.);
#6125=ADVANCED_FACE('',(#5437),#76,.F.);
#6126=ADVANCED_FACE('',(#5438),#77,.F.);
#6127=ADVANCED_FACE('',(#5439),#78,.F.);
#6128=ADVANCED_FACE('',(#5440),#79,.F.);
#6129=ADVANCED_FACE('',(#5441),#80,.F.);
#6130=ADVANCED_FACE('',(#5442),#5932,.T.);
#6131=ADVANCED_FACE('',(#5443),#5933,.T.);
#6132=ADVANCED_FACE('',(#5444),#5934,.T.);
#6133=ADVANCED_FACE('',(#5445),#5935,.T.);
#6134=ADVANCED_FACE('',(#5446),#5936,.T.);
#6135=ADVANCED_FACE('',(#5447),#5937,.T.);
#6136=ADVANCED_FACE('',(#5448),#5938,.T.);
#6137=ADVANCED_FACE('',(#5449),#5939,.T.);
#6138=ADVANCED_FACE('',(#5450),#5940,.T.);
#6139=ADVANCED_FACE('',(#5451),#5941,.T.);
#6140=ADVANCED_FACE('',(#5452),#5942,.T.);
#6141=ADVANCED_FACE('',(#5453),#5943,.T.);
#6142=ADVANCED_FACE('',(#5454),#5944,.T.);
#6143=ADVANCED_FACE('',(#5455),#5945,.T.);
#6144=ADVANCED_FACE('',(#5456),#81,.T.);
#6145=ADVANCED_FACE('',(#5457),#82,.T.);
#6146=ADVANCED_FACE('',(#5458),#83,.T.);
#6147=ADVANCED_FACE('',(#5459),#5946,.T.);
#6148=ADVANCED_FACE('',(#5460),#5947,.T.);
#6149=ADVANCED_FACE('',(#5461),#5948,.T.);
#6150=ADVANCED_FACE('',(#5462),#84,.F.);
#6151=ADVANCED_FACE('',(#5463),#85,.F.);
#6152=ADVANCED_FACE('',(#5464),#86,.F.);
#6153=ADVANCED_FACE('',(#5465),#87,.F.);
#6154=ADVANCED_FACE('',(#5466),#88,.F.);
#6155=ADVANCED_FACE('',(#5467),#89,.F.);
#6156=ADVANCED_FACE('',(#5468),#90,.F.);
#6157=ADVANCED_FACE('',(#5469),#91,.F.);
#6158=ADVANCED_FACE('',(#5470),#92,.F.);
#6159=ADVANCED_FACE('',(#5471),#5949,.T.);
#6160=ADVANCED_FACE('',(#5472),#93,.T.);
#6161=ADVANCED_FACE('',(#5473),#32,.T.);
#6162=ADVANCED_FACE('',(#5474),#94,.T.);
#6163=ADVANCED_FACE('',(#5475),#5950,.T.);
#6164=ADVANCED_FACE('',(#5476),#95,.F.);
#6165=ADVANCED_FACE('',(#5477),#96,.F.);
#6166=ADVANCED_FACE('',(#5478),#97,.F.);
#6167=ADVANCED_FACE('',(#5479),#98,.F.);
#6168=ADVANCED_FACE('',(#5480),#99,.F.);
#6169=ADVANCED_FACE('',(#5481),#100,.F.);
#6170=ADVANCED_FACE('',(#5482),#101,.F.);
#6171=ADVANCED_FACE('',(#5483),#102,.F.);
#6172=ADVANCED_FACE('',(#5484),#103,.F.);
#6173=ADVANCED_FACE('',(#5485),#104,.F.);
#6174=ADVANCED_FACE('',(#5486),#5951,.T.);
#6175=ADVANCED_FACE('',(#5487),#105,.T.);
#6176=ADVANCED_FACE('',(#5488),#106,.T.);
#6177=ADVANCED_FACE('',(#5489),#107,.T.);
#6178=ADVANCED_FACE('',(#5490),#108,.T.);
#6179=ADVANCED_FACE('',(#5491),#109,.T.);
#6180=ADVANCED_FACE('',(#5492),#110,.T.);
#6181=ADVANCED_FACE('',(#5493),#33,.T.);
#6182=ADVANCED_FACE('',(#5494),#111,.T.);
#6183=ADVANCED_FACE('',(#5495),#5952,.T.);
#6184=ADVANCED_FACE('',(#5496),#112,.T.);
#6185=ADVANCED_FACE('',(#5497),#113,.T.);
#6186=ADVANCED_FACE('',(#5498),#5953,.T.);
#6187=ADVANCED_FACE('',(#5499),#114,.F.);
#6188=ADVANCED_FACE('',(#5500),#115,.F.);
#6189=ADVANCED_FACE('',(#5501),#116,.F.);
#6190=ADVANCED_FACE('',(#5502),#117,.F.);
#6191=ADVANCED_FACE('',(#5503),#118,.F.);
#6192=ADVANCED_FACE('',(#5504),#119,.F.);
#6193=ADVANCED_FACE('',(#5505),#5954,.T.);
#6194=ADVANCED_FACE('',(#5506),#120,.T.);
#6195=ADVANCED_FACE('',(#5507),#121,.T.);
#6196=ADVANCED_FACE('',(#5508),#122,.T.);
#6197=ADVANCED_FACE('',(#5509),#123,.T.);
#6198=ADVANCED_FACE('',(#5510),#5955,.T.);
#6199=ADVANCED_FACE('',(#5511),#5956,.T.);
#6200=ADVANCED_FACE('',(#5512),#124,.T.);
#6201=ADVANCED_FACE('',(#5513),#125,.T.);
#6202=ADVANCED_FACE('',(#5514),#126,.T.);
#6203=ADVANCED_FACE('',(#5515),#5957,.T.);
#6204=ADVANCED_FACE('',(#5516),#127,.F.);
#6205=ADVANCED_FACE('',(#5517),#128,.F.);
#6206=ADVANCED_FACE('',(#5518),#5958,.T.);
#6207=ADVANCED_FACE('',(#5519),#5959,.T.);
#6208=ADVANCED_FACE('',(#5520),#5960,.T.);
#6209=ADVANCED_FACE('',(#5521),#5961,.T.);
#6210=ADVANCED_FACE('',(#5522),#5962,.T.);
#6211=ADVANCED_FACE('',(#5523),#5963,.T.);
#6212=ADVANCED_FACE('',(#5524),#5964,.T.);
#6213=ADVANCED_FACE('',(#5525),#5965,.T.);
#6214=ADVANCED_FACE('',(#5526),#5966,.T.);
#6215=ADVANCED_FACE('',(#5527),#5967,.T.);
#6216=ADVANCED_FACE('',(#5528),#5968,.T.);
#6217=ADVANCED_FACE('',(#5529),#5969,.T.);
#6218=ADVANCED_FACE('',(#5530),#5970,.T.);
#6219=ADVANCED_FACE('',(#5531),#5971,.T.);
#6220=ADVANCED_FACE('',(#5532),#5972,.T.);
#6221=ADVANCED_FACE('',(#5533),#5973,.T.);
#6222=ADVANCED_FACE('',(#5534),#129,.F.);
#6223=ADVANCED_FACE('',(#5535),#130,.F.);
#6224=ADVANCED_FACE('',(#5536),#131,.F.);
#6225=ADVANCED_FACE('',(#5537),#132,.F.);
#6226=ADVANCED_FACE('',(#5538),#133,.F.);
#6227=ADVANCED_FACE('',(#5539),#134,.F.);
#6228=ADVANCED_FACE('',(#5540),#135,.F.);
#6229=ADVANCED_FACE('',(#5541),#136,.F.);
#6230=ADVANCED_FACE('',(#5542),#137,.F.);
#6231=ADVANCED_FACE('',(#5543),#138,.F.);
#6232=ADVANCED_FACE('',(#5544),#5974,.T.);
#6233=ADVANCED_FACE('',(#5545),#139,.T.);
#6234=ADVANCED_FACE('',(#5546),#140,.T.);
#6235=ADVANCED_FACE('',(#5547),#141,.T.);
#6236=ADVANCED_FACE('',(#5548),#142,.T.);
#6237=ADVANCED_FACE('',(#5549),#143,.T.);
#6238=ADVANCED_FACE('',(#5550),#144,.T.);
#6239=ADVANCED_FACE('',(#5551),#5975,.T.);
#6240=ADVANCED_FACE('',(#5552),#5976,.T.);
#6241=ADVANCED_FACE('',(#5553),#145,.F.);
#6242=ADVANCED_FACE('',(#5554),#146,.F.);
#6243=ADVANCED_FACE('',(#5555),#147,.F.);
#6244=ADVANCED_FACE('',(#5556),#5977,.T.);
#6245=ADVANCED_FACE('',(#5557),#148,.T.);
#6246=ADVANCED_FACE('',(#5558),#149,.T.);
#6247=ADVANCED_FACE('',(#5559),#34,.T.);
#6248=ADVANCED_FACE('',(#5560),#150,.T.);
#6249=ADVANCED_FACE('',(#5561),#151,.T.);
#6250=ADVANCED_FACE('',(#5562),#152,.T.);
#6251=ADVANCED_FACE('',(#5563),#5978,.T.);
#6252=ADVANCED_FACE('',(#5564),#5979,.T.);
#6253=ADVANCED_FACE('',(#5565),#5980,.T.);
#6254=ADVANCED_FACE('',(#5566),#153,.F.);
#6255=ADVANCED_FACE('',(#5567),#154,.F.);
#6256=ADVANCED_FACE('',(#5568),#155,.F.);
#6257=ADVANCED_FACE('',(#5569),#156,.F.);
#6258=ADVANCED_FACE('',(#5570),#157,.F.);
#6259=ADVANCED_FACE('',(#5571),#5981,.T.);
#6260=ADVANCED_FACE('',(#5572),#5982,.T.);
#6261=ADVANCED_FACE('',(#5573),#5983,.T.);
#6262=ADVANCED_FACE('',(#5574),#5984,.T.);
#6263=ADVANCED_FACE('',(#5575),#5985,.T.);
#6264=ADVANCED_FACE('',(#5576),#5986,.T.);
#6265=ADVANCED_FACE('',(#5577),#5987,.T.);
#6266=ADVANCED_FACE('',(#5578,#5579),#5988,.T.);
#6267=ADVANCED_FACE('',(#5580,#5581),#5989,.F.);
#6268=ADVANCED_FACE('',(#5582,#5583),#5990,.F.);
#6269=ADVANCED_FACE('',(#5584,#5585),#5991,.T.);
#6270=ADVANCED_FACE('',(#5586,#5587),#158,.F.);
#6271=ADVANCED_FACE('',(#5588,#5589),#159,.F.);
#6272=ADVANCED_FACE('',(#5590,#5591),#160,.F.);
#6273=ADVANCED_FACE('',(#5592,#5593),#161,.F.);
#6274=ADVANCED_FACE('',(#5594,#5595),#5992,.T.);
#6275=ADVANCED_FACE('',(#5596,#5597,#5598,#5599,#5600),#5993,.F.);
#6276=ADVANCED_FACE('',(#5601),#5994,.F.);
#6277=ADVANCED_FACE('',(#5602),#5995,.T.);
#6278=ADVANCED_FACE('',(#5603,#5604,#5605,#5606,#5607),#5996,.T.);
#6279=ADVANCED_FACE('',(#5608),#5997,.T.);
#6280=ADVANCED_FACE('',(#5609),#5998,.F.);
#6281=ADVANCED_FACE('',(#5610,#5611),#5999,.T.);
#6282=ADVANCED_FACE('',(#5612,#5613),#162,.F.);
#6283=ADVANCED_FACE('',(#5614,#5615),#163,.T.);
#6284=ADVANCED_FACE('',(#5616,#5617),#6000,.T.);
#6285=ADVANCED_FACE('',(#5618,#5619),#164,.F.);
#6286=ADVANCED_FACE('',(#5620,#5621),#165,.T.);
#6287=ADVANCED_FACE('',(#5622,#5623),#6001,.T.);
#6288=ADVANCED_FACE('',(#5624,#5625),#166,.F.);
#6289=ADVANCED_FACE('',(#5626,#5627),#167,.T.);
#6290=ADVANCED_FACE('',(#5628,#5629),#6002,.T.);
#6291=ADVANCED_FACE('',(#5630,#5631),#168,.F.);
#6292=ADVANCED_FACE('',(#5632,#5633),#169,.T.);
#6293=ADVANCED_FACE('',(#5634,#5635),#6003,.F.);
#6294=ADVANCED_FACE('',(#5636,#5637),#6004,.F.);
#6295=ADVANCED_FACE('',(#5638,#5639),#6005,.F.);
#6296=ADVANCED_FACE('',(#5640,#5641),#6006,.F.);
#6297=ADVANCED_FACE('',(#5642,#5643),#6007,.T.);
#6298=ADVANCED_FACE('',(#5644,#5645),#170,.F.);
#6299=ADVANCED_FACE('',(#5646,#5647),#6008,.T.);
#6300=ADVANCED_FACE('',(#5648,#5649),#171,.F.);
#6301=ADVANCED_FACE('',(#5650,#5651),#6009,.T.);
#6302=ADVANCED_FACE('',(#5652,#5653),#172,.F.);
#6303=ADVANCED_FACE('',(#5654,#5655),#6010,.T.);
#6304=ADVANCED_FACE('',(#5656,#5657),#173,.F.);
#6305=ADVANCED_FACE('',(#5658),#6011,.T.);
#6306=ADVANCED_FACE('',(#5659),#6012,.F.);
#6307=ADVANCED_FACE('',(#5660),#6013,.F.);
#6308=ADVANCED_FACE('',(#5661),#6014,.T.);
#6309=ADVANCED_FACE('',(#5662),#6015,.T.);
#6310=ADVANCED_FACE('',(#5663),#6016,.F.);
#6311=ADVANCED_FACE('',(#5664),#6017,.F.);
#6312=ADVANCED_FACE('',(#5665),#6018,.T.);
#6313=ADVANCED_FACE('',(#5666),#174,.T.);
#6314=ADVANCED_FACE('',(#5667),#175,.T.);
#6315=ADVANCED_FACE('',(#5668),#176,.T.);
#6316=ADVANCED_FACE('',(#5669),#177,.T.);
#6317=ADVANCED_FACE('',(#5670),#6019,.T.);
#6318=ADVANCED_FACE('',(#5671),#6020,.T.);
#6319=ADVANCED_FACE('',(#5672),#6021,.T.);
#6320=ADVANCED_FACE('',(#5673,#5674,#5675,#5676,#5677,#5678,#5679,#5680,
#5681,#5682,#5683,#5684,#5685,#5686,#5687,#5688,#5689,#5690,#5691,#5692,
#5693,#5694,#5695,#5696,#5697,#5698,#5699,#5700,#5701,#5702,#5703,#5704,
#5705,#5706,#5707,#5708,#5709,#5710,#5711,#5712,#5713,#5714,#5715,#5716,
#5717,#5718,#5719,#5720,#5721,#5722,#5723),#6022,.F.);
#6321=ADVANCED_FACE('',(#5724,#5725,#5726,#5727,#5728,#5729,#5730,#5731,
#5732,#5733,#5734,#5735,#5736,#5737,#5738,#5739,#5740,#5741,#5742,#5743,
#5744,#5745,#5746,#5747,#5748,#5749,#5750,#5751,#5752,#5753,#5754,#5755,
#5756,#5757,#5758,#5759,#5760,#5761,#5762,#5763,#5764,#5765,#5766,#5767,
#5768,#5769,#5770,#5771,#5772,#5773,#5774),#6023,.T.);
#6322=ADVANCED_FACE('',(#5775),#6024,.T.);
#6323=ADVANCED_FACE('',(#5776,#5777),#178,.F.);
#6324=ADVANCED_FACE('',(#5778,#5779),#179,.F.);
#6325=ADVANCED_FACE('',(#5780,#5781),#180,.F.);
#6326=ADVANCED_FACE('',(#5782,#5783),#181,.F.);
#6327=ADVANCED_FACE('',(#5784,#5785),#182,.F.);
#6328=ADVANCED_FACE('',(#5786,#5787),#183,.F.);
#6329=ADVANCED_FACE('',(#5788,#5789),#184,.F.);
#6330=ADVANCED_FACE('',(#5790,#5791),#185,.F.);
#6331=ADVANCED_FACE('',(#5792,#5793),#186,.F.);
#6332=ADVANCED_FACE('',(#5794,#5795),#187,.F.);
#6333=ADVANCED_FACE('',(#5796,#5797),#188,.F.);
#6334=ADVANCED_FACE('',(#5798,#5799),#189,.F.);
#6335=ADVANCED_FACE('',(#5800,#5801),#190,.F.);
#6336=ADVANCED_FACE('',(#5802,#5803),#191,.F.);
#6337=ADVANCED_FACE('',(#5804,#5805),#192,.F.);
#6338=ADVANCED_FACE('',(#5806,#5807),#193,.F.);
#6339=ADVANCED_FACE('',(#5808,#5809),#194,.F.);
#6340=ADVANCED_FACE('',(#5810,#5811),#195,.F.);
#6341=ADVANCED_FACE('',(#5812,#5813),#196,.F.);
#6342=ADVANCED_FACE('',(#5814,#5815),#197,.F.);
#6343=ADVANCED_FACE('',(#5816,#5817),#198,.F.);
#6344=ADVANCED_FACE('',(#5818,#5819),#199,.F.);
#6345=ADVANCED_FACE('',(#5820,#5821),#200,.F.);
#6346=ADVANCED_FACE('',(#5822,#5823),#201,.F.);
#6347=ADVANCED_FACE('',(#5824,#5825),#202,.F.);
#6348=ADVANCED_FACE('',(#5826,#5827),#203,.F.);
#6349=ADVANCED_FACE('',(#5828,#5829),#204,.F.);
#6350=ADVANCED_FACE('',(#5830,#5831),#205,.F.);
#6351=ADVANCED_FACE('',(#5832,#5833),#206,.F.);
#6352=ADVANCED_FACE('',(#5834),#207,.F.);
#6353=ADVANCED_FACE('',(#5835),#6025,.T.);
#6354=ADVANCED_FACE('',(#5836),#208,.F.);
#6355=ADVANCED_FACE('',(#5837),#6026,.T.);
#6356=ADVANCED_FACE('',(#5838,#5839),#209,.F.);
#6357=ADVANCED_FACE('',(#5840,#5841),#210,.F.);
#6358=ADVANCED_FACE('',(#5842,#5843),#211,.F.);
#6359=ADVANCED_FACE('',(#5844,#5845),#212,.F.);
#6360=ADVANCED_FACE('',(#5846,#5847),#213,.F.);
#6361=ADVANCED_FACE('',(#5848,#5849),#214,.F.);
#6362=ADVANCED_FACE('',(#5850,#5851),#215,.F.);
#6363=ADVANCED_FACE('',(#5852,#5853),#216,.F.);
#6364=ADVANCED_FACE('',(#5854,#5855),#217,.F.);
#6365=ADVANCED_FACE('',(#5856,#5857),#218,.F.);
#6366=ADVANCED_FACE('',(#5858,#5859),#219,.F.);
#6367=ADVANCED_FACE('',(#5860,#5861),#220,.F.);
#6368=ADVANCED_FACE('',(#5862,#5863),#221,.F.);
#6369=ADVANCED_FACE('',(#5864,#5865),#222,.F.);
#6370=ADVANCED_FACE('',(#5866),#223,.F.);
#6371=ADVANCED_FACE('',(#5867),#6027,.T.);
#6372=ADVANCED_FACE('',(#5868),#224,.F.);
#6373=ADVANCED_FACE('',(#5869),#6028,.T.);
#6374=ADVANCED_FACE('',(#5870,#5871),#225,.F.);
#6375=ADVANCED_FACE('',(#5872,#5873),#226,.F.);
#6376=ADVANCED_FACE('',(#5874,#5875),#227,.F.);
#6377=ADVANCED_FACE('',(#5876,#5877),#228,.F.);
#6378=ADVANCED_FACE('',(#5878,#5879),#229,.F.);
#6379=CLOSED_SHELL('',(#6029,#6030,#6031,#6032,#6033,#6034,#6035,#6036,
#6037,#6038,#6039,#6040,#6041,#6042,#6043,#6044,#6045,#6046,#6047,#6048,
#6049,#6050,#6051,#6052,#6053,#6054,#6055,#6056,#6057,#6058,#6059,#6060,
#6061,#6062,#6063,#6064,#6065,#6066,#6067,#6068,#6069,#6070,#6071,#6072,
#6073,#6074,#6075,#6076,#6077,#6078,#6079,#6080,#6081,#6082,#6083,#6084,
#6085,#6086,#6087,#6088,#6089,#6090,#6091,#6092,#6093,#6094,#6095,#6096,
#6097,#6098,#6099,#6100,#6101,#6102,#6103,#6104,#6105,#6106,#6107,#6108,
#6109,#6110,#6111,#6112,#6113,#6114,#6115,#6116,#6117,#6118,#6119,#6120,
#6121,#6122,#6123,#6124,#6125,#6126,#6127,#6128,#6129,#6130,#6131,#6132,
#6133,#6134,#6135,#6136,#6137,#6138,#6139,#6140,#6141,#6142,#6143,#6144,
#6145,#6146,#6147,#6148,#6149,#6150,#6151,#6152,#6153,#6154,#6155,#6156,
#6157,#6158,#6159,#6160,#6161,#6162,#6163,#6164,#6165,#6166,#6167,#6168,
#6169,#6170,#6171,#6172,#6173,#6174,#6175,#6176,#6177,#6178,#6179,#6180,
#6181,#6182,#6183,#6184,#6185,#6186,#6187,#6188,#6189,#6190,#6191,#6192,
#6193,#6194,#6195,#6196,#6197,#6198,#6199,#6200,#6201,#6202,#6203,#6204,
#6205,#6206,#6207,#6208,#6209,#6210,#6211,#6212,#6213,#6214,#6215,#6216,
#6217,#6218,#6219,#6220,#6221,#6222,#6223,#6224,#6225,#6226,#6227,#6228,
#6229,#6230,#6231,#6232,#6233,#6234,#6235,#6236,#6237,#6238,#6239,#6240,
#6241,#6242,#6243,#6244,#6245,#6246,#6247,#6248,#6249,#6250,#6251,#6252,
#6253,#6254,#6255,#6256,#6257,#6258,#6259,#6260,#6261,#6262,#6263,#6264,
#6265));
#6380=CLOSED_SHELL('',(#6266,#6267,#6268,#6269,#6270,#6271,#6272,#6273,
#6274,#6275,#6276,#6277,#6278,#6279,#6280,#6281,#6282,#6283,#6284,#6285,
#6286,#6287,#6288,#6289,#6290,#6291,#6292,#6293,#6294,#6295,#6296,#6297,
#6298,#6299,#6300,#6301,#6302,#6303,#6304,#6305,#6306,#6307,#6308,#6309,
#6310,#6311,#6312,#6313,#6314,#6315,#6316));
#6381=CLOSED_SHELL('',(#6317,#6318,#6319,#6320,#6321,#6322,#6323,#6324,
#6325,#6326,#6327,#6328,#6329,#6330,#6331,#6332,#6333,#6334,#6335,#6336,
#6337,#6338,#6339,#6340,#6341,#6342,#6343,#6344,#6345,#6346,#6347,#6348,
#6349,#6350,#6351,#6352,#6353,#6354,#6355,#6356,#6357,#6358,#6359,#6360,
#6361,#6362,#6363,#6364,#6365,#6366,#6367,#6368,#6369,#6370,#6371,#6372,
#6373,#6374,#6375,#6376,#6377,#6378));
#6382=STYLED_ITEM('',(#6385),#6405);
#6383=STYLED_ITEM('',(#6386),#6406);
#6384=STYLED_ITEM('',(#6387),#6407);
#6385=PRESENTATION_STYLE_ASSIGNMENT((#6388));
#6386=PRESENTATION_STYLE_ASSIGNMENT((#6389));
#6387=PRESENTATION_STYLE_ASSIGNMENT((#6390));
#6388=SURFACE_STYLE_USAGE(.BOTH.,#6391);
#6389=SURFACE_STYLE_USAGE(.BOTH.,#6392);
#6390=SURFACE_STYLE_USAGE(.BOTH.,#6393);
#6391=SURFACE_SIDE_STYLE('',(#6394));
#6392=SURFACE_SIDE_STYLE('',(#6395));
#6393=SURFACE_SIDE_STYLE('',(#6396));
#6394=SURFACE_STYLE_FILL_AREA(#6397);
#6395=SURFACE_STYLE_FILL_AREA(#6398);
#6396=SURFACE_STYLE_FILL_AREA(#6399);
#6397=FILL_AREA_STYLE('',(#6400));
#6398=FILL_AREA_STYLE('',(#6401));
#6399=FILL_AREA_STYLE('',(#6402));
#6400=FILL_AREA_STYLE_COLOUR('',#6403);
#6401=FILL_AREA_STYLE_COLOUR('',#10);
#6402=FILL_AREA_STYLE_COLOUR('',#6404);
#6403=COLOUR_RGB('',0.980392156862745,0.713725490196078,0.00392156862745098);
#6404=COLOUR_RGB('',0.313725490196078,0.486274509803922,0.411764705882353);
#6405=MANIFOLD_SOLID_BREP('top',#6379);
#6406=MANIFOLD_SOLID_BREP('bottom',#6380);
#6407=MANIFOLD_SOLID_BREP('TOP_HacC1BA_PCB_1',#6381);
#6408=SHAPE_DEFINITION_REPRESENTATION(#10986,#6412);
#6409=SHAPE_DEFINITION_REPRESENTATION(#10987,#6413);
#6410=SHAPE_DEFINITION_REPRESENTATION(#10989,#6414);
#6411=SHAPE_DEFINITION_REPRESENTATION(#10991,#6415);
#6412=SHAPE_REPRESENTATION('Assembly 2',(#6416,#6894,#6986,#7153),#10975);
#6413=SHAPE_REPRESENTATION('top',(#6416),#10976);
#6414=SHAPE_REPRESENTATION('bottom',(#6416),#10977);
#6415=SHAPE_REPRESENTATION('TOP_HacC1BA_PCB_1',(#6416),#10978);
#6416=AXIS2_PLACEMENT_3D('',#9082,#7154,#7155);
#6417=AXIS2_PLACEMENT_3D('',#9083,#7156,#7157);
#6418=AXIS2_PLACEMENT_3D('',#9094,#7163,#7164);
#6419=AXIS2_PLACEMENT_3D('',#9097,#7165,#7166);
#6420=AXIS2_PLACEMENT_3D('',#9099,#7167,#7168);
#6421=AXIS2_PLACEMENT_3D('',#9101,#7169,#7170);
#6422=AXIS2_PLACEMENT_3D('',#9103,#7171,#7172);
#6423=AXIS2_PLACEMENT_3D('',#9105,#7173,#7174);
#6424=AXIS2_PLACEMENT_3D('',#9113,#7178,#7179);
#6425=AXIS2_PLACEMENT_3D('',#9115,#7180,#7181);
#6426=AXIS2_PLACEMENT_3D('',#9117,#7182,#7183);
#6427=AXIS2_PLACEMENT_3D('',#9123,#7184,#7185);
#6428=AXIS2_PLACEMENT_3D('',#9125,#7186,#7187);
#6429=AXIS2_PLACEMENT_3D('',#9129,#7189,#7190);
#6430=AXIS2_PLACEMENT_3D('',#9131,#7191,#7192);
#6431=AXIS2_PLACEMENT_3D('',#9137,#7195,#7196);
#6432=AXIS2_PLACEMENT_3D('',#9139,#7197,#7198);
#6433=AXIS2_PLACEMENT_3D('',#9141,#7199,#7200);
#6434=AXIS2_PLACEMENT_3D('',#9143,#7201,#7202);
#6435=AXIS2_PLACEMENT_3D('',#9145,#7203,#7204);
#6436=AXIS2_PLACEMENT_3D('',#9147,#7205,#7206);
#6437=AXIS2_PLACEMENT_3D('',#9151,#7208,#7209);
#6438=AXIS2_PLACEMENT_3D('',#9153,#7210,#7211);
#6439=AXIS2_PLACEMENT_3D('',#9155,#7212,#7213);
#6440=AXIS2_PLACEMENT_3D('',#9157,#7214,#7215);
#6441=AXIS2_PLACEMENT_3D('',#9159,#7216,#7217);
#6442=AXIS2_PLACEMENT_3D('',#9161,#7218,#7219);
#6443=AXIS2_PLACEMENT_3D('',#9163,#7220,#7221);
#6444=AXIS2_PLACEMENT_3D('',#9165,#7222,#7223);
#6445=AXIS2_PLACEMENT_3D('',#9167,#7224,#7225);
#6446=AXIS2_PLACEMENT_3D('',#9169,#7226,#7227);
#6447=AXIS2_PLACEMENT_3D('',#9192,#7239,#7240);
#6448=AXIS2_PLACEMENT_3D('',#9197,#7242,#7243);
#6449=AXIS2_PLACEMENT_3D('',#9199,#7244,#7245);
#6450=AXIS2_PLACEMENT_3D('',#9203,#7247,#7248);
#6451=AXIS2_PLACEMENT_3D('',#9205,#7249,#7250);
#6452=AXIS2_PLACEMENT_3D('',#9206,#7251,#7252);
#6453=AXIS2_PLACEMENT_3D('',#9211,#7254,#7255);
#6454=AXIS2_PLACEMENT_3D('',#9213,#7256,#7257);
#6455=AXIS2_PLACEMENT_3D('',#9215,#7258,#7259);
#6456=AXIS2_PLACEMENT_3D('',#9217,#7260,#7261);
#6457=AXIS2_PLACEMENT_3D('',#9221,#7263,#7264);
#6458=AXIS2_PLACEMENT_3D('',#9223,#7265,#7266);
#6459=AXIS2_PLACEMENT_3D('',#9225,#7267,#7268);
#6460=AXIS2_PLACEMENT_3D('',#9227,#7269,#7270);
#6461=AXIS2_PLACEMENT_3D('',#9229,#7271,#7272);
#6462=AXIS2_PLACEMENT_3D('',#9231,#7273,#7274);
#6463=AXIS2_PLACEMENT_3D('',#9235,#7276,#7277);
#6464=AXIS2_PLACEMENT_3D('',#9237,#7278,#7279);
#6465=AXIS2_PLACEMENT_3D('',#9241,#7281,#7282);
#6466=AXIS2_PLACEMENT_3D('',#9247,#7283,#7284);
#6467=AXIS2_PLACEMENT_3D('',#9249,#7285,#7286);
#6468=AXIS2_PLACEMENT_3D('',#9251,#7287,#7288);
#6469=AXIS2_PLACEMENT_3D('',#9253,#7289,#7290);
#6470=AXIS2_PLACEMENT_3D('',#9255,#7291,#7292);
#6471=AXIS2_PLACEMENT_3D('',#9257,#7293,#7294);
#6472=AXIS2_PLACEMENT_3D('',#9261,#7296,#7297);
#6473=AXIS2_PLACEMENT_3D('',#9263,#7298,#7299);
#6474=AXIS2_PLACEMENT_3D('',#9265,#7300,#7301);
#6475=AXIS2_PLACEMENT_3D('',#9267,#7302,#7303);
#6476=AXIS2_PLACEMENT_3D('',#9269,#7304,#7305);
#6477=AXIS2_PLACEMENT_3D('',#9271,#7306,#7307);
#6478=AXIS2_PLACEMENT_3D('',#9273,#7308,#7309);
#6479=AXIS2_PLACEMENT_3D('',#9275,#7310,#7311);
#6480=AXIS2_PLACEMENT_3D('',#9277,#7312,#7313);
#6481=AXIS2_PLACEMENT_3D('',#9278,#7314,#7315);
#6482=AXIS2_PLACEMENT_3D('',#9281,#7316,#7317);
#6483=AXIS2_PLACEMENT_3D('',#9287,#7318,#7319);
#6484=AXIS2_PLACEMENT_3D('',#9291,#7321,#7322);
#6485=AXIS2_PLACEMENT_3D('',#9293,#7323,#7324);
#6486=AXIS2_PLACEMENT_3D('',#9295,#7325,#7326);
#6487=AXIS2_PLACEMENT_3D('',#9297,#7327,#7328);
#6488=AXIS2_PLACEMENT_3D('',#9299,#7329,#7330);
#6489=AXIS2_PLACEMENT_3D('',#9301,#7331,#7332);
#6490=AXIS2_PLACEMENT_3D('',#9303,#7333,#7334);
#6491=AXIS2_PLACEMENT_3D('',#9305,#7335,#7336);
#6492=AXIS2_PLACEMENT_3D('',#9307,#7337,#7338);
#6493=AXIS2_PLACEMENT_3D('',#9315,#7342,#7343);
#6494=AXIS2_PLACEMENT_3D('',#9317,#7344,#7345);
#6495=AXIS2_PLACEMENT_3D('',#9340,#7357,#7358);
#6496=AXIS2_PLACEMENT_3D('',#9343,#7359,#7360);
#6497=AXIS2_PLACEMENT_3D('',#9345,#7361,#7362);
#6498=AXIS2_PLACEMENT_3D('',#9347,#7363,#7364);
#6499=AXIS2_PLACEMENT_3D('',#9349,#7365,#7366);
#6500=AXIS2_PLACEMENT_3D('',#9351,#7367,#7368);
#6501=AXIS2_PLACEMENT_3D('',#9357,#7369,#7370);
#6502=AXIS2_PLACEMENT_3D('',#9359,#7371,#7372);
#6503=AXIS2_PLACEMENT_3D('',#9361,#7373,#7374);
#6504=AXIS2_PLACEMENT_3D('',#9363,#7375,#7376);
#6505=AXIS2_PLACEMENT_3D('',#9365,#7377,#7378);
#6506=AXIS2_PLACEMENT_3D('',#9369,#7380,#7381);
#6507=AXIS2_PLACEMENT_3D('',#9371,#7382,#7383);
#6508=AXIS2_PLACEMENT_3D('',#9373,#7384,#7385);
#6509=AXIS2_PLACEMENT_3D('',#9375,#7386,#7387);
#6510=AXIS2_PLACEMENT_3D('',#9377,#7388,#7389);
#6511=AXIS2_PLACEMENT_3D('',#9379,#7390,#7391);
#6512=AXIS2_PLACEMENT_3D('',#9381,#7392,#7393);
#6513=AXIS2_PLACEMENT_3D('',#9383,#7394,#7395);
#6514=AXIS2_PLACEMENT_3D('',#9385,#7396,#7397);
#6515=AXIS2_PLACEMENT_3D('',#9387,#7398,#7399);
#6516=AXIS2_PLACEMENT_3D('',#9389,#7400,#7401);
#6517=AXIS2_PLACEMENT_3D('',#9391,#7402,#7403);
#6518=AXIS2_PLACEMENT_3D('',#9401,#7408,#7409);
#6519=AXIS2_PLACEMENT_3D('',#9403,#7410,#7411);
#6520=AXIS2_PLACEMENT_3D('',#9405,#7412,#7413);
#6521=AXIS2_PLACEMENT_3D('',#9407,#7414,#7415);
#6522=AXIS2_PLACEMENT_3D('',#9409,#7416,#7417);
#6523=AXIS2_PLACEMENT_3D('',#9411,#7418,#7419);
#6524=AXIS2_PLACEMENT_3D('',#9415,#7421,#7422);
#6525=AXIS2_PLACEMENT_3D('',#9417,#7423,#7424);
#6526=AXIS2_PLACEMENT_3D('',#9419,#7425,#7426);
#6527=AXIS2_PLACEMENT_3D('',#9421,#7427,#7428);
#6528=AXIS2_PLACEMENT_3D('',#9440,#7434,#7435);
#6529=AXIS2_PLACEMENT_3D('',#9445,#7437,#7438);
#6530=AXIS2_PLACEMENT_3D('',#9449,#7440,#7441);
#6531=AXIS2_PLACEMENT_3D('',#9453,#7443,#7444);
#6532=AXIS2_PLACEMENT_3D('',#9457,#7446,#7447);
#6533=AXIS2_PLACEMENT_3D('',#9498,#7468,#7469);
#6534=AXIS2_PLACEMENT_3D('',#9523,#7482,#7483);
#6535=AXIS2_PLACEMENT_3D('',#9525,#7484,#7485);
#6536=AXIS2_PLACEMENT_3D('',#9527,#7486,#7487);
#6537=AXIS2_PLACEMENT_3D('',#9529,#7488,#7489);
#6538=AXIS2_PLACEMENT_3D('',#9531,#7490,#7491);
#6539=AXIS2_PLACEMENT_3D('',#9557,#7504,#7505);
#6540=AXIS2_PLACEMENT_3D('',#9561,#7507,#7508);
#6541=AXIS2_PLACEMENT_3D('',#9565,#7510,#7511);
#6542=AXIS2_PLACEMENT_3D('',#9569,#7513,#7514);
#6543=AXIS2_PLACEMENT_3D('',#9573,#7516,#7517);
#6544=AXIS2_PLACEMENT_3D('',#9582,#7522,#7523);
#6545=AXIS2_PLACEMENT_3D('',#9585,#7526,#7527);
#6546=AXIS2_PLACEMENT_3D('',#9588,#7530,#7531);
#6547=AXIS2_PLACEMENT_3D('',#9591,#7534,#7535);
#6548=AXIS2_PLACEMENT_3D('',#9594,#7538,#7539);
#6549=AXIS2_PLACEMENT_3D('',#9597,#7542,#7543);
#6550=AXIS2_PLACEMENT_3D('',#9599,#7545,#7546);
#6551=AXIS2_PLACEMENT_3D('',#9601,#7548,#7549);
#6552=AXIS2_PLACEMENT_3D('',#9602,#7550,#7551);
#6553=AXIS2_PLACEMENT_3D('',#9603,#7552,#7553);
#6554=AXIS2_PLACEMENT_3D('',#9605,#7554,#7555);
#6555=AXIS2_PLACEMENT_3D('',#9607,#7556,#7557);
#6556=AXIS2_PLACEMENT_3D('',#9608,#7558,#7559);
#6557=AXIS2_PLACEMENT_3D('',#9610,#7560,#7561);
#6558=AXIS2_PLACEMENT_3D('',#9611,#7562,#7563);
#6559=AXIS2_PLACEMENT_3D('',#9612,#7564,#7565);
#6560=AXIS2_PLACEMENT_3D('',#9614,#7566,#7567);
#6561=AXIS2_PLACEMENT_3D('',#9616,#7568,#7569);
#6562=AXIS2_PLACEMENT_3D('',#9617,#7570,#7571);
#6563=AXIS2_PLACEMENT_3D('',#9619,#7572,#7573);
#6564=AXIS2_PLACEMENT_3D('',#9620,#7574,#7575);
#6565=AXIS2_PLACEMENT_3D('',#9621,#7576,#7577);
#6566=AXIS2_PLACEMENT_3D('',#9623,#7578,#7579);
#6567=AXIS2_PLACEMENT_3D('',#9625,#7580,#7581);
#6568=AXIS2_PLACEMENT_3D('',#9626,#7582,#7583);
#6569=AXIS2_PLACEMENT_3D('',#9628,#7584,#7585);
#6570=AXIS2_PLACEMENT_3D('',#9629,#7586,#7587);
#6571=AXIS2_PLACEMENT_3D('',#9630,#7588,#7589);
#6572=AXIS2_PLACEMENT_3D('',#9632,#7590,#7591);
#6573=AXIS2_PLACEMENT_3D('',#9634,#7592,#7593);
#6574=AXIS2_PLACEMENT_3D('',#9635,#7594,#7595);
#6575=AXIS2_PLACEMENT_3D('',#9637,#7596,#7597);
#6576=AXIS2_PLACEMENT_3D('',#9638,#7598,#7599);
#6577=AXIS2_PLACEMENT_3D('',#9639,#7600,#7601);
#6578=AXIS2_PLACEMENT_3D('',#9640,#7602,#7603);
#6579=AXIS2_PLACEMENT_3D('',#9641,#7604,#7605);
#6580=AXIS2_PLACEMENT_3D('',#9642,#7606,#7607);
#6581=AXIS2_PLACEMENT_3D('',#9643,#7608,#7609);
#6582=AXIS2_PLACEMENT_3D('',#9646,#7612,#7613);
#6583=AXIS2_PLACEMENT_3D('',#9648,#7615,#7616);
#6584=AXIS2_PLACEMENT_3D('',#9650,#7618,#7619);
#6585=AXIS2_PLACEMENT_3D('',#9651,#7620,#7621);
#6586=AXIS2_PLACEMENT_3D('',#9654,#7624,#7625);
#6587=AXIS2_PLACEMENT_3D('',#9656,#7627,#7628);
#6588=AXIS2_PLACEMENT_3D('',#9658,#7630,#7631);
#6589=AXIS2_PLACEMENT_3D('',#9659,#7632,#7633);
#6590=AXIS2_PLACEMENT_3D('',#9662,#7636,#7637);
#6591=AXIS2_PLACEMENT_3D('',#9664,#7639,#7640);
#6592=AXIS2_PLACEMENT_3D('',#9666,#7642,#7643);
#6593=AXIS2_PLACEMENT_3D('',#9667,#7644,#7645);
#6594=AXIS2_PLACEMENT_3D('',#9670,#7648,#7649);
#6595=AXIS2_PLACEMENT_3D('',#9672,#7651,#7652);
#6596=AXIS2_PLACEMENT_3D('',#9674,#7654,#7655);
#6597=AXIS2_PLACEMENT_3D('',#9675,#7656,#7657);
#6598=AXIS2_PLACEMENT_3D('',#9678,#7660,#7661);
#6599=AXIS2_PLACEMENT_3D('',#9680,#7663,#7664);
#6600=AXIS2_PLACEMENT_3D('',#9682,#7666,#7667);
#6601=AXIS2_PLACEMENT_3D('',#9683,#7668,#7669);
#6602=AXIS2_PLACEMENT_3D('',#9684,#7670,#7671);
#6603=AXIS2_PLACEMENT_3D('',#9685,#7672,#7673);
#6604=AXIS2_PLACEMENT_3D('',#9686,#7674,#7675);
#6605=AXIS2_PLACEMENT_3D('',#9687,#7676,#7677);
#6606=AXIS2_PLACEMENT_3D('',#9693,#7681,#7682);
#6607=AXIS2_PLACEMENT_3D('',#9697,#7685,#7686);
#6608=AXIS2_PLACEMENT_3D('',#9701,#7689,#7690);
#6609=AXIS2_PLACEMENT_3D('',#9703,#7692,#7693);
#6610=AXIS2_PLACEMENT_3D('',#9704,#7694,#7695);
#6611=AXIS2_PLACEMENT_3D('',#9710,#7699,#7700);
#6612=AXIS2_PLACEMENT_3D('',#9740,#7705,#7706);
#6613=AXIS2_PLACEMENT_3D('',#9743,#7708,#7709);
#6614=AXIS2_PLACEMENT_3D('',#9744,#7710,#7711);
#6615=AXIS2_PLACEMENT_3D('',#9747,#7713,#7714);
#6616=AXIS2_PLACEMENT_3D('',#9748,#7715,#7716);
#6617=AXIS2_PLACEMENT_3D('',#9751,#7718,#7719);
#6618=AXIS2_PLACEMENT_3D('',#9752,#7720,#7721);
#6619=AXIS2_PLACEMENT_3D('',#9755,#7723,#7724);
#6620=AXIS2_PLACEMENT_3D('',#9756,#7725,#7726);
#6621=AXIS2_PLACEMENT_3D('',#9760,#7729,#7730);
#6622=AXIS2_PLACEMENT_3D('',#9763,#7732,#7733);
#6623=AXIS2_PLACEMENT_3D('',#9764,#7734,#7735);
#6624=AXIS2_PLACEMENT_3D('',#9767,#7737,#7738);
#6625=AXIS2_PLACEMENT_3D('',#9768,#7739,#7740);
#6626=AXIS2_PLACEMENT_3D('',#9771,#7742,#7743);
#6627=AXIS2_PLACEMENT_3D('',#9772,#7744,#7745);
#6628=AXIS2_PLACEMENT_3D('',#9775,#7747,#7748);
#6629=AXIS2_PLACEMENT_3D('',#9776,#7749,#7750);
#6630=AXIS2_PLACEMENT_3D('',#9779,#7752,#7753);
#6631=AXIS2_PLACEMENT_3D('',#9780,#7754,#7755);
#6632=AXIS2_PLACEMENT_3D('',#9783,#7757,#7758);
#6633=AXIS2_PLACEMENT_3D('',#9784,#7759,#7760);
#6634=AXIS2_PLACEMENT_3D('',#9788,#7763,#7764);
#6635=AXIS2_PLACEMENT_3D('',#9790,#7766,#7767);
#6636=AXIS2_PLACEMENT_3D('',#9791,#7768,#7769);
#6637=AXIS2_PLACEMENT_3D('',#9796,#7772,#7773);
#6638=AXIS2_PLACEMENT_3D('',#9797,#7774,#7775);
#6639=AXIS2_PLACEMENT_3D('',#9801,#7778,#7779);
#6640=AXIS2_PLACEMENT_3D('',#9804,#7781,#7782);
#6641=AXIS2_PLACEMENT_3D('',#9805,#7783,#7784);
#6642=AXIS2_PLACEMENT_3D('',#9808,#7786,#7787);
#6643=AXIS2_PLACEMENT_3D('',#9809,#7788,#7789);
#6644=AXIS2_PLACEMENT_3D('',#9812,#7791,#7792);
#6645=AXIS2_PLACEMENT_3D('',#9813,#7793,#7794);
#6646=AXIS2_PLACEMENT_3D('',#9816,#7796,#7797);
#6647=AXIS2_PLACEMENT_3D('',#9817,#7798,#7799);
#6648=AXIS2_PLACEMENT_3D('',#9820,#7801,#7802);
#6649=AXIS2_PLACEMENT_3D('',#9821,#7803,#7804);
#6650=AXIS2_PLACEMENT_3D('',#9824,#7806,#7807);
#6651=AXIS2_PLACEMENT_3D('',#9825,#7808,#7809);
#6652=AXIS2_PLACEMENT_3D('',#9828,#7811,#7812);
#6653=AXIS2_PLACEMENT_3D('',#9829,#7813,#7814);
#6654=AXIS2_PLACEMENT_3D('',#9832,#7816,#7817);
#6655=AXIS2_PLACEMENT_3D('',#9833,#7818,#7819);
#6656=AXIS2_PLACEMENT_3D('',#9836,#7821,#7822);
#6657=AXIS2_PLACEMENT_3D('',#9837,#7823,#7824);
#6658=AXIS2_PLACEMENT_3D('',#9840,#7826,#7827);
#6659=AXIS2_PLACEMENT_3D('',#9841,#7828,#7829);
#6660=AXIS2_PLACEMENT_3D('',#9844,#7831,#7832);
#6661=AXIS2_PLACEMENT_3D('',#9845,#7833,#7834);
#6662=AXIS2_PLACEMENT_3D('',#9848,#7836,#7837);
#6663=AXIS2_PLACEMENT_3D('',#9849,#7838,#7839);
#6664=AXIS2_PLACEMENT_3D('',#9853,#7842,#7843);
#6665=AXIS2_PLACEMENT_3D('',#9856,#7845,#7846);
#6666=AXIS2_PLACEMENT_3D('',#9857,#7847,#7848);
#6667=AXIS2_PLACEMENT_3D('',#9860,#7850,#7851);
#6668=AXIS2_PLACEMENT_3D('',#9861,#7852,#7853);
#6669=AXIS2_PLACEMENT_3D('',#9864,#7855,#7856);
#6670=AXIS2_PLACEMENT_3D('',#9865,#7857,#7858);
#6671=AXIS2_PLACEMENT_3D('',#9868,#7860,#7861);
#6672=AXIS2_PLACEMENT_3D('',#9869,#7862,#7863);
#6673=AXIS2_PLACEMENT_3D('',#9872,#7865,#7866);
#6674=AXIS2_PLACEMENT_3D('',#9886,#7868,#7869);
#6675=AXIS2_PLACEMENT_3D('',#9889,#7871,#7872);
#6676=AXIS2_PLACEMENT_3D('',#9890,#7873,#7874);
#6677=AXIS2_PLACEMENT_3D('',#9893,#7876,#7877);
#6678=AXIS2_PLACEMENT_3D('',#9894,#7878,#7879);
#6679=AXIS2_PLACEMENT_3D('',#9897,#7881,#7882);
#6680=AXIS2_PLACEMENT_3D('',#9898,#7883,#7884);
#6681=AXIS2_PLACEMENT_3D('',#9901,#7886,#7887);
#6682=AXIS2_PLACEMENT_3D('',#9902,#7888,#7889);
#6683=AXIS2_PLACEMENT_3D('',#9903,#7890,#7891);
#6684=AXIS2_PLACEMENT_3D('',#9904,#7892,#7893);
#6685=AXIS2_PLACEMENT_3D('',#9905,#7894,#7895);
#6686=AXIS2_PLACEMENT_3D('',#9911,#7899,#7900);
#6687=AXIS2_PLACEMENT_3D('',#9915,#7903,#7904);
#6688=AXIS2_PLACEMENT_3D('',#9919,#7907,#7908);
#6689=AXIS2_PLACEMENT_3D('',#9921,#7910,#7911);
#6690=AXIS2_PLACEMENT_3D('',#9922,#7912,#7913);
#6691=AXIS2_PLACEMENT_3D('',#9928,#7917,#7918);
#6692=AXIS2_PLACEMENT_3D('',#9932,#7921,#7922);
#6693=AXIS2_PLACEMENT_3D('',#9936,#7925,#7926);
#6694=AXIS2_PLACEMENT_3D('',#9940,#7929,#7930);
#6695=AXIS2_PLACEMENT_3D('',#9944,#7933,#7934);
#6696=AXIS2_PLACEMENT_3D('',#9948,#7937,#7938);
#6697=AXIS2_PLACEMENT_3D('',#9950,#7940,#7941);
#6698=AXIS2_PLACEMENT_3D('',#9951,#7942,#7943);
#6699=AXIS2_PLACEMENT_3D('',#9956,#7946,#7947);
#6700=AXIS2_PLACEMENT_3D('',#9957,#7948,#7949);
#6701=AXIS2_PLACEMENT_3D('',#9960,#7951,#7952);
#6702=AXIS2_PLACEMENT_3D('',#9961,#7953,#7954);
#6703=AXIS2_PLACEMENT_3D('',#9964,#7956,#7957);
#6704=AXIS2_PLACEMENT_3D('',#9965,#7958,#7959);
#6705=AXIS2_PLACEMENT_3D('',#9969,#7962,#7963);
#6706=AXIS2_PLACEMENT_3D('',#9973,#7966,#7967);
#6707=AXIS2_PLACEMENT_3D('',#9977,#7970,#7971);
#6708=AXIS2_PLACEMENT_3D('',#9980,#7973,#7974);
#6709=AXIS2_PLACEMENT_3D('',#9981,#7975,#7976);
#6710=AXIS2_PLACEMENT_3D('',#9984,#7978,#7979);
#6711=AXIS2_PLACEMENT_3D('',#9985,#7980,#7981);
#6712=AXIS2_PLACEMENT_3D('',#9988,#7983,#7984);
#6713=AXIS2_PLACEMENT_3D('',#9989,#7985,#7986);
#6714=AXIS2_PLACEMENT_3D('',#9992,#7988,#7989);
#6715=AXIS2_PLACEMENT_3D('',#9993,#7990,#7991);
#6716=AXIS2_PLACEMENT_3D('',#9996,#7993,#7994);
#6717=AXIS2_PLACEMENT_3D('',#9997,#7995,#7996);
#6718=AXIS2_PLACEMENT_3D('',#10000,#7998,#7999);
#6719=AXIS2_PLACEMENT_3D('',#10001,#8000,#8001);
#6720=AXIS2_PLACEMENT_3D('',#10004,#8003,#8004);
#6721=AXIS2_PLACEMENT_3D('',#10005,#8005,#8006);
#6722=AXIS2_PLACEMENT_3D('',#10008,#8008,#8009);
#6723=AXIS2_PLACEMENT_3D('',#10009,#8010,#8011);
#6724=AXIS2_PLACEMENT_3D('',#10012,#8013,#8014);
#6725=AXIS2_PLACEMENT_3D('',#10013,#8015,#8016);
#6726=AXIS2_PLACEMENT_3D('',#10017,#8019,#8020);
#6727=AXIS2_PLACEMENT_3D('',#10020,#8022,#8023);
#6728=AXIS2_PLACEMENT_3D('',#10034,#8025,#8026);
#6729=AXIS2_PLACEMENT_3D('',#10035,#8027,#8028);
#6730=AXIS2_PLACEMENT_3D('',#10036,#8029,#8030);
#6731=AXIS2_PLACEMENT_3D('',#10037,#8031,#8032);
#6732=AXIS2_PLACEMENT_3D('',#10042,#8035,#8036);
#6733=AXIS2_PLACEMENT_3D('',#10043,#8037,#8038);
#6734=AXIS2_PLACEMENT_3D('',#10046,#8040,#8041);
#6735=AXIS2_PLACEMENT_3D('',#10047,#8042,#8043);
#6736=AXIS2_PLACEMENT_3D('',#10050,#8045,#8046);
#6737=AXIS2_PLACEMENT_3D('',#10051,#8047,#8048);
#6738=AXIS2_PLACEMENT_3D('',#10054,#8050,#8051);
#6739=AXIS2_PLACEMENT_3D('',#10055,#8052,#8053);
#6740=AXIS2_PLACEMENT_3D('',#10058,#8055,#8056);
#6741=AXIS2_PLACEMENT_3D('',#10059,#8057,#8058);
#6742=AXIS2_PLACEMENT_3D('',#10062,#8060,#8061);
#6743=AXIS2_PLACEMENT_3D('',#10063,#8062,#8063);
#6744=AXIS2_PLACEMENT_3D('',#10066,#8065,#8066);
#6745=AXIS2_PLACEMENT_3D('',#10067,#8067,#8068);
#6746=AXIS2_PLACEMENT_3D('',#10070,#8070,#8071);
#6747=AXIS2_PLACEMENT_3D('',#10071,#8072,#8073);
#6748=AXIS2_PLACEMENT_3D('',#10074,#8075,#8076);
#6749=AXIS2_PLACEMENT_3D('',#10075,#8077,#8078);
#6750=AXIS2_PLACEMENT_3D('',#10078,#8080,#8081);
#6751=AXIS2_PLACEMENT_3D('',#10079,#8082,#8083);
#6752=AXIS2_PLACEMENT_3D('',#10083,#8086,#8087);
#6753=AXIS2_PLACEMENT_3D('',#10086,#8089,#8090);
#6754=AXIS2_PLACEMENT_3D('',#10087,#8091,#8092);
#6755=AXIS2_PLACEMENT_3D('',#10090,#8094,#8095);
#6756=AXIS2_PLACEMENT_3D('',#10091,#8096,#8097);
#6757=AXIS2_PLACEMENT_3D('',#10094,#8099,#8100);
#6758=AXIS2_PLACEMENT_3D('',#10095,#8101,#8102);
#6759=AXIS2_PLACEMENT_3D('',#10098,#8104,#8105);
#6760=AXIS2_PLACEMENT_3D('',#10099,#8106,#8107);
#6761=AXIS2_PLACEMENT_3D('',#10102,#8109,#8110);
#6762=AXIS2_PLACEMENT_3D('',#10103,#8111,#8112);
#6763=AXIS2_PLACEMENT_3D('',#10106,#8114,#8115);
#6764=AXIS2_PLACEMENT_3D('',#10120,#8117,#8118);
#6765=AXIS2_PLACEMENT_3D('',#10123,#8120,#8121);
#6766=AXIS2_PLACEMENT_3D('',#10124,#8122,#8123);
#6767=AXIS2_PLACEMENT_3D('',#10128,#8126,#8127);
#6768=AXIS2_PLACEMENT_3D('',#10131,#8129,#8130);
#6769=AXIS2_PLACEMENT_3D('',#10132,#8131,#8132);
#6770=AXIS2_PLACEMENT_3D('',#10135,#8134,#8135);
#6771=AXIS2_PLACEMENT_3D('',#10136,#8136,#8137);
#6772=AXIS2_PLACEMENT_3D('',#10140,#8140,#8141);
#6773=AXIS2_PLACEMENT_3D('',#10143,#8143,#8144);
#6774=AXIS2_PLACEMENT_3D('',#10144,#8145,#8146);
#6775=AXIS2_PLACEMENT_3D('',#10147,#8148,#8149);
#6776=AXIS2_PLACEMENT_3D('',#10148,#8150,#8151);
#6777=AXIS2_PLACEMENT_3D('',#10151,#8153,#8154);
#6778=AXIS2_PLACEMENT_3D('',#10152,#8155,#8156);
#6779=AXIS2_PLACEMENT_3D('',#10155,#8158,#8159);
#6780=AXIS2_PLACEMENT_3D('',#10156,#8160,#8161);
#6781=AXIS2_PLACEMENT_3D('',#10159,#8163,#8164);
#6782=AXIS2_PLACEMENT_3D('',#10160,#8165,#8166);
#6783=AXIS2_PLACEMENT_3D('',#10163,#8168,#8169);
#6784=AXIS2_PLACEMENT_3D('',#10164,#8170,#8171);
#6785=AXIS2_PLACEMENT_3D('',#10168,#8174,#8175);
#6786=AXIS2_PLACEMENT_3D('',#10171,#8177,#8178);
#6787=AXIS2_PLACEMENT_3D('',#10172,#8179,#8180);
#6788=AXIS2_PLACEMENT_3D('',#10175,#8182,#8183);
#6789=AXIS2_PLACEMENT_3D('',#10176,#8184,#8185);
#6790=AXIS2_PLACEMENT_3D('',#10179,#8187,#8188);
#6791=AXIS2_PLACEMENT_3D('',#10180,#8189,#8190);
#6792=AXIS2_PLACEMENT_3D('',#10183,#8192,#8193);
#6793=AXIS2_PLACEMENT_3D('',#10184,#8194,#8195);
#6794=AXIS2_PLACEMENT_3D('',#10186,#8197,#8198);
#6795=AXIS2_PLACEMENT_3D('',#10187,#8199,#8200);
#6796=AXIS2_PLACEMENT_3D('',#10192,#8203,#8204);
#6797=AXIS2_PLACEMENT_3D('',#10193,#8205,#8206);
#6798=AXIS2_PLACEMENT_3D('',#10196,#8208,#8209);
#6799=AXIS2_PLACEMENT_3D('',#10197,#8210,#8211);
#6800=AXIS2_PLACEMENT_3D('',#10200,#8213,#8214);
#6801=AXIS2_PLACEMENT_3D('',#10201,#8215,#8216);
#6802=AXIS2_PLACEMENT_3D('',#10205,#8219,#8220);
#6803=AXIS2_PLACEMENT_3D('',#10208,#8222,#8223);
#6804=AXIS2_PLACEMENT_3D('',#10209,#8224,#8225);
#6805=AXIS2_PLACEMENT_3D('',#10212,#8227,#8228);
#6806=AXIS2_PLACEMENT_3D('',#10213,#8229,#8230);
#6807=AXIS2_PLACEMENT_3D('',#10215,#8232,#8233);
#6808=AXIS2_PLACEMENT_3D('',#10216,#8234,#8235);
#6809=AXIS2_PLACEMENT_3D('',#10222,#8239,#8240);
#6810=AXIS2_PLACEMENT_3D('',#10226,#8243,#8244);
#6811=AXIS2_PLACEMENT_3D('',#10230,#8247,#8248);
#6812=AXIS2_PLACEMENT_3D('',#10234,#8251,#8252);
#6813=AXIS2_PLACEMENT_3D('',#10236,#8254,#8255);
#6814=AXIS2_PLACEMENT_3D('',#10237,#8256,#8257);
#6815=AXIS2_PLACEMENT_3D('',#10243,#8261,#8262);
#6816=AXIS2_PLACEMENT_3D('',#10247,#8265,#8266);
#6817=AXIS2_PLACEMENT_3D('',#10251,#8269,#8270);
#6818=AXIS2_PLACEMENT_3D('',#10255,#8273,#8274);
#6819=AXIS2_PLACEMENT_3D('',#10257,#8276,#8277);
#6820=AXIS2_PLACEMENT_3D('',#10258,#8278,#8279);
#6821=AXIS2_PLACEMENT_3D('',#10264,#8283,#8284);
#6822=AXIS2_PLACEMENT_3D('',#10268,#8287,#8288);
#6823=AXIS2_PLACEMENT_3D('',#10271,#8290,#8291);
#6824=AXIS2_PLACEMENT_3D('',#10272,#8292,#8293);
#6825=AXIS2_PLACEMENT_3D('',#10275,#8295,#8296);
#6826=AXIS2_PLACEMENT_3D('',#10276,#8297,#8298);
#6827=AXIS2_PLACEMENT_3D('',#10279,#8300,#8301);
#6828=AXIS2_PLACEMENT_3D('',#10280,#8302,#8303);
#6829=AXIS2_PLACEMENT_3D('',#10283,#8305,#8306);
#6830=AXIS2_PLACEMENT_3D('',#10284,#8307,#8308);
#6831=AXIS2_PLACEMENT_3D('',#10287,#8310,#8311);
#6832=AXIS2_PLACEMENT_3D('',#10288,#8312,#8313);
#6833=AXIS2_PLACEMENT_3D('',#10291,#8315,#8316);
#6834=AXIS2_PLACEMENT_3D('',#10292,#8317,#8318);
#6835=AXIS2_PLACEMENT_3D('',#10295,#8320,#8321);
#6836=AXIS2_PLACEMENT_3D('',#10296,#8322,#8323);
#6837=AXIS2_PLACEMENT_3D('',#10299,#8325,#8326);
#6838=AXIS2_PLACEMENT_3D('',#10300,#8327,#8328);
#6839=AXIS2_PLACEMENT_3D('',#10303,#8330,#8331);
#6840=AXIS2_PLACEMENT_3D('',#10304,#8332,#8333);
#6841=AXIS2_PLACEMENT_3D('',#10307,#8335,#8336);
#6842=AXIS2_PLACEMENT_3D('',#10308,#8337,#8338);
#6843=AXIS2_PLACEMENT_3D('',#10312,#8341,#8342);
#6844=AXIS2_PLACEMENT_3D('',#10315,#8344,#8345);
#6845=AXIS2_PLACEMENT_3D('',#10316,#8346,#8347);
#6846=AXIS2_PLACEMENT_3D('',#10319,#8349,#8350);
#6847=AXIS2_PLACEMENT_3D('',#10320,#8351,#8352);
#6848=AXIS2_PLACEMENT_3D('',#10323,#8354,#8355);
#6849=AXIS2_PLACEMENT_3D('',#10324,#8356,#8357);
#6850=AXIS2_PLACEMENT_3D('',#10327,#8359,#8360);
#6851=AXIS2_PLACEMENT_3D('',#10328,#8361,#8362);
#6852=AXIS2_PLACEMENT_3D('',#10331,#8364,#8365);
#6853=AXIS2_PLACEMENT_3D('',#10332,#8366,#8367);
#6854=AXIS2_PLACEMENT_3D('',#10335,#8369,#8370);
#6855=AXIS2_PLACEMENT_3D('',#10336,#8371,#8372);
#6856=AXIS2_PLACEMENT_3D('',#10338,#8374,#8375);
#6857=AXIS2_PLACEMENT_3D('',#10339,#8376,#8377);
#6858=AXIS2_PLACEMENT_3D('',#10344,#8380,#8381);
#6859=AXIS2_PLACEMENT_3D('',#10345,#8382,#8383);
#6860=AXIS2_PLACEMENT_3D('',#10348,#8385,#8386);
#6861=AXIS2_PLACEMENT_3D('',#10349,#8387,#8388);
#6862=AXIS2_PLACEMENT_3D('',#10352,#8390,#8391);
#6863=AXIS2_PLACEMENT_3D('',#10353,#8392,#8393);
#6864=AXIS2_PLACEMENT_3D('',#10357,#8396,#8397);
#6865=AXIS2_PLACEMENT_3D('',#10360,#8399,#8400);
#6866=AXIS2_PLACEMENT_3D('',#10361,#8401,#8402);
#6867=AXIS2_PLACEMENT_3D('',#10364,#8404,#8405);
#6868=AXIS2_PLACEMENT_3D('',#10378,#8407,#8408);
#6869=AXIS2_PLACEMENT_3D('',#10381,#8410,#8411);
#6870=AXIS2_PLACEMENT_3D('',#10382,#8412,#8413);
#6871=AXIS2_PLACEMENT_3D('',#10385,#8415,#8416);
#6872=AXIS2_PLACEMENT_3D('',#10386,#8417,#8418);
#6873=AXIS2_PLACEMENT_3D('',#10389,#8420,#8421);
#6874=AXIS2_PLACEMENT_3D('',#10390,#8422,#8423);
#6875=AXIS2_PLACEMENT_3D('',#10394,#8426,#8427);
#6876=AXIS2_PLACEMENT_3D('',#10398,#8430,#8431);
#6877=AXIS2_PLACEMENT_3D('',#10402,#8434,#8435);
#6878=AXIS2_PLACEMENT_3D('',#10405,#8437,#8438);
#6879=AXIS2_PLACEMENT_3D('',#10406,#8439,#8440);
#6880=AXIS2_PLACEMENT_3D('',#10409,#8442,#8443);
#6881=AXIS2_PLACEMENT_3D('',#10410,#8444,#8445);
#6882=AXIS2_PLACEMENT_3D('',#10413,#8447,#8448);
#6883=AXIS2_PLACEMENT_3D('',#10414,#8449,#8450);
#6884=AXIS2_PLACEMENT_3D('',#10417,#8452,#8453);
#6885=AXIS2_PLACEMENT_3D('',#10418,#8454,#8455);
#6886=AXIS2_PLACEMENT_3D('',#10419,#8456,#8457);
#6887=AXIS2_PLACEMENT_3D('',#10420,#8458,#8459);
#6888=AXIS2_PLACEMENT_3D('',#10421,#8460,#8461);
#6889=AXIS2_PLACEMENT_3D('',#10427,#8465,#8466);
#6890=AXIS2_PLACEMENT_3D('',#10431,#8469,#8470);
#6891=AXIS2_PLACEMENT_3D('',#10435,#8473,#8474);
#6892=AXIS2_PLACEMENT_3D('',#10439,#8477,#8478);
#6893=AXIS2_PLACEMENT_3D('',#10441,#8480,#8481);
#6894=AXIS2_PLACEMENT_3D('',#10442,#8482,#8483);
#6895=AXIS2_PLACEMENT_3D('',#10443,#8484,#8485);
#6896=AXIS2_PLACEMENT_3D('',#10460,#8494,#8495);
#6897=AXIS2_PLACEMENT_3D('',#10477,#8504,#8505);
#6898=AXIS2_PLACEMENT_3D('',#10494,#8514,#8515);
#6899=AXIS2_PLACEMENT_3D('',#10511,#8524,#8525);
#6900=AXIS2_PLACEMENT_3D('',#10512,#8526,#8527);
#6901=AXIS2_PLACEMENT_3D('',#10514,#8528,#8529);
#6902=AXIS2_PLACEMENT_3D('',#10516,#8530,#8531);
#6903=AXIS2_PLACEMENT_3D('',#10517,#8532,#8533);
#6904=AXIS2_PLACEMENT_3D('',#10519,#8534,#8535);
#6905=AXIS2_PLACEMENT_3D('',#10521,#8536,#8537);
#6906=AXIS2_PLACEMENT_3D('',#10522,#8538,#8539);
#6907=AXIS2_PLACEMENT_3D('',#10524,#8540,#8541);
#6908=AXIS2_PLACEMENT_3D('',#10526,#8542,#8543);
#6909=AXIS2_PLACEMENT_3D('',#10527,#8544,#8545);
#6910=AXIS2_PLACEMENT_3D('',#10529,#8546,#8547);
#6911=AXIS2_PLACEMENT_3D('',#10531,#8548,#8549);
#6912=AXIS2_PLACEMENT_3D('',#10532,#8550,#8551);
#6913=AXIS2_PLACEMENT_3D('',#10536,#8553,#8554);
#6914=AXIS2_PLACEMENT_3D('',#10537,#8555,#8556);
#6915=AXIS2_PLACEMENT_3D('',#10541,#8558,#8559);
#6916=AXIS2_PLACEMENT_3D('',#10544,#8562,#8563);
#6917=AXIS2_PLACEMENT_3D('',#10545,#8564,#8565);
#6918=AXIS2_PLACEMENT_3D('',#10547,#8566,#8567);
#6919=AXIS2_PLACEMENT_3D('',#10549,#8568,#8569);
#6920=AXIS2_PLACEMENT_3D('',#10551,#8570,#8571);
#6921=AXIS2_PLACEMENT_3D('',#10556,#8573,#8574);
#6922=AXIS2_PLACEMENT_3D('',#10557,#8575,#8576);
#6923=AXIS2_PLACEMENT_3D('',#10561,#8578,#8579);
#6924=AXIS2_PLACEMENT_3D('',#10562,#8580,#8581);
#6925=AXIS2_PLACEMENT_3D('',#10563,#8582,#8583);
#6926=AXIS2_PLACEMENT_3D('',#10566,#8586,#8587);
#6927=AXIS2_PLACEMENT_3D('',#10569,#8590,#8591);
#6928=AXIS2_PLACEMENT_3D('',#10570,#8592,#8593);
#6929=AXIS2_PLACEMENT_3D('',#10572,#8594,#8595);
#6930=AXIS2_PLACEMENT_3D('',#10574,#8596,#8597);
#6931=AXIS2_PLACEMENT_3D('',#10576,#8598,#8599);
#6932=AXIS2_PLACEMENT_3D('',#10580,#8602,#8603);
#6933=AXIS2_PLACEMENT_3D('',#10581,#8604,#8605);
#6934=AXIS2_PLACEMENT_3D('',#10582,#8606,#8607);
#6935=AXIS2_PLACEMENT_3D('',#10583,#8608,#8609);
#6936=AXIS2_PLACEMENT_3D('',#10585,#8610,#8611);
#6937=AXIS2_PLACEMENT_3D('',#10587,#8612,#8613);
#6938=AXIS2_PLACEMENT_3D('',#10588,#8614,#8615);
#6939=AXIS2_PLACEMENT_3D('',#10590,#8616,#8617);
#6940=AXIS2_PLACEMENT_3D('',#10591,#8618,#8619);
#6941=AXIS2_PLACEMENT_3D('',#10592,#8620,#8621);
#6942=AXIS2_PLACEMENT_3D('',#10594,#8622,#8623);
#6943=AXIS2_PLACEMENT_3D('',#10596,#8624,#8625);
#6944=AXIS2_PLACEMENT_3D('',#10597,#8626,#8627);
#6945=AXIS2_PLACEMENT_3D('',#10599,#8628,#8629);
#6946=AXIS2_PLACEMENT_3D('',#10600,#8630,#8631);
#6947=AXIS2_PLACEMENT_3D('',#10601,#8632,#8633);
#6948=AXIS2_PLACEMENT_3D('',#10603,#8634,#8635);
#6949=AXIS2_PLACEMENT_3D('',#10605,#8636,#8637);
#6950=AXIS2_PLACEMENT_3D('',#10606,#8638,#8639);
#6951=AXIS2_PLACEMENT_3D('',#10608,#8640,#8641);
#6952=AXIS2_PLACEMENT_3D('',#10609,#8642,#8643);
#6953=AXIS2_PLACEMENT_3D('',#10610,#8644,#8645);
#6954=AXIS2_PLACEMENT_3D('',#10612,#8646,#8647);
#6955=AXIS2_PLACEMENT_3D('',#10614,#8648,#8649);
#6956=AXIS2_PLACEMENT_3D('',#10615,#8650,#8651);
#6957=AXIS2_PLACEMENT_3D('',#10617,#8652,#8653);
#6958=AXIS2_PLACEMENT_3D('',#10618,#8654,#8655);
#6959=AXIS2_PLACEMENT_3D('',#10619,#8656,#8657);
#6960=AXIS2_PLACEMENT_3D('',#10620,#8658,#8659);
#6961=AXIS2_PLACEMENT_3D('',#10621,#8660,#8661);
#6962=AXIS2_PLACEMENT_3D('',#10622,#8662,#8663);
#6963=AXIS2_PLACEMENT_3D('',#10623,#8664,#8665);
#6964=AXIS2_PLACEMENT_3D('',#10625,#8666,#8667);
#6965=AXIS2_PLACEMENT_3D('',#10626,#8668,#8669);
#6966=AXIS2_PLACEMENT_3D('',#10627,#8670,#8671);
#6967=AXIS2_PLACEMENT_3D('',#10629,#8672,#8673);
#6968=AXIS2_PLACEMENT_3D('',#10630,#8674,#8675);
#6969=AXIS2_PLACEMENT_3D('',#10631,#8676,#8677);
#6970=AXIS2_PLACEMENT_3D('',#10633,#8678,#8679);
#6971=AXIS2_PLACEMENT_3D('',#10634,#8680,#8681);
#6972=AXIS2_PLACEMENT_3D('',#10635,#8682,#8683);
#6973=AXIS2_PLACEMENT_3D('',#10637,#8684,#8685);
#6974=AXIS2_PLACEMENT_3D('',#10638,#8686,#8687);
#6975=AXIS2_PLACEMENT_3D('',#10641,#8690,#8691);
#6976=AXIS2_PLACEMENT_3D('',#10643,#8693,#8694);
#6977=AXIS2_PLACEMENT_3D('',#10645,#8696,#8697);
#6978=AXIS2_PLACEMENT_3D('',#10646,#8698,#8699);
#6979=AXIS2_PLACEMENT_3D('',#10649,#8702,#8703);
#6980=AXIS2_PLACEMENT_3D('',#10651,#8705,#8706);
#6981=AXIS2_PLACEMENT_3D('',#10653,#8708,#8709);
#6982=AXIS2_PLACEMENT_3D('',#10654,#8710,#8711);
#6983=AXIS2_PLACEMENT_3D('',#10655,#8712,#8713);
#6984=AXIS2_PLACEMENT_3D('',#10656,#8714,#8715);
#6985=AXIS2_PLACEMENT_3D('',#10657,#8716,#8717);
#6986=AXIS2_PLACEMENT_3D('',#10658,#8718,#8719);
#6987=AXIS2_PLACEMENT_3D('',#10659,#8720,#8721);
#6988=AXIS2_PLACEMENT_3D('',#10668,#8726,#8727);
#6989=AXIS2_PLACEMENT_3D('',#10674,#8731,#8732);
#6990=AXIS2_PLACEMENT_3D('',#10680,#8736,#8737);
#6991=AXIS2_PLACEMENT_3D('',#10682,#8739,#8740);
#6992=AXIS2_PLACEMENT_3D('',#10684,#8741,#8742);
#6993=AXIS2_PLACEMENT_3D('',#10686,#8743,#8744);
#6994=AXIS2_PLACEMENT_3D('',#10688,#8745,#8746);
#6995=AXIS2_PLACEMENT_3D('',#10690,#8747,#8748);
#6996=AXIS2_PLACEMENT_3D('',#10692,#8749,#8750);
#6997=AXIS2_PLACEMENT_3D('',#10694,#8751,#8752);
#6998=AXIS2_PLACEMENT_3D('',#10696,#8753,#8754);
#6999=AXIS2_PLACEMENT_3D('',#10698,#8755,#8756);
#7000=AXIS2_PLACEMENT_3D('',#10700,#8757,#8758);
#7001=AXIS2_PLACEMENT_3D('',#10702,#8759,#8760);
#7002=AXIS2_PLACEMENT_3D('',#10704,#8761,#8762);
#7003=AXIS2_PLACEMENT_3D('',#10706,#8763,#8764);
#7004=AXIS2_PLACEMENT_3D('',#10708,#8765,#8766);
#7005=AXIS2_PLACEMENT_3D('',#10710,#8767,#8768);
#7006=AXIS2_PLACEMENT_3D('',#10712,#8769,#8770);
#7007=AXIS2_PLACEMENT_3D('',#10714,#8771,#8772);
#7008=AXIS2_PLACEMENT_3D('',#10716,#8773,#8774);
#7009=AXIS2_PLACEMENT_3D('',#10718,#8775,#8776);
#7010=AXIS2_PLACEMENT_3D('',#10720,#8777,#8778);
#7011=AXIS2_PLACEMENT_3D('',#10722,#8779,#8780);
#7012=AXIS2_PLACEMENT_3D('',#10724,#8781,#8782);
#7013=AXIS2_PLACEMENT_3D('',#10726,#8783,#8784);
#7014=AXIS2_PLACEMENT_3D('',#10728,#8785,#8786);
#7015=AXIS2_PLACEMENT_3D('',#10730,#8787,#8788);
#7016=AXIS2_PLACEMENT_3D('',#10732,#8789,#8790);
#7017=AXIS2_PLACEMENT_3D('',#10734,#8791,#8792);
#7018=AXIS2_PLACEMENT_3D('',#10736,#8793,#8794);
#7019=AXIS2_PLACEMENT_3D('',#10738,#8795,#8796);
#7020=AXIS2_PLACEMENT_3D('',#10743,#8798,#8799);
#7021=AXIS2_PLACEMENT_3D('',#10747,#8801,#8802);
#7022=AXIS2_PLACEMENT_3D('',#10748,#8803,#8804);
#7023=AXIS2_PLACEMENT_3D('',#10750,#8805,#8806);
#7024=AXIS2_PLACEMENT_3D('',#10752,#8807,#8808);
#7025=AXIS2_PLACEMENT_3D('',#10754,#8809,#8810);
#7026=AXIS2_PLACEMENT_3D('',#10756,#8811,#8812);
#7027=AXIS2_PLACEMENT_3D('',#10758,#8813,#8814);
#7028=AXIS2_PLACEMENT_3D('',#10760,#8815,#8816);
#7029=AXIS2_PLACEMENT_3D('',#10762,#8817,#8818);
#7030=AXIS2_PLACEMENT_3D('',#10764,#8819,#8820);
#7031=AXIS2_PLACEMENT_3D('',#10766,#8821,#8822);
#7032=AXIS2_PLACEMENT_3D('',#10768,#8823,#8824);
#7033=AXIS2_PLACEMENT_3D('',#10770,#8825,#8826);
#7034=AXIS2_PLACEMENT_3D('',#10772,#8827,#8828);
#7035=AXIS2_PLACEMENT_3D('',#10774,#8829,#8830);
#7036=AXIS2_PLACEMENT_3D('',#10779,#8832,#8833);
#7037=AXIS2_PLACEMENT_3D('',#10783,#8835,#8836);
#7038=AXIS2_PLACEMENT_3D('',#10784,#8837,#8838);
#7039=AXIS2_PLACEMENT_3D('',#10786,#8839,#8840);
#7040=AXIS2_PLACEMENT_3D('',#10788,#8841,#8842);
#7041=AXIS2_PLACEMENT_3D('',#10790,#8843,#8844);
#7042=AXIS2_PLACEMENT_3D('',#10792,#8845,#8846);
#7043=AXIS2_PLACEMENT_3D('',#10794,#8847,#8848);
#7044=AXIS2_PLACEMENT_3D('',#10796,#8850,#8851);
#7045=AXIS2_PLACEMENT_3D('',#10798,#8852,#8853);
#7046=AXIS2_PLACEMENT_3D('',#10800,#8854,#8855);
#7047=AXIS2_PLACEMENT_3D('',#10802,#8856,#8857);
#7048=AXIS2_PLACEMENT_3D('',#10804,#8858,#8859);
#7049=AXIS2_PLACEMENT_3D('',#10806,#8860,#8861);
#7050=AXIS2_PLACEMENT_3D('',#10808,#8862,#8863);
#7051=AXIS2_PLACEMENT_3D('',#10810,#8864,#8865);
#7052=AXIS2_PLACEMENT_3D('',#10812,#8866,#8867);
#7053=AXIS2_PLACEMENT_3D('',#10814,#8868,#8869);
#7054=AXIS2_PLACEMENT_3D('',#10816,#8870,#8871);
#7055=AXIS2_PLACEMENT_3D('',#10818,#8872,#8873);
#7056=AXIS2_PLACEMENT_3D('',#10820,#8874,#8875);
#7057=AXIS2_PLACEMENT_3D('',#10822,#8876,#8877);
#7058=AXIS2_PLACEMENT_3D('',#10824,#8878,#8879);
#7059=AXIS2_PLACEMENT_3D('',#10826,#8880,#8881);
#7060=AXIS2_PLACEMENT_3D('',#10828,#8882,#8883);
#7061=AXIS2_PLACEMENT_3D('',#10830,#8884,#8885);
#7062=AXIS2_PLACEMENT_3D('',#10832,#8886,#8887);
#7063=AXIS2_PLACEMENT_3D('',#10834,#8888,#8889);
#7064=AXIS2_PLACEMENT_3D('',#10836,#8890,#8891);
#7065=AXIS2_PLACEMENT_3D('',#10838,#8892,#8893);
#7066=AXIS2_PLACEMENT_3D('',#10840,#8894,#8895);
#7067=AXIS2_PLACEMENT_3D('',#10842,#8896,#8897);
#7068=AXIS2_PLACEMENT_3D('',#10844,#8898,#8899);
#7069=AXIS2_PLACEMENT_3D('',#10846,#8900,#8901);
#7070=AXIS2_PLACEMENT_3D('',#10848,#8902,#8903);
#7071=AXIS2_PLACEMENT_3D('',#10850,#8904,#8905);
#7072=AXIS2_PLACEMENT_3D('',#10852,#8906,#8907);
#7073=AXIS2_PLACEMENT_3D('',#10854,#8908,#8909);
#7074=AXIS2_PLACEMENT_3D('',#10859,#8911,#8912);
#7075=AXIS2_PLACEMENT_3D('',#10862,#8914,#8915);
#7076=AXIS2_PLACEMENT_3D('',#10864,#8916,#8917);
#7077=AXIS2_PLACEMENT_3D('',#10866,#8918,#8919);
#7078=AXIS2_PLACEMENT_3D('',#10868,#8920,#8921);
#7079=AXIS2_PLACEMENT_3D('',#10870,#8922,#8923);
#7080=AXIS2_PLACEMENT_3D('',#10872,#8924,#8925);
#7081=AXIS2_PLACEMENT_3D('',#10874,#8926,#8927);
#7082=AXIS2_PLACEMENT_3D('',#10876,#8928,#8929);
#7083=AXIS2_PLACEMENT_3D('',#10878,#8930,#8931);
#7084=AXIS2_PLACEMENT_3D('',#10880,#8932,#8933);
#7085=AXIS2_PLACEMENT_3D('',#10882,#8934,#8935);
#7086=AXIS2_PLACEMENT_3D('',#10884,#8936,#8937);
#7087=AXIS2_PLACEMENT_3D('',#10886,#8938,#8939);
#7088=AXIS2_PLACEMENT_3D('',#10888,#8940,#8941);
#7089=AXIS2_PLACEMENT_3D('',#10890,#8942,#8943);
#7090=AXIS2_PLACEMENT_3D('',#10895,#8945,#8946);
#7091=AXIS2_PLACEMENT_3D('',#10898,#8948,#8949);
#7092=AXIS2_PLACEMENT_3D('',#10900,#8950,#8951);
#7093=AXIS2_PLACEMENT_3D('',#10902,#8952,#8953);
#7094=AXIS2_PLACEMENT_3D('',#10904,#8954,#8955);
#7095=AXIS2_PLACEMENT_3D('',#10906,#8956,#8957);
#7096=AXIS2_PLACEMENT_3D('',#10908,#8958,#8959);
#7097=AXIS2_PLACEMENT_3D('',#10909,#8960,#8961);
#7098=AXIS2_PLACEMENT_3D('',#10910,#8962,#8963);
#7099=AXIS2_PLACEMENT_3D('',#10911,#8964,#8965);
#7100=AXIS2_PLACEMENT_3D('',#10912,#8966,#8967);
#7101=AXIS2_PLACEMENT_3D('',#10913,#8968,#8969);
#7102=AXIS2_PLACEMENT_3D('',#10914,#8970,#8971);
#7103=AXIS2_PLACEMENT_3D('',#10915,#8972,#8973);
#7104=AXIS2_PLACEMENT_3D('',#10916,#8974,#8975);
#7105=AXIS2_PLACEMENT_3D('',#10917,#8976,#8977);
#7106=AXIS2_PLACEMENT_3D('',#10918,#8978,#8979);
#7107=AXIS2_PLACEMENT_3D('',#10919,#8980,#8981);
#7108=AXIS2_PLACEMENT_3D('',#10920,#8982,#8983);
#7109=AXIS2_PLACEMENT_3D('',#10921,#8984,#8985);
#7110=AXIS2_PLACEMENT_3D('',#10922,#8986,#8987);
#7111=AXIS2_PLACEMENT_3D('',#10923,#8988,#8989);
#7112=AXIS2_PLACEMENT_3D('',#10924,#8990,#8991);
#7113=AXIS2_PLACEMENT_3D('',#10925,#8992,#8993);
#7114=AXIS2_PLACEMENT_3D('',#10926,#8994,#8995);
#7115=AXIS2_PLACEMENT_3D('',#10927,#8996,#8997);
#7116=AXIS2_PLACEMENT_3D('',#10928,#8998,#8999);
#7117=AXIS2_PLACEMENT_3D('',#10929,#9000,#9001);
#7118=AXIS2_PLACEMENT_3D('',#10930,#9002,#9003);
#7119=AXIS2_PLACEMENT_3D('',#10931,#9004,#9005);
#7120=AXIS2_PLACEMENT_3D('',#10932,#9006,#9007);
#7121=AXIS2_PLACEMENT_3D('',#10933,#9008,#9009);
#7122=AXIS2_PLACEMENT_3D('',#10934,#9010,#9011);
#7123=AXIS2_PLACEMENT_3D('',#10935,#9012,#9013);
#7124=AXIS2_PLACEMENT_3D('',#10936,#9014,#9015);
#7125=AXIS2_PLACEMENT_3D('',#10937,#9016,#9017);
#7126=AXIS2_PLACEMENT_3D('',#10938,#9018,#9019);
#7127=AXIS2_PLACEMENT_3D('',#10941,#9022,#9023);
#7128=AXIS2_PLACEMENT_3D('',#10943,#9025,#9026);
#7129=AXIS2_PLACEMENT_3D('',#10945,#9028,#9029);
#7130=AXIS2_PLACEMENT_3D('',#10946,#9030,#9031);
#7131=AXIS2_PLACEMENT_3D('',#10947,#9032,#9033);
#7132=AXIS2_PLACEMENT_3D('',#10948,#9034,#9035);
#7133=AXIS2_PLACEMENT_3D('',#10949,#9036,#9037);
#7134=AXIS2_PLACEMENT_3D('',#10950,#9038,#9039);
#7135=AXIS2_PLACEMENT_3D('',#10951,#9040,#9041);
#7136=AXIS2_PLACEMENT_3D('',#10952,#9042,#9043);
#7137=AXIS2_PLACEMENT_3D('',#10953,#9044,#9045);
#7138=AXIS2_PLACEMENT_3D('',#10954,#9046,#9047);
#7139=AXIS2_PLACEMENT_3D('',#10955,#9048,#9049);
#7140=AXIS2_PLACEMENT_3D('',#10956,#9050,#9051);
#7141=AXIS2_PLACEMENT_3D('',#10957,#9052,#9053);
#7142=AXIS2_PLACEMENT_3D('',#10958,#9054,#9055);
#7143=AXIS2_PLACEMENT_3D('',#10959,#9056,#9057);
#7144=AXIS2_PLACEMENT_3D('',#10960,#9058,#9059);
#7145=AXIS2_PLACEMENT_3D('',#10963,#9062,#9063);
#7146=AXIS2_PLACEMENT_3D('',#10965,#9065,#9066);
#7147=AXIS2_PLACEMENT_3D('',#10967,#9068,#9069);
#7148=AXIS2_PLACEMENT_3D('',#10968,#9070,#9071);
#7149=AXIS2_PLACEMENT_3D('',#10969,#9072,#9073);
#7150=AXIS2_PLACEMENT_3D('',#10970,#9074,#9075);
#7151=AXIS2_PLACEMENT_3D('',#10971,#9076,#9077);
#7152=AXIS2_PLACEMENT_3D('',#10972,#9078,#9079);
#7153=AXIS2_PLACEMENT_3D('',#10973,#9080,#9081);
#7154=DIRECTION('',(0.,0.,1.));
#7155=DIRECTION('',(1.,0.,0.));
#7156=DIRECTION('',(0.,0.,1.));
#7157=DIRECTION('',(1.,0.,0.));
#7158=DIRECTION('',(1.,0.,0.));
#7159=DIRECTION('',(0.,-1.,0.));
#7160=DIRECTION('',(-0.975079015927066,-0.221857865983392,0.));
#7161=DIRECTION('',(-1.,0.,0.));
#7162=DIRECTION('',(0.,1.,0.));
#7163=DIRECTION('',(0.,0.,1.));
#7164=DIRECTION('',(1.,0.,0.));
#7165=DIRECTION('',(0.,0.,1.));
#7166=DIRECTION('',(1.,0.,0.));
#7167=DIRECTION('',(0.,0.,1.));
#7168=DIRECTION('',(1.,0.,0.));
#7169=DIRECTION('',(0.,0.,1.));
#7170=DIRECTION('',(1.,0.,0.));
#7171=DIRECTION('',(-3.24237882276556E-15,2.95151836954572E-14,-1.));
#7172=DIRECTION('',(0.179850842261766,-0.983693892701248,-3.01880878294361E-14));
#7173=DIRECTION('',(-2.19347130172093E-15,1.1204982566399E-13,-1.));
#7174=DIRECTION('',(0.0387168461156833,-0.999250221829775,-1.1207378728283E-13));
#7175=DIRECTION('',(-1.,0.,0.));
#7176=DIRECTION('',(0.,1.,0.));
#7177=DIRECTION('',(1.,0.,0.));
#7178=DIRECTION('',(0.,0.,1.));
#7179=DIRECTION('',(1.,0.,0.));
#7180=DIRECTION('',(0.,0.,1.));
#7181=DIRECTION('',(1.,0.,0.));
#7182=DIRECTION('',(0.,0.,1.));
#7183=DIRECTION('',(1.,0.,0.));
#7184=DIRECTION('',(0.,0.,1.));
#7185=DIRECTION('',(1.,0.,0.));
#7186=DIRECTION('',(0.,0.,1.));
#7187=DIRECTION('',(1.,0.,0.));
#7188=DIRECTION('',(1.,0.,0.));
#7189=DIRECTION('',(0.,0.,1.));
#7190=DIRECTION('',(1.,0.,0.));
#7191=DIRECTION('',(0.,0.,1.));
#7192=DIRECTION('',(1.,0.,0.));
#7193=DIRECTION('',(0.,-1.,0.));
#7194=DIRECTION('',(-1.,0.,0.));
#7195=DIRECTION('',(0.,0.,1.));
#7196=DIRECTION('',(1.,0.,0.));
#7197=DIRECTION('',(0.,0.,1.));
#7198=DIRECTION('',(1.,0.,0.));
#7199=DIRECTION('',(0.,0.,1.));
#7200=DIRECTION('',(1.,0.,0.));
#7201=DIRECTION('',(0.,0.,1.));
#7202=DIRECTION('',(1.,0.,0.));
#7203=DIRECTION('',(0.,0.,1.));
#7204=DIRECTION('',(1.,0.,0.));
#7205=DIRECTION('',(0.,0.,1.));
#7206=DIRECTION('',(1.,0.,0.));
#7207=DIRECTION('',(-1.,0.,0.));
#7208=DIRECTION('',(0.,0.,1.));
#7209=DIRECTION('',(1.,0.,0.));
#7210=DIRECTION('',(0.,0.,1.));
#7211=DIRECTION('',(1.,0.,0.));
#7212=DIRECTION('',(0.,0.,1.));
#7213=DIRECTION('',(1.,0.,0.));
#7214=DIRECTION('',(0.,0.,1.));
#7215=DIRECTION('',(1.,0.,0.));
#7216=DIRECTION('',(3.03905948731117E-14,-2.07489086824078E-14,-1.));
#7217=DIRECTION('',(-0.86574512685036,0.50048513997406,-3.73812195142359E-14));
#7218=DIRECTION('',(0.,0.,1.));
#7219=DIRECTION('',(1.,0.,0.));
#7220=DIRECTION('',(0.,0.,1.));
#7221=DIRECTION('',(1.,0.,0.));
#7222=DIRECTION('',(0.,0.,1.));
#7223=DIRECTION('',(1.,0.,0.));
#7224=DIRECTION('',(2.60519058778685E-15,-2.60098866748015E-14,-1.));
#7225=DIRECTION('',(-0.179875453993668,0.983689392567884,-2.61159841095049E-14));
#7226=DIRECTION('',(2.1943857713924E-15,-2.24193079646316E-13,-1.));
#7227=DIRECTION('',(-0.0193660469704849,0.999812460526842,-2.24261636665696E-13));
#7228=DIRECTION('',(1.,0.,0.));
#7229=DIRECTION('',(1.,0.,0.));
#7230=DIRECTION('',(0.,-1.,0.));
#7231=DIRECTION('',(-1.,0.,0.));
#7232=DIRECTION('',(0.,1.,0.));
#7233=DIRECTION('',(0.97599689622681,0.217784431389469,0.));
#7234=DIRECTION('',(1.,0.,0.));
#7235=DIRECTION('',(0.,-1.,0.));
#7236=DIRECTION('',(-0.975868867476539,-0.218357398523743,0.));
#7237=DIRECTION('',(-1.,0.,0.));
#7238=DIRECTION('',(0.,1.,0.));
#7239=DIRECTION('',(0.,0.,1.));
#7240=DIRECTION('',(1.,0.,0.));
#7241=DIRECTION('',(1.,0.,0.));
#7242=DIRECTION('',(0.,0.,1.));
#7243=DIRECTION('',(1.,0.,0.));
#7244=DIRECTION('',(0.,0.,1.));
#7245=DIRECTION('',(1.,0.,0.));
#7246=DIRECTION('',(-1.,0.,0.));
#7247=DIRECTION('',(0.,0.,1.));
#7248=DIRECTION('',(1.,0.,0.));
#7249=DIRECTION('',(0.,0.,1.));
#7250=DIRECTION('',(1.,0.,0.));
#7251=DIRECTION('',(-1.50314742623088E-15,4.27669687075441E-14,-1.));
#7252=DIRECTION('',(0.0699361347455612,-0.997551470881002,-4.2606224061776E-14));
#7253=DIRECTION('',(-1.,0.,0.));
#7254=DIRECTION('',(0.,0.,1.));
#7255=DIRECTION('',(1.,0.,0.));
#7256=DIRECTION('',(0.,0.,1.));
#7257=DIRECTION('',(1.,0.,0.));
#7258=DIRECTION('',(0.,0.,1.));
#7259=DIRECTION('',(1.,0.,0.));
#7260=DIRECTION('',(0.,0.,1.));
#7261=DIRECTION('',(1.,0.,0.));
#7262=DIRECTION('',(-0.9024620083827,0.430769455075291,0.));
#7263=DIRECTION('',(0.,0.,1.));
#7264=DIRECTION('',(1.,0.,0.));
#7265=DIRECTION('',(0.,0.,1.));
#7266=DIRECTION('',(1.,0.,0.));
#7267=DIRECTION('',(0.,0.,1.));
#7268=DIRECTION('',(1.,0.,0.));
#7269=DIRECTION('',(0.,0.,1.));
#7270=DIRECTION('',(1.,0.,0.));
#7271=DIRECTION('',(0.,0.,1.));
#7272=DIRECTION('',(1.,0.,0.));
#7273=DIRECTION('',(0.,0.,1.));
#7274=DIRECTION('',(1.,0.,0.));
#7275=DIRECTION('',(1.,0.,0.));
#7276=DIRECTION('',(0.,0.,1.));
#7277=DIRECTION('',(1.,0.,0.));
#7278=DIRECTION('',(0.,0.,1.));
#7279=DIRECTION('',(1.,0.,0.));
#7280=DIRECTION('',(1.,0.,0.));
#7281=DIRECTION('',(0.,0.,1.));
#7282=DIRECTION('',(1.,0.,0.));
#7283=DIRECTION('',(0.,0.,1.));
#7284=DIRECTION('',(1.,0.,0.));
#7285=DIRECTION('',(0.,0.,1.));
#7286=DIRECTION('',(1.,0.,0.));
#7287=DIRECTION('',(0.,0.,1.));
#7288=DIRECTION('',(1.,0.,0.));
#7289=DIRECTION('',(0.,0.,1.));
#7290=DIRECTION('',(1.,0.,0.));
#7291=DIRECTION('',(0.,0.,1.));
#7292=DIRECTION('',(1.,0.,0.));
#7293=DIRECTION('',(0.,0.,1.));
#7294=DIRECTION('',(1.,0.,0.));
#7295=DIRECTION('',(0.837687919670975,0.546149200527946,0.));
#7296=DIRECTION('',(0.,0.,1.));
#7297=DIRECTION('',(1.,0.,0.));
#7298=DIRECTION('',(0.,0.,1.));
#7299=DIRECTION('',(1.,0.,0.));
#7300=DIRECTION('',(0.,0.,1.));
#7301=DIRECTION('',(1.,0.,0.));
#7302=DIRECTION('',(0.,0.,1.));
#7303=DIRECTION('',(1.,0.,0.));
#7304=DIRECTION('',(0.,0.,1.));
#7305=DIRECTION('',(1.,0.,0.));
#7306=DIRECTION('',(0.,0.,1.));
#7307=DIRECTION('',(1.,0.,0.));
#7308=DIRECTION('',(0.,0.,1.));
#7309=DIRECTION('',(1.,0.,0.));
#7310=DIRECTION('',(0.,0.,1.));
#7311=DIRECTION('',(1.,0.,0.));
#7312=DIRECTION('',(-4.28724085045765E-15,3.16239041069335E-14,-1.));
#7313=DIRECTION('',(0.198387789237546,-0.980123607042213,-3.17096612788475E-14));
#7314=DIRECTION('',(0.,0.,1.));
#7315=DIRECTION('',(1.,0.,0.));
#7316=DIRECTION('',(0.,0.,1.));
#7317=DIRECTION('',(1.,0.,0.));
#7318=DIRECTION('',(0.,0.,1.));
#7319=DIRECTION('',(1.,0.,0.));
#7320=DIRECTION('',(-1.,0.,0.));
#7321=DIRECTION('',(0.,0.,1.));
#7322=DIRECTION('',(1.,0.,0.));
#7323=DIRECTION('',(0.,0.,1.));
#7324=DIRECTION('',(1.,0.,0.));
#7325=DIRECTION('',(0.,0.,1.));
#7326=DIRECTION('',(1.,0.,0.));
#7327=DIRECTION('',(0.,0.,1.));
#7328=DIRECTION('',(1.,0.,0.));
#7329=DIRECTION('',(0.,0.,1.));
#7330=DIRECTION('',(1.,0.,0.));
#7331=DIRECTION('',(0.,0.,1.));
#7332=DIRECTION('',(1.,0.,0.));
#7333=DIRECTION('',(0.,0.,1.));
#7334=DIRECTION('',(1.,0.,0.));
#7335=DIRECTION('',(0.,0.,1.));
#7336=DIRECTION('',(1.,0.,0.));
#7337=DIRECTION('',(0.,0.,1.));
#7338=DIRECTION('',(1.,0.,0.));
#7339=DIRECTION('',(0.,-1.,0.));
#7340=DIRECTION('',(-1.,0.,0.));
#7341=DIRECTION('',(0.,1.,0.));
#7342=DIRECTION('',(0.,0.,1.));
#7343=DIRECTION('',(1.,0.,0.));
#7344=DIRECTION('',(0.,0.,1.));
#7345=DIRECTION('',(1.,0.,0.));
#7346=DIRECTION('',(0.,-1.,0.));
#7347=DIRECTION('',(-0.944496796706159,-0.328520624941273,0.));
#7348=DIRECTION('',(0.,1.,0.));
#7349=DIRECTION('',(0.945005611242038,0.327054115890722,0.));
#7350=DIRECTION('',(-0.943986258892119,0.329984761804028,0.));
#7351=DIRECTION('',(0.,1.,0.));
#7352=DIRECTION('',(0.943730346928175,-0.330715938967002,0.));
#7353=DIRECTION('',(1.,0.,0.));
#7354=DIRECTION('',(0.,-1.,0.));
#7355=DIRECTION('',(-1.,0.,0.));
#7356=DIRECTION('',(0.,1.,0.));
#7357=DIRECTION('',(0.,0.,1.));
#7358=DIRECTION('',(1.,0.,0.));
#7359=DIRECTION('',(0.,0.,1.));
#7360=DIRECTION('',(1.,0.,0.));
#7361=DIRECTION('',(0.,0.,1.));
#7362=DIRECTION('',(1.,0.,0.));
#7363=DIRECTION('',(0.,0.,1.));
#7364=DIRECTION('',(1.,0.,0.));
#7365=DIRECTION('',(0.,0.,1.));
#7366=DIRECTION('',(1.,0.,0.));
#7367=DIRECTION('',(0.,0.,1.));
#7368=DIRECTION('',(1.,0.,0.));
#7369=DIRECTION('',(0.,0.,1.));
#7370=DIRECTION('',(1.,0.,0.));
#7371=DIRECTION('',(0.,0.,1.));
#7372=DIRECTION('',(1.,0.,0.));
#7373=DIRECTION('',(0.,0.,1.));
#7374=DIRECTION('',(1.,0.,0.));
#7375=DIRECTION('',(0.,0.,1.));
#7376=DIRECTION('',(1.,0.,0.));
#7377=DIRECTION('',(0.,0.,1.));
#7378=DIRECTION('',(1.,0.,0.));
#7379=DIRECTION('',(-1.,0.,0.));
#7380=DIRECTION('',(0.,0.,1.));
#7381=DIRECTION('',(1.,0.,0.));
#7382=DIRECTION('',(0.,0.,1.));
#7383=DIRECTION('',(1.,0.,0.));
#7384=DIRECTION('',(0.,0.,1.));
#7385=DIRECTION('',(1.,0.,0.));
#7386=DIRECTION('',(0.,0.,1.));
#7387=DIRECTION('',(1.,0.,0.));
#7388=DIRECTION('',(0.,0.,1.));
#7389=DIRECTION('',(1.,0.,0.));
#7390=DIRECTION('',(0.,0.,1.));
#7391=DIRECTION('',(1.,0.,0.));
#7392=DIRECTION('',(0.,0.,1.));
#7393=DIRECTION('',(1.,0.,0.));
#7394=DIRECTION('',(0.,0.,1.));
#7395=DIRECTION('',(1.,0.,0.));
#7396=DIRECTION('',(0.,0.,1.));
#7397=DIRECTION('',(1.,0.,0.));
#7398=DIRECTION('',(0.,0.,1.));
#7399=DIRECTION('',(1.,0.,0.));
#7400=DIRECTION('',(0.,0.,1.));
#7401=DIRECTION('',(1.,0.,0.));
#7402=DIRECTION('',(0.,0.,1.));
#7403=DIRECTION('',(1.,0.,0.));
#7404=DIRECTION('',(-1.,0.,0.));
#7405=DIRECTION('',(0.974483382634169,-0.224459655550543,0.));
#7406=DIRECTION('',(0.,-1.,0.));
#7407=DIRECTION('',(-0.999998028274027,0.00198581168735523,0.));
#7408=DIRECTION('',(0.,0.,1.));
#7409=DIRECTION('',(1.,0.,0.));
#7410=DIRECTION('',(0.,0.,1.));
#7411=DIRECTION('',(1.,0.,0.));
#7412=DIRECTION('',(0.,0.,1.));
#7413=DIRECTION('',(1.,0.,0.));
#7414=DIRECTION('',(0.,0.,1.));
#7415=DIRECTION('',(1.,0.,0.));
#7416=DIRECTION('',(0.,0.,1.));
#7417=DIRECTION('',(1.,0.,0.));
#7418=DIRECTION('',(0.,0.,1.));
#7419=DIRECTION('',(1.,0.,0.));
#7420=DIRECTION('',(0.703026635728195,-0.711163518086168,0.));
#7421=DIRECTION('',(0.,0.,1.));
#7422=DIRECTION('',(1.,0.,0.));
#7423=DIRECTION('',(0.,0.,1.));
#7424=DIRECTION('',(1.,0.,0.));
#7425=DIRECTION('',(0.,0.,1.));
#7426=DIRECTION('',(1.,0.,0.));
#7427=DIRECTION('',(0.,0.,1.));
#7428=DIRECTION('',(1.,0.,0.));
#7429=DIRECTION('',(1.,0.,0.));
#7430=DIRECTION('',(0.94527387072985,-0.326277963269674,0.));
#7431=DIRECTION('',(0.,-1.,0.));
#7432=DIRECTION('',(-0.941783930532431,-0.336218720762074,0.));
#7433=DIRECTION('',(0.,1.,0.));
#7434=DIRECTION('',(0.,0.,1.));
#7435=DIRECTION('',(1.,0.,0.));
#7436=DIRECTION('',(0.,-1.,0.));
#7437=DIRECTION('',(0.,0.,1.));
#7438=DIRECTION('',(1.,0.,0.));
#7439=DIRECTION('',(1.,0.,0.));
#7440=DIRECTION('',(0.,0.,1.));
#7441=DIRECTION('',(1.,0.,0.));
#7442=DIRECTION('',(1.48584451903795E-16,-1.,0.));
#7443=DIRECTION('',(0.,0.,1.));
#7444=DIRECTION('',(1.,0.,0.));
#7445=DIRECTION('',(1.,1.31046154936869E-16,0.));
#7446=DIRECTION('',(0.,0.,1.));
#7447=DIRECTION('',(1.,0.,0.));
#7448=DIRECTION('',(3.05899898665553E-16,1.,0.));
#7449=DIRECTION('',(-1.,1.23908819712629E-16,0.));
#7450=DIRECTION('',(2.47817639425258E-16,1.,0.));
#7451=DIRECTION('',(-1.,1.23908819712629E-16,0.));
#7452=DIRECTION('',(1.,0.,0.));
#7453=DIRECTION('',(0.,1.,0.));
#7454=DIRECTION('',(1.,0.,0.));
#7455=DIRECTION('',(6.19544098563146E-17,1.,0.));
#7456=DIRECTION('',(0.,-1.,0.));
#7457=DIRECTION('',(1.,0.,0.));
#7458=DIRECTION('',(0.,-1.,0.));
#7459=DIRECTION('',(1.,0.,0.));
#7460=DIRECTION('',(0.,1.,0.));
#7461=DIRECTION('',(-1.,0.,0.));
#7462=DIRECTION('',(0.,1.,0.));
#7463=DIRECTION('',(-1.,0.,0.));
#7464=DIRECTION('',(0.,1.,0.));
#7465=DIRECTION('',(-1.,-2.66880534765662E-16,0.));
#7466=DIRECTION('',(0.,1.,0.));
#7467=DIRECTION('',(-1.,0.,0.));
#7468=DIRECTION('',(0.,0.,1.));
#7469=DIRECTION('',(1.,0.,0.));
#7470=DIRECTION('',(-1.,0.,0.));
#7471=DIRECTION('',(0.,1.,0.));
#7472=DIRECTION('',(-1.,0.,0.));
#7473=DIRECTION('',(0.,1.,0.));
#7474=DIRECTION('',(0.,1.,0.));
#7475=DIRECTION('',(1.,0.,0.));
#7476=DIRECTION('',(6.19544098563146E-17,1.,0.));
#7477=DIRECTION('',(1.,0.,0.));
#7478=DIRECTION('',(1.,0.,0.));
#7479=DIRECTION('',(0.,-1.,0.));
#7480=DIRECTION('',(1.,1.31046154936869E-16,0.));
#7481=DIRECTION('',(1.48584451903795E-16,-1.,0.));
#7482=DIRECTION('',(0.,0.,1.));
#7483=DIRECTION('',(1.,0.,0.));
#7484=DIRECTION('',(0.,0.,1.));
#7485=DIRECTION('',(1.,0.,0.));
#7486=DIRECTION('',(0.,0.,1.));
#7487=DIRECTION('',(1.,0.,0.));
#7488=DIRECTION('',(0.,0.,1.));
#7489=DIRECTION('',(1.,0.,0.));
#7490=DIRECTION('',(0.,0.,1.));
#7491=DIRECTION('',(1.,0.,0.));
#7492=DIRECTION('',(-1.,1.23908819712629E-16,0.));
#7493=DIRECTION('',(3.05899898665553E-16,1.,0.));
#7494=DIRECTION('',(-1.,1.23908819712629E-16,0.));
#7495=DIRECTION('',(2.47817639425258E-16,1.,0.));
#7496=DIRECTION('',(1.,0.,0.));
#7497=DIRECTION('',(0.,-1.,0.));
#7498=DIRECTION('',(1.,0.,0.));
#7499=DIRECTION('',(0.,-1.,0.));
#7500=DIRECTION('',(-1.,-2.66880534765662E-16,0.));
#7501=DIRECTION('',(0.,1.,0.));
#7502=DIRECTION('',(-1.,0.,0.));
#7503=DIRECTION('',(0.,1.,0.));
#7504=DIRECTION('',(0.,0.,1.));
#7505=DIRECTION('',(1.,0.,0.));
#7506=DIRECTION('',(1.,0.,0.));
#7507=DIRECTION('',(0.,0.,1.));
#7508=DIRECTION('',(1.,0.,0.));
#7509=DIRECTION('',(0.,-1.,0.));
#7510=DIRECTION('',(0.,0.,1.));
#7511=DIRECTION('',(1.,0.,0.));
#7512=DIRECTION('',(1.,1.31046154936869E-16,0.));
#7513=DIRECTION('',(0.,0.,1.));
#7514=DIRECTION('',(1.,0.,0.));
#7515=DIRECTION('',(1.48584451903795E-16,-1.,0.));
#7516=DIRECTION('',(0.,0.,1.));
#7517=DIRECTION('',(1.,0.,0.));
#7518=DIRECTION('',(1.,0.,0.));
#7519=DIRECTION('',(1.48584451903795E-16,-1.,0.));
#7520=DIRECTION('',(1.,1.31046154936869E-16,0.));
#7521=DIRECTION('',(0.,-1.,0.));
#7522=DIRECTION('',(0.,1.,0.));
#7523=DIRECTION('',(0.,0.,1.));
#7524=DIRECTION('',(0.,0.,-1.));
#7525=DIRECTION('',(0.,0.,-1.));
#7526=DIRECTION('',(1.,1.48584451903795E-16,0.));
#7527=DIRECTION('',(-1.48584451903795E-16,1.,0.));
#7528=DIRECTION('',(0.,0.,-1.));
#7529=DIRECTION('',(0.,0.,-1.));
#7530=DIRECTION('',(-1.31046154936869E-16,1.,0.));
#7531=DIRECTION('',(-1.,-1.31046154936869E-16,0.));
#7532=DIRECTION('',(0.,0.,-1.));
#7533=DIRECTION('',(0.,0.,-1.));
#7534=DIRECTION('',(1.,0.,0.));
#7535=DIRECTION('',(0.,0.,-1.));
#7536=DIRECTION('',(0.,0.,-1.));
#7537=DIRECTION('',(0.,0.,-1.));
#7538=DIRECTION('',(0.,1.,0.));
#7539=DIRECTION('',(0.,0.,1.));
#7540=DIRECTION('',(0.,0.,-1.));
#7541=DIRECTION('',(0.,0.,-1.));
#7542=DIRECTION('',(1.,1.48584451903795E-16,0.));
#7543=DIRECTION('',(-1.48584451903795E-16,1.,0.));
#7544=DIRECTION('',(0.,0.,-1.));
#7545=DIRECTION('',(-1.31046154936869E-16,1.,0.));
#7546=DIRECTION('',(-1.,-1.31046154936869E-16,0.));
#7547=DIRECTION('',(0.,0.,-1.));
#7548=DIRECTION('',(1.,0.,0.));
#7549=DIRECTION('',(0.,0.,-1.));
#7550=DIRECTION('',(0.,0.,1.));
#7551=DIRECTION('',(1.,0.,0.));
#7552=DIRECTION('',(0.,0.,1.));
#7553=DIRECTION('',(1.,0.,0.));
#7554=DIRECTION('',(0.,0.,1.));
#7555=DIRECTION('',(1.,0.,0.));
#7556=DIRECTION('',(0.,0.,1.));
#7557=DIRECTION('',(1.,0.,0.));
#7558=DIRECTION('',(0.,0.,-1.));
#7559=DIRECTION('',(-1.,0.,0.));
#7560=DIRECTION('',(0.,0.,1.));
#7561=DIRECTION('',(1.,0.,0.));
#7562=DIRECTION('',(0.,0.,1.));
#7563=DIRECTION('',(1.,0.,0.));
#7564=DIRECTION('',(0.,0.,1.));
#7565=DIRECTION('',(1.,0.,0.));
#7566=DIRECTION('',(0.,0.,1.));
#7567=DIRECTION('',(1.,0.,0.));
#7568=DIRECTION('',(0.,0.,1.));
#7569=DIRECTION('',(1.,0.,0.));
#7570=DIRECTION('',(0.,0.,-1.));
#7571=DIRECTION('',(-1.,0.,0.));
#7572=DIRECTION('',(0.,0.,1.));
#7573=DIRECTION('',(1.,0.,0.));
#7574=DIRECTION('',(0.,0.,1.));
#7575=DIRECTION('',(1.,0.,0.));
#7576=DIRECTION('',(0.,0.,1.));
#7577=DIRECTION('',(1.,0.,0.));
#7578=DIRECTION('',(0.,0.,1.));
#7579=DIRECTION('',(1.,0.,0.));
#7580=DIRECTION('',(0.,0.,1.));
#7581=DIRECTION('',(1.,0.,0.));
#7582=DIRECTION('',(0.,0.,-1.));
#7583=DIRECTION('',(-1.,0.,0.));
#7584=DIRECTION('',(0.,0.,1.));
#7585=DIRECTION('',(1.,0.,0.));
#7586=DIRECTION('',(0.,0.,1.));
#7587=DIRECTION('',(1.,0.,0.));
#7588=DIRECTION('',(0.,0.,1.));
#7589=DIRECTION('',(1.,0.,0.));
#7590=DIRECTION('',(0.,0.,1.));
#7591=DIRECTION('',(1.,0.,0.));
#7592=DIRECTION('',(0.,0.,1.));
#7593=DIRECTION('',(1.,0.,0.));
#7594=DIRECTION('',(0.,0.,-1.));
#7595=DIRECTION('',(-1.,0.,0.));
#7596=DIRECTION('',(0.,0.,1.));
#7597=DIRECTION('',(1.,0.,0.));
#7598=DIRECTION('',(0.,0.,1.));
#7599=DIRECTION('',(1.,0.,0.));
#7600=DIRECTION('',(0.,0.,1.));
#7601=DIRECTION('',(1.,0.,0.));
#7602=DIRECTION('',(0.,0.,1.));
#7603=DIRECTION('',(1.,0.,0.));
#7604=DIRECTION('',(0.,0.,1.));
#7605=DIRECTION('',(1.,0.,0.));
#7606=DIRECTION('',(0.,0.,1.));
#7607=DIRECTION('',(1.,0.,0.));
#7608=DIRECTION('',(1.23908819712629E-16,1.,0.));
#7609=DIRECTION('',(-1.,1.23908819712629E-16,0.));
#7610=DIRECTION('',(0.,0.,1.));
#7611=DIRECTION('',(0.,0.,1.));
#7612=DIRECTION('',(1.,-3.05899898665553E-16,0.));
#7613=DIRECTION('',(3.05899898665553E-16,1.,0.));
#7614=DIRECTION('',(0.,0.,1.));
#7615=DIRECTION('',(1.23908819712629E-16,1.,0.));
#7616=DIRECTION('',(-1.,1.23908819712629E-16,0.));
#7617=DIRECTION('',(0.,0.,1.));
#7618=DIRECTION('',(1.,-2.47817639425258E-16,0.));
#7619=DIRECTION('',(2.47817639425258E-16,1.,0.));
#7620=DIRECTION('',(1.,0.,0.));
#7621=DIRECTION('',(0.,0.,-1.));
#7622=DIRECTION('',(0.,0.,1.));
#7623=DIRECTION('',(0.,0.,1.));
#7624=DIRECTION('',(0.,-1.,0.));
#7625=DIRECTION('',(0.,0.,-1.));
#7626=DIRECTION('',(0.,0.,1.));
#7627=DIRECTION('',(1.,-6.19544098563146E-17,0.));
#7628=DIRECTION('',(6.19544098563146E-17,1.,0.));
#7629=DIRECTION('',(0.,0.,1.));
#7630=DIRECTION('',(0.,-1.,0.));
#7631=DIRECTION('',(0.,0.,-1.));
#7632=DIRECTION('',(0.,-1.,0.));
#7633=DIRECTION('',(0.,0.,-1.));
#7634=DIRECTION('',(0.,0.,1.));
#7635=DIRECTION('',(0.,0.,1.));
#7636=DIRECTION('',(-1.,0.,0.));
#7637=DIRECTION('',(0.,0.,1.));
#7638=DIRECTION('',(0.,0.,1.));
#7639=DIRECTION('',(0.,-1.,0.));
#7640=DIRECTION('',(0.,0.,-1.));
#7641=DIRECTION('',(0.,0.,1.));
#7642=DIRECTION('',(-1.,0.,0.));
#7643=DIRECTION('',(0.,0.,1.));
#7644=DIRECTION('',(0.,1.,0.));
#7645=DIRECTION('',(0.,0.,1.));
#7646=DIRECTION('',(0.,0.,1.));
#7647=DIRECTION('',(0.,0.,1.));
#7648=DIRECTION('',(1.,0.,0.));
#7649=DIRECTION('',(0.,0.,-1.));
#7650=DIRECTION('',(0.,0.,1.));
#7651=DIRECTION('',(0.,1.,0.));
#7652=DIRECTION('',(0.,0.,1.));
#7653=DIRECTION('',(0.,0.,1.));
#7654=DIRECTION('',(1.,0.,0.));
#7655=DIRECTION('',(0.,0.,-1.));
#7656=DIRECTION('',(-2.66880534765662E-16,1.,0.));
#7657=DIRECTION('',(-1.,-2.66880534765662E-16,0.));
#7658=DIRECTION('',(0.,0.,1.));
#7659=DIRECTION('',(0.,0.,1.));
#7660=DIRECTION('',(1.,0.,0.));
#7661=DIRECTION('',(0.,0.,-1.));
#7662=DIRECTION('',(0.,0.,1.));
#7663=DIRECTION('',(0.,1.,0.));
#7664=DIRECTION('',(0.,0.,1.));
#7665=DIRECTION('',(0.,0.,1.));
#7666=DIRECTION('',(1.,0.,0.));
#7667=DIRECTION('',(0.,0.,-1.));
#7668=DIRECTION('',(0.,0.,-1.));
#7669=DIRECTION('',(-1.,0.,0.));
#7670=DIRECTION('',(0.,0.,1.));
#7671=DIRECTION('',(1.,0.,0.));
#7672=DIRECTION('',(0.,0.,-1.));
#7673=DIRECTION('',(-1.,0.,0.));
#7674=DIRECTION('',(0.,0.,1.));
#7675=DIRECTION('',(1.,0.,0.));
#7676=DIRECTION('',(-0.326277963269674,-0.94527387072985,0.));
#7677=DIRECTION('',(0.94527387072985,-0.326277963269674,0.));
#7678=DIRECTION('',(0.,0.,1.));
#7679=DIRECTION('',(0.,0.,1.));
#7680=DIRECTION('',(0.94527387072985,-0.326277963269674,0.));
#7681=DIRECTION('',(1.,0.,0.));
#7682=DIRECTION('',(0.,1.,0.));
#7683=DIRECTION('',(0.,0.,1.));
#7684=DIRECTION('',(0.,1.,0.));
#7685=DIRECTION('',(-0.336218720762074,0.941783930532431,0.));
#7686=DIRECTION('',(-0.941783930532431,-0.336218720762074,0.));
#7687=DIRECTION('',(0.,0.,1.));
#7688=DIRECTION('',(-0.941783930532431,-0.336218720762074,0.));
#7689=DIRECTION('',(-1.,0.,0.));
#7690=DIRECTION('',(0.,-1.,0.));
#7691=DIRECTION('',(0.,1.,0.));
#7692=DIRECTION('',(0.,0.,1.));
#7693=DIRECTION('',(1.,0.,0.));
#7694=DIRECTION('',(-0.224459655550543,-0.974483382634169,0.));
#7695=DIRECTION('',(0.974483382634169,-0.224459655550543,0.));
#7696=DIRECTION('',(0.,0.,1.));
#7697=DIRECTION('',(0.,0.,1.));
#7698=DIRECTION('',(0.974483382634169,-0.224459655550543,0.));
#7699=DIRECTION('',(0.,-1.,0.));
#7700=DIRECTION('',(1.,0.,0.));
#7701=DIRECTION('',(0.,0.,1.));
#7702=DIRECTION('',(1.,0.,0.));
#7703=DIRECTION('',(0.,0.,1.));
#7704=DIRECTION('',(0.,0.,1.));
#7705=DIRECTION('',(0.,0.,1.));
#7706=DIRECTION('',(-0.99672165704969,0.0809069735444352,0.));
#7707=DIRECTION('',(0.,0.,1.));
#7708=DIRECTION('',(0.,0.,1.));
#7709=DIRECTION('',(1.,0.,0.));
#7710=DIRECTION('',(0.,0.,1.));
#7711=DIRECTION('',(-0.968672196749048,0.248342858253209,0.));
#7712=DIRECTION('',(0.,0.,1.));
#7713=DIRECTION('',(0.,0.,1.));
#7714=DIRECTION('',(1.,0.,0.));
#7715=DIRECTION('',(0.,0.,1.));
#7716=DIRECTION('',(-0.884408304344226,0.466713992941042,0.));
#7717=DIRECTION('',(0.,0.,1.));
#7718=DIRECTION('',(0.,0.,1.));
#7719=DIRECTION('',(1.,0.,0.));
#7720=DIRECTION('',(0.,0.,1.));
#7721=DIRECTION('',(-0.674931693446504,0.737880213301206,0.));
#7722=DIRECTION('',(0.,0.,1.));
#7723=DIRECTION('',(0.,0.,1.));
#7724=DIRECTION('',(1.,0.,0.));
#7725=DIRECTION('',(-0.711163518086168,-0.703026635728195,0.));
#7726=DIRECTION('',(0.703026635728195,-0.711163518086168,0.));
#7727=DIRECTION('',(0.,0.,1.));
#7728=DIRECTION('',(0.703026635728195,-0.711163518086168,0.));
#7729=DIRECTION('',(0.,0.,1.));
#7730=DIRECTION('',(-0.810526388449841,0.585702120216802,0.));
#7731=DIRECTION('',(0.,0.,1.));
#7732=DIRECTION('',(0.,0.,1.));
#7733=DIRECTION('',(1.,0.,0.));
#7734=DIRECTION('',(0.,0.,1.));
#7735=DIRECTION('',(-0.984915066807567,0.173038467328644,0.));
#7736=DIRECTION('',(0.,0.,1.));
#7737=DIRECTION('',(0.,0.,1.));
#7738=DIRECTION('',(1.,0.,0.));
#7739=DIRECTION('',(0.,0.,1.));
#7740=DIRECTION('',(-0.99093382089914,-0.134350893552037,0.));
#7741=DIRECTION('',(0.,0.,1.));
#7742=DIRECTION('',(0.,0.,1.));
#7743=DIRECTION('',(1.,0.,0.));
#7744=DIRECTION('',(0.,0.,1.));
#7745=DIRECTION('',(-0.879214731627974,-0.47642570846707,0.));
#7746=DIRECTION('',(0.,0.,1.));
#7747=DIRECTION('',(0.,0.,1.));
#7748=DIRECTION('',(1.,0.,0.));
#7749=DIRECTION('',(0.,0.,1.));
#7750=DIRECTION('',(-0.597405038751508,-0.801939660868764,0.));
#7751=DIRECTION('',(0.,0.,1.));
#7752=DIRECTION('',(0.,0.,1.));
#7753=DIRECTION('',(1.,0.,0.));
#7754=DIRECTION('',(0.,0.,1.));
#7755=DIRECTION('',(-0.236780976113717,-0.971563054747676,0.));
#7756=DIRECTION('',(0.,0.,1.));
#7757=DIRECTION('',(0.,0.,1.));
#7758=DIRECTION('',(1.,0.,0.));
#7759=DIRECTION('',(0.00198581168735523,0.999998028274027,0.));
#7760=DIRECTION('',(-0.999998028274027,0.00198581168735523,0.));
#7761=DIRECTION('',(0.,0.,1.));
#7762=DIRECTION('',(-0.999998028274027,0.00198581168735523,0.));
#7763=DIRECTION('',(-1.,0.,0.));
#7764=DIRECTION('',(0.,-1.,0.));
#7765=DIRECTION('',(0.,1.,0.));
#7766=DIRECTION('',(0.,0.,1.));
#7767=DIRECTION('',(1.,0.,0.));
#7768=DIRECTION('',(0.,0.,1.));
#7769=DIRECTION('',(-0.936039105581197,-0.351895997167847,0.));
#7770=DIRECTION('',(0.,0.,1.));
#7771=DIRECTION('',(0.,0.,1.));
#7772=DIRECTION('',(0.,0.,1.));
#7773=DIRECTION('',(1.,0.,0.));
#7774=DIRECTION('',(0.,1.,0.));
#7775=DIRECTION('',(-1.,0.,0.));
#7776=DIRECTION('',(0.,0.,1.));
#7777=DIRECTION('',(1.,0.,0.));
#7778=DIRECTION('',(0.,0.,1.));
#7779=DIRECTION('',(-0.803831276411733,-0.594857360265706,0.));
#7780=DIRECTION('',(0.,0.,1.));
#7781=DIRECTION('',(0.,0.,1.));
#7782=DIRECTION('',(1.,0.,0.));
#7783=DIRECTION('',(0.,0.,1.));
#7784=DIRECTION('',(-0.972919992716451,-0.231142137596371,0.));
#7785=DIRECTION('',(0.,0.,1.));
#7786=DIRECTION('',(0.,0.,1.));
#7787=DIRECTION('',(1.,0.,0.));
#7788=DIRECTION('',(0.,0.,1.));
#7789=DIRECTION('',(-0.961678840643525,0.274178422671307,0.));
#7790=DIRECTION('',(0.,0.,1.));
#7791=DIRECTION('',(0.,0.,1.));
#7792=DIRECTION('',(1.,0.,0.));
#7793=DIRECTION('',(0.,0.,1.));
#7794=DIRECTION('',(-0.713848296369961,0.700300371104931,0.));
#7795=DIRECTION('',(0.,0.,1.));
#7796=DIRECTION('',(0.,0.,1.));
#7797=DIRECTION('',(1.,0.,0.));
#7798=DIRECTION('',(0.,0.,1.));
#7799=DIRECTION('',(-0.40644981595693,0.913673107357647,0.));
#7800=DIRECTION('',(0.,0.,1.));
#7801=DIRECTION('',(0.,0.,1.));
#7802=DIRECTION('',(1.,0.,0.));
#7803=DIRECTION('',(0.,0.,1.));
#7804=DIRECTION('',(-0.126903572147009,0.991915058549032,0.));
#7805=DIRECTION('',(0.,0.,1.));
#7806=DIRECTION('',(0.,0.,1.));
#7807=DIRECTION('',(1.,0.,0.));
#7808=DIRECTION('',(0.,0.,1.));
#7809=DIRECTION('',(0.122904277686158,0.992418529918927,0.));
#7810=DIRECTION('',(0.,0.,1.));
#7811=DIRECTION('',(0.,0.,1.));
#7812=DIRECTION('',(1.,0.,0.));
#7813=DIRECTION('',(0.,0.,1.));
#7814=DIRECTION('',(0.396121412962777,0.918198141030776,0.));
#7815=DIRECTION('',(0.,0.,1.));
#7816=DIRECTION('',(0.,0.,1.));
#7817=DIRECTION('',(1.,0.,0.));
#7818=DIRECTION('',(0.,0.,1.));
#7819=DIRECTION('',(0.708849188585215,0.705360069639672,0.));
#7820=DIRECTION('',(0.,0.,1.));
#7821=DIRECTION('',(0.,0.,1.));
#7822=DIRECTION('',(1.,0.,0.));
#7823=DIRECTION('',(0.,0.,1.));
#7824=DIRECTION('',(0.961326259650923,0.275412095786597,0.));
#7825=DIRECTION('',(0.,0.,1.));
#7826=DIRECTION('',(0.,0.,1.));
#7827=DIRECTION('',(1.,0.,0.));
#7828=DIRECTION('',(0.,0.,1.));
#7829=DIRECTION('',(0.972993251532604,-0.230833560107735,0.));
#7830=DIRECTION('',(0.,0.,1.));
#7831=DIRECTION('',(0.,0.,1.));
#7832=DIRECTION('',(1.,0.,0.));
#7833=DIRECTION('',(0.,0.,1.));
#7834=DIRECTION('',(0.790796840645148,-0.612078717834276,0.));
#7835=DIRECTION('',(0.,0.,1.));
#7836=DIRECTION('',(0.,0.,1.));
#7837=DIRECTION('',(1.,0.,0.));
#7838=DIRECTION('',(0.,1.,0.));
#7839=DIRECTION('',(-1.,0.,0.));
#7840=DIRECTION('',(0.,0.,1.));
#7841=DIRECTION('',(1.,0.,0.));
#7842=DIRECTION('',(0.,0.,1.));
#7843=DIRECTION('',(0.93084543974725,-0.365413146043965,0.));
#7844=DIRECTION('',(0.,0.,1.));
#7845=DIRECTION('',(0.,0.,1.));
#7846=DIRECTION('',(1.,0.,0.));
#7847=DIRECTION('',(0.,0.,1.));
#7848=DIRECTION('',(0.992922183570389,-0.118766735131562,0.));
#7849=DIRECTION('',(0.,0.,1.));
#7850=DIRECTION('',(0.,0.,1.));
#7851=DIRECTION('',(1.,0.,0.));
#7852=DIRECTION('',(0.,0.,1.));
#7853=DIRECTION('',(0.985993752253901,0.166782254800304,0.));
#7854=DIRECTION('',(0.,0.,1.));
#7855=DIRECTION('',(0.,0.,1.));
#7856=DIRECTION('',(1.,0.,0.));
#7857=DIRECTION('',(0.,0.,1.));
#7858=DIRECTION('',(0.846909541091514,0.531736992514308,0.));
#7859=DIRECTION('',(0.,0.,1.));
#7860=DIRECTION('',(0.,0.,1.));
#7861=DIRECTION('',(1.,0.,0.));
#7862=DIRECTION('',(0.,0.,1.));
#7863=DIRECTION('',(0.542378221642594,0.840134432509356,0.));
#7864=DIRECTION('',(0.,0.,1.));
#7865=DIRECTION('',(0.,0.,1.));
#7866=DIRECTION('',(1.,0.,0.));
#7867=DIRECTION('',(0.,0.,1.));
#7868=DIRECTION('',(0.,0.,1.));
#7869=DIRECTION('',(-0.117896807133691,0.993025852064125,0.));
#7870=DIRECTION('',(0.,0.,1.));
#7871=DIRECTION('',(0.,0.,1.));
#7872=DIRECTION('',(1.,0.,0.));
#7873=DIRECTION('',(0.,0.,1.));
#7874=DIRECTION('',(-0.402727398769796,0.915319967159088,0.));
#7875=DIRECTION('',(0.,0.,1.));
#7876=DIRECTION('',(0.,0.,1.));
#7877=DIRECTION('',(1.,0.,0.));
#7878=DIRECTION('',(0.,0.,1.));
#7879=DIRECTION('',(-0.730658889237171,0.68274269500208,0.));
#7880=DIRECTION('',(0.,0.,1.));
#7881=DIRECTION('',(0.,0.,1.));
#7882=DIRECTION('',(1.,0.,0.));
#7883=DIRECTION('',(0.,0.,1.));
#7884=DIRECTION('',(-0.968567487854661,0.248750922552885,0.));
#7885=DIRECTION('',(0.,0.,1.));
#7886=DIRECTION('',(0.,0.,1.));
#7887=DIRECTION('',(1.,0.,0.));
#7888=DIRECTION('',(0.,0.,1.));
#7889=DIRECTION('',(-0.991593952917176,-0.129388687828921,0.));
#7890=DIRECTION('',(0.,0.,1.));
#7891=DIRECTION('',(1.,0.,0.));
#7892=DIRECTION('',(0.,0.,1.));
#7893=DIRECTION('',(1.,0.,0.));
#7894=DIRECTION('',(0.,-1.,0.));
#7895=DIRECTION('',(1.,0.,0.));
#7896=DIRECTION('',(0.,0.,1.));
#7897=DIRECTION('',(0.,0.,1.));
#7898=DIRECTION('',(1.,0.,0.));
#7899=DIRECTION('',(1.,0.,0.));
#7900=DIRECTION('',(0.,1.,0.));
#7901=DIRECTION('',(0.,0.,1.));
#7902=DIRECTION('',(0.,1.,0.));
#7903=DIRECTION('',(0.,1.,0.));
#7904=DIRECTION('',(-1.,0.,0.));
#7905=DIRECTION('',(0.,0.,1.));
#7906=DIRECTION('',(1.,0.,0.));
#7907=DIRECTION('',(-1.,0.,0.));
#7908=DIRECTION('',(0.,-1.,0.));
#7909=DIRECTION('',(0.,1.,0.));
#7910=DIRECTION('',(0.,0.,1.));
#7911=DIRECTION('',(1.,0.,0.));
#7912=DIRECTION('',(-1.,0.,0.));
#7913=DIRECTION('',(0.,-1.,0.));
#7914=DIRECTION('',(0.,0.,1.));
#7915=DIRECTION('',(0.,0.,1.));
#7916=DIRECTION('',(0.,1.,0.));
#7917=DIRECTION('',(-0.330715938967002,-0.943730346928175,0.));
#7918=DIRECTION('',(0.943730346928175,-0.330715938967002,0.));
#7919=DIRECTION('',(0.,0.,1.));
#7920=DIRECTION('',(0.943730346928175,-0.330715938967002,0.));
#7921=DIRECTION('',(1.,0.,0.));
#7922=DIRECTION('',(0.,1.,0.));
#7923=DIRECTION('',(0.,0.,1.));
#7924=DIRECTION('',(0.,1.,0.));
#7925=DIRECTION('',(0.329984761804028,0.943986258892119,0.));
#7926=DIRECTION('',(-0.943986258892119,0.329984761804028,0.));
#7927=DIRECTION('',(0.,0.,1.));
#7928=DIRECTION('',(-0.943986258892119,0.329984761804028,0.));
#7929=DIRECTION('',(0.327054115890722,-0.945005611242038,0.));
#7930=DIRECTION('',(0.945005611242038,0.327054115890722,0.));
#7931=DIRECTION('',(0.,0.,1.));
#7932=DIRECTION('',(0.945005611242038,0.327054115890722,0.));
#7933=DIRECTION('',(1.,0.,0.));
#7934=DIRECTION('',(0.,1.,0.));
#7935=DIRECTION('',(0.,0.,1.));
#7936=DIRECTION('',(0.,1.,0.));
#7937=DIRECTION('',(-0.328520624941273,0.944496796706159,0.));
#7938=DIRECTION('',(-0.944496796706159,-0.328520624941273,0.));
#7939=DIRECTION('',(-0.944496796706159,-0.328520624941273,0.));
#7940=DIRECTION('',(0.,0.,1.));
#7941=DIRECTION('',(1.,0.,0.));
#7942=DIRECTION('',(0.,0.,1.));
#7943=DIRECTION('',(0.710739349382897,0.703455455049413,0.));
#7944=DIRECTION('',(0.,0.,1.));
#7945=DIRECTION('',(0.,0.,1.));
#7946=DIRECTION('',(0.,0.,1.));
#7947=DIRECTION('',(1.,0.,0.));
#7948=DIRECTION('',(0.,0.,1.));
#7949=DIRECTION('',(0.939348883368585,0.342963081561548,0.));
#7950=DIRECTION('',(0.,0.,1.));
#7951=DIRECTION('',(0.,0.,1.));
#7952=DIRECTION('',(1.,0.,0.));
#7953=DIRECTION('',(0.,0.,1.));
#7954=DIRECTION('',(0.995651893445887,0.0931520642692322,0.));
#7955=DIRECTION('',(0.,0.,1.));
#7956=DIRECTION('',(0.,0.,1.));
#7957=DIRECTION('',(1.,0.,0.));
#7958=DIRECTION('',(1.,0.,0.));
#7959=DIRECTION('',(0.,1.,0.));
#7960=DIRECTION('',(0.,0.,1.));
#7961=DIRECTION('',(0.,1.,0.));
#7962=DIRECTION('',(0.,1.,0.));
#7963=DIRECTION('',(-1.,0.,0.));
#7964=DIRECTION('',(0.,0.,1.));
#7965=DIRECTION('',(1.,0.,0.));
#7966=DIRECTION('',(-1.,0.,0.));
#7967=DIRECTION('',(0.,-1.,0.));
#7968=DIRECTION('',(0.,0.,1.));
#7969=DIRECTION('',(0.,1.,0.));
#7970=DIRECTION('',(0.,0.,1.));
#7971=DIRECTION('',(0.991331645577147,0.131383288424766,0.));
#7972=DIRECTION('',(0.,0.,1.));
#7973=DIRECTION('',(0.,0.,1.));
#7974=DIRECTION('',(1.,0.,0.));
#7975=DIRECTION('',(0.,0.,1.));
#7976=DIRECTION('',(0.907219786077493,0.420656938311385,0.));
#7977=DIRECTION('',(0.,0.,1.));
#7978=DIRECTION('',(0.,0.,1.));
#7979=DIRECTION('',(1.,0.,0.));
#7980=DIRECTION('',(0.,0.,1.));
#7981=DIRECTION('',(0.673475032689315,0.739209970403624,0.));
#7982=DIRECTION('',(0.,0.,1.));
#7983=DIRECTION('',(0.,0.,1.));
#7984=DIRECTION('',(1.,0.,0.));
#7985=DIRECTION('',(0.,0.,1.));
#7986=DIRECTION('',(0.246231339724162,0.96921108502619,0.));
#7987=DIRECTION('',(0.,0.,1.));
#7988=DIRECTION('',(0.,0.,1.));
#7989=DIRECTION('',(1.,0.,0.));
#7990=DIRECTION('',(0.,0.,1.));
#7991=DIRECTION('',(-0.173973940782099,0.984750256627916,0.));
#7992=DIRECTION('',(0.,0.,1.));
#7993=DIRECTION('',(0.,0.,1.));
#7994=DIRECTION('',(1.,0.,0.));
#7995=DIRECTION('',(0.,0.,1.));
#7996=DIRECTION('',(-0.582145565993878,0.813084583542,0.));
#7997=DIRECTION('',(0.,0.,1.));
#7998=DIRECTION('',(0.,0.,1.));
#7999=DIRECTION('',(1.,0.,0.));
#8000=DIRECTION('',(0.,0.,1.));
#8001=DIRECTION('',(-0.885596279923508,0.464455841803765,0.));
#8002=DIRECTION('',(0.,0.,1.));
#8003=DIRECTION('',(0.,0.,1.));
#8004=DIRECTION('',(1.,0.,0.));
#8005=DIRECTION('',(0.,0.,1.));
#8006=DIRECTION('',(-0.990646180163704,0.136455654800606,0.));
#8007=DIRECTION('',(0.,0.,1.));
#8008=DIRECTION('',(0.,0.,1.));
#8009=DIRECTION('',(1.,0.,0.));
#8010=DIRECTION('',(0.,0.,1.));
#8011=DIRECTION('',(-0.996295256558838,-0.0859986148630311,0.));
#8012=DIRECTION('',(0.,0.,1.));
#8013=DIRECTION('',(0.,0.,1.));
#8014=DIRECTION('',(1.,0.,0.));
#8015=DIRECTION('',(0.,1.,0.));
#8016=DIRECTION('',(-1.,0.,0.));
#8017=DIRECTION('',(0.,0.,1.));
#8018=DIRECTION('',(1.,0.,0.));
#8019=DIRECTION('',(0.,0.,1.));
#8020=DIRECTION('',(-0.892920454356346,0.450214462442131,0.));
#8021=DIRECTION('',(0.,0.,1.));
#8022=DIRECTION('',(0.,0.,1.));
#8023=DIRECTION('',(1.,0.,0.));
#8024=DIRECTION('',(0.,0.,1.));
#8025=DIRECTION('',(0.,0.,1.));
#8026=DIRECTION('',(0.244631606998213,0.969616097668284,0.));
#8027=DIRECTION('',(0.,0.,1.));
#8028=DIRECTION('',(1.,0.,0.));
#8029=DIRECTION('',(0.,0.,1.));
#8030=DIRECTION('',(1.,0.,0.));
#8031=DIRECTION('',(0.,0.,1.));
#8032=DIRECTION('',(0.0350332878821569,-0.999386145961693,0.));
#8033=DIRECTION('',(0.,0.,1.));
#8034=DIRECTION('',(0.,0.,1.));
#8035=DIRECTION('',(4.38545455659557E-15,-1.24773255448778E-13,-1.));
#8036=DIRECTION('',(0.0699361347455612,-0.997551470881002,1.24846144925204E-13));
#8037=DIRECTION('',(0.,0.,1.));
#8038=DIRECTION('',(0.13366948549137,-0.991025967696343,0.));
#8039=DIRECTION('',(0.,0.,1.));
#8040=DIRECTION('',(8.22599630141996E-18,-6.06772810984776E-17,-1.));
#8041=DIRECTION('',(0.198387789237546,-0.980123607042213,0.));
#8042=DIRECTION('',(0.,0.,1.));
#8043=DIRECTION('',(0.39439771425666,-0.918939847318159,0.));
#8044=DIRECTION('',(0.,0.,1.));
#8045=DIRECTION('',(0.,0.,1.));
#8046=DIRECTION('',(1.,0.,0.));
#8047=DIRECTION('',(0.,0.,1.));
#8048=DIRECTION('',(0.739021595176986,-0.673681736328114,0.));
#8049=DIRECTION('',(0.,0.,1.));
#8050=DIRECTION('',(0.,0.,1.));
#8051=DIRECTION('',(1.,0.,0.));
#8052=DIRECTION('',(0.,0.,1.));
#8053=DIRECTION('',(0.932670446349225,-0.360729591947676,0.));
#8054=DIRECTION('',(0.,0.,1.));
#8055=DIRECTION('',(0.,0.,1.));
#8056=DIRECTION('',(1.,0.,0.));
#8057=DIRECTION('',(0.,0.,1.));
#8058=DIRECTION('',(0.994733776743624,-0.102492504142336,0.));
#8059=DIRECTION('',(0.,0.,1.));
#8060=DIRECTION('',(0.,0.,1.));
#8061=DIRECTION('',(1.,0.,0.));
#8062=DIRECTION('',(0.,0.,1.));
#8063=DIRECTION('',(0.996168225235517,0.0874578014308628,0.));
#8064=DIRECTION('',(0.,0.,1.));
#8065=DIRECTION('',(0.,0.,1.));
#8066=DIRECTION('',(1.,0.,0.));
#8067=DIRECTION('',(0.,0.,1.));
#8068=DIRECTION('',(0.968373969747832,0.249503215840647,0.));
#8069=DIRECTION('',(0.,0.,1.));
#8070=DIRECTION('',(0.,0.,1.));
#8071=DIRECTION('',(1.,0.,0.));
#8072=DIRECTION('',(0.,0.,1.));
#8073=DIRECTION('',(0.912425411385813,0.409243043505238,0.));
#8074=DIRECTION('',(0.,0.,1.));
#8075=DIRECTION('',(0.,0.,1.));
#8076=DIRECTION('',(1.,0.,0.));
#8077=DIRECTION('',(0.,0.,1.));
#8078=DIRECTION('',(0.791811516697864,0.610765521312908,0.));
#8079=DIRECTION('',(0.,0.,1.));
#8080=DIRECTION('',(0.,0.,1.));
#8081=DIRECTION('',(1.,0.,0.));
#8082=DIRECTION('',(0.546149200527946,-0.837687919670975,0.));
#8083=DIRECTION('',(0.837687919670975,0.546149200527946,0.));
#8084=DIRECTION('',(0.,0.,1.));
#8085=DIRECTION('',(0.837687919670975,0.546149200527946,0.));
#8086=DIRECTION('',(0.,0.,1.));
#8087=DIRECTION('',(0.79672307320317,0.60434455786885,0.));
#8088=DIRECTION('',(0.,0.,1.));
#8089=DIRECTION('',(0.,0.,1.));
#8090=DIRECTION('',(1.,0.,0.));
#8091=DIRECTION('',(0.,0.,1.));
#8092=DIRECTION('',(0.866773571629429,0.498701890436324,0.));
#8093=DIRECTION('',(0.,0.,1.));
#8094=DIRECTION('',(0.,0.,1.));
#8095=DIRECTION('',(1.,0.,0.));
#8096=DIRECTION('',(0.,0.,1.));
#8097=DIRECTION('',(0.940395190359573,0.34008364551766,0.));
#8098=DIRECTION('',(0.,0.,1.));
#8099=DIRECTION('',(0.,0.,1.));
#8100=DIRECTION('',(1.,0.,0.));
#8101=DIRECTION('',(0.,0.,1.));
#8102=DIRECTION('',(0.991258004261387,0.131937746637317,0.));
#8103=DIRECTION('',(0.,0.,1.));
#8104=DIRECTION('',(0.,0.,1.));
#8105=DIRECTION('',(1.,0.,0.));
#8106=DIRECTION('',(0.,0.,1.));
#8107=DIRECTION('',(0.996192924798091,-0.0871760092125441,0.));
#8108=DIRECTION('',(0.,0.,1.));
#8109=DIRECTION('',(0.,0.,1.));
#8110=DIRECTION('',(1.,0.,0.));
#8111=DIRECTION('',(0.,0.,1.));
#8112=DIRECTION('',(0.867457410509391,-0.497511448061592,0.));
#8113=DIRECTION('',(0.,0.,1.));
#8114=DIRECTION('',(0.,0.,1.));
#8115=DIRECTION('',(1.,0.,0.));
#8116=DIRECTION('',(0.,0.,1.));
#8117=DIRECTION('',(0.,0.,1.));
#8118=DIRECTION('',(0.0710320516666618,-0.997474033564796,0.));
#8119=DIRECTION('',(0.,0.,1.));
#8120=DIRECTION('',(0.,0.,1.));
#8121=DIRECTION('',(1.,0.,0.));
#8122=DIRECTION('',(0.,-1.,0.));
#8123=DIRECTION('',(1.,0.,0.));
#8124=DIRECTION('',(0.,0.,1.));
#8125=DIRECTION('',(1.,0.,0.));
#8126=DIRECTION('',(0.,0.,1.));
#8127=DIRECTION('',(-0.698031685335397,-0.716066872762471,0.));
#8128=DIRECTION('',(0.,0.,1.));
#8129=DIRECTION('',(0.,0.,1.));
#8130=DIRECTION('',(1.,0.,0.));
#8131=DIRECTION('',(0.,0.,1.));
#8132=DIRECTION('',(-0.912920403309602,-0.408137644944735,0.));
#8133=DIRECTION('',(0.,0.,1.));
#8134=DIRECTION('',(0.,0.,1.));
#8135=DIRECTION('',(1.,0.,0.));
#8136=DIRECTION('',(0.,-1.,0.));
#8137=DIRECTION('',(1.,0.,0.));
#8138=DIRECTION('',(0.,0.,1.));
#8139=DIRECTION('',(1.,0.,0.));
#8140=DIRECTION('',(0.,0.,1.));
#8141=DIRECTION('',(-0.916559856624064,-0.399897523404779,0.));
#8142=DIRECTION('',(0.,0.,1.));
#8143=DIRECTION('',(0.,0.,1.));
#8144=DIRECTION('',(1.,0.,0.));
#8145=DIRECTION('',(0.,0.,1.));
#8146=DIRECTION('',(-0.653984020557688,-0.756508361391467,0.));
#8147=DIRECTION('',(0.,0.,1.));
#8148=DIRECTION('',(0.,0.,1.));
#8149=DIRECTION('',(1.,0.,0.));
#8150=DIRECTION('',(0.,0.,1.));
#8151=DIRECTION('',(-0.440696991983347,0.897655925874068,0.));
#8152=DIRECTION('',(0.,0.,1.));
#8153=DIRECTION('',(0.,0.,1.));
#8154=DIRECTION('',(1.,0.,0.));
#8155=DIRECTION('',(0.,0.,1.));
#8156=DIRECTION('',(-0.683299431728616,0.730138265398651,0.));
#8157=DIRECTION('',(0.,0.,1.));
#8158=DIRECTION('',(0.,0.,1.));
#8159=DIRECTION('',(1.,0.,0.));
#8160=DIRECTION('',(0.,0.,1.));
#8161=DIRECTION('',(-0.856561489603538,0.516044973358107,0.));
#8162=DIRECTION('',(0.,0.,1.));
#8163=DIRECTION('',(0.,0.,1.));
#8164=DIRECTION('',(1.,0.,0.));
#8165=DIRECTION('',(0.,0.,1.));
#8166=DIRECTION('',(-0.97840391227019,0.206702163642248,0.));
#8167=DIRECTION('',(0.,0.,1.));
#8168=DIRECTION('',(0.,0.,1.));
#8169=DIRECTION('',(1.,0.,0.));
#8170=DIRECTION('',(0.430769455075291,0.9024620083827,0.));
#8171=DIRECTION('',(-0.9024620083827,0.430769455075291,0.));
#8172=DIRECTION('',(0.,0.,1.));
#8173=DIRECTION('',(-0.9024620083827,0.430769455075291,0.));
#8174=DIRECTION('',(0.,0.,1.));
#8175=DIRECTION('',(-0.728968665871789,0.684547064983193,0.));
#8176=DIRECTION('',(0.,0.,1.));
#8177=DIRECTION('',(0.,0.,1.));
#8178=DIRECTION('',(1.,0.,0.));
#8179=DIRECTION('',(0.,0.,1.));
#8180=DIRECTION('',(-0.314857691371725,0.94913889088166,0.));
#8181=DIRECTION('',(0.,0.,1.));
#8182=DIRECTION('',(0.,0.,1.));
#8183=DIRECTION('',(1.,0.,0.));
#8184=DIRECTION('',(0.,0.,1.));
#8185=DIRECTION('',(-0.125414282756829,0.992104459056903,0.));
#8186=DIRECTION('',(0.,0.,1.));
#8187=DIRECTION('',(0.,0.,1.));
#8188=DIRECTION('',(1.,0.,0.));
#8189=DIRECTION('',(0.,0.,1.));
#8190=DIRECTION('',(-0.0379201718022366,0.999280771640528,0.));
#8191=DIRECTION('',(0.,0.,1.));
#8192=DIRECTION('',(0.,0.,1.));
#8193=DIRECTION('',(1.,0.,0.));
#8194=DIRECTION('',(0.,1.,0.));
#8195=DIRECTION('',(-1.,0.,0.));
#8196=DIRECTION('',(1.,0.,0.));
#8197=DIRECTION('',(0.,0.,1.));
#8198=DIRECTION('',(1.,0.,0.));
#8199=DIRECTION('',(0.,0.,1.));
#8200=DIRECTION('',(0.970204033731378,0.242289357858251,0.));
#8201=DIRECTION('',(0.,0.,1.));
#8202=DIRECTION('',(0.,0.,1.));
#8203=DIRECTION('',(0.,0.,1.));
#8204=DIRECTION('',(1.,0.,0.));
#8205=DIRECTION('',(0.,0.,1.));
#8206=DIRECTION('',(0.996924950276574,0.0783622582373115,0.));
#8207=DIRECTION('',(0.,0.,1.));
#8208=DIRECTION('',(0.,0.,1.));
#8209=DIRECTION('',(1.,0.,0.));
#8210=DIRECTION('',(0.,0.,1.));
#8211=DIRECTION('',(0.990556728640723,-0.137103491365426,0.));
#8212=DIRECTION('',(0.,0.,1.));
#8213=DIRECTION('',(0.,0.,1.));
#8214=DIRECTION('',(1.,0.,0.));
#8215=DIRECTION('',(0.,1.,0.));
#8216=DIRECTION('',(-1.,0.,0.));
#8217=DIRECTION('',(0.,0.,1.));
#8218=DIRECTION('',(1.,0.,0.));
#8219=DIRECTION('',(0.,0.,1.));
#8220=DIRECTION('',(0.996203261215979,0.0870578103483421,0.));
#8221=DIRECTION('',(0.,0.,1.));
#8222=DIRECTION('',(0.,0.,1.));
#8223=DIRECTION('',(1.,0.,0.));
#8224=DIRECTION('',(0.,0.,1.));
#8225=DIRECTION('',(0.939792790415464,0.34174480403236,0.));
#8226=DIRECTION('',(0.,0.,1.));
#8227=DIRECTION('',(0.,0.,1.));
#8228=DIRECTION('',(1.,0.,0.));
#8229=DIRECTION('',(0.,-1.,0.));
#8230=DIRECTION('',(1.,0.,0.));
#8231=DIRECTION('',(1.,0.,0.));
#8232=DIRECTION('',(0.,0.,1.));
#8233=DIRECTION('',(1.,0.,0.));
#8234=DIRECTION('',(0.,-1.,0.));
#8235=DIRECTION('',(1.,0.,0.));
#8236=DIRECTION('',(0.,0.,1.));
#8237=DIRECTION('',(0.,0.,1.));
#8238=DIRECTION('',(1.,0.,0.));
#8239=DIRECTION('',(1.,0.,0.));
#8240=DIRECTION('',(0.,1.,0.));
#8241=DIRECTION('',(0.,0.,1.));
#8242=DIRECTION('',(0.,1.,0.));
#8243=DIRECTION('',(0.,1.,0.));
#8244=DIRECTION('',(-1.,0.,0.));
#8245=DIRECTION('',(0.,0.,1.));
#8246=DIRECTION('',(1.,0.,0.));
#8247=DIRECTION('',(-0.218357398523743,0.975868867476539,0.));
#8248=DIRECTION('',(-0.975868867476539,-0.218357398523743,0.));
#8249=DIRECTION('',(0.,0.,1.));
#8250=DIRECTION('',(-0.975868867476539,-0.218357398523743,0.));
#8251=DIRECTION('',(-1.,0.,0.));
#8252=DIRECTION('',(0.,-1.,0.));
#8253=DIRECTION('',(0.,1.,0.));
#8254=DIRECTION('',(0.,0.,1.));
#8255=DIRECTION('',(1.,0.,0.));
#8256=DIRECTION('',(0.,-1.,0.));
#8257=DIRECTION('',(1.,0.,0.));
#8258=DIRECTION('',(0.,0.,1.));
#8259=DIRECTION('',(0.,0.,1.));
#8260=DIRECTION('',(1.,0.,0.));
#8261=DIRECTION('',(0.217784431389469,-0.97599689622681,0.));
#8262=DIRECTION('',(0.97599689622681,0.217784431389469,0.));
#8263=DIRECTION('',(0.,0.,1.));
#8264=DIRECTION('',(0.97599689622681,0.217784431389469,0.));
#8265=DIRECTION('',(1.,0.,0.));
#8266=DIRECTION('',(0.,1.,0.));
#8267=DIRECTION('',(0.,0.,1.));
#8268=DIRECTION('',(0.,1.,0.));
#8269=DIRECTION('',(0.,1.,0.));
#8270=DIRECTION('',(-1.,0.,0.));
#8271=DIRECTION('',(0.,0.,1.));
#8272=DIRECTION('',(1.,0.,0.));
#8273=DIRECTION('',(-1.,0.,0.));
#8274=DIRECTION('',(0.,-1.,0.));
#8275=DIRECTION('',(0.,1.,0.));
#8276=DIRECTION('',(0.,0.,1.));
#8277=DIRECTION('',(1.,0.,0.));
#8278=DIRECTION('',(-1.,0.,0.));
#8279=DIRECTION('',(0.,-1.,0.));
#8280=DIRECTION('',(0.,0.,1.));
#8281=DIRECTION('',(0.,0.,1.));
#8282=DIRECTION('',(0.,1.,0.));
#8283=DIRECTION('',(0.,-1.,0.));
#8284=DIRECTION('',(1.,0.,0.));
#8285=DIRECTION('',(0.,0.,1.));
#8286=DIRECTION('',(1.,0.,0.));
#8287=DIRECTION('',(0.,0.,1.));
#8288=DIRECTION('',(-0.00972003861758747,0.999952759308795,0.));
#8289=DIRECTION('',(0.,0.,1.));
#8290=DIRECTION('',(-6.4008280831763E-15,6.53951269171491E-13,-1.));
#8291=DIRECTION('',(-0.0193660469704849,0.999812460526842,6.5396575167549E-13));
#8292=DIRECTION('',(0.,0.,1.));
#8293=DIRECTION('',(-0.0997476990209217,0.995012761998574,0.));
#8294=DIRECTION('',(0.,0.,1.));
#8295=DIRECTION('',(-7.59655649168426E-15,7.58430398120265E-14,-1.));
#8296=DIRECTION('',(-0.179875453993668,0.983689392567884,7.67157033216708E-14));
#8297=DIRECTION('',(0.,0.,1.));
#8298=DIRECTION('',(-0.294875362020557,0.955535724540556,0.));
#8299=DIRECTION('',(0.,0.,1.));
#8300=DIRECTION('',(0.,0.,1.));
#8301=DIRECTION('',(1.,0.,0.));
#8302=DIRECTION('',(0.,0.,1.));
#8303=DIRECTION('',(-0.56498472590783,0.825101363161432,0.));
#8304=DIRECTION('',(0.,0.,1.));
#8305=DIRECTION('',(0.,0.,1.));
#8306=DIRECTION('',(1.,0.,0.));
#8307=DIRECTION('',(0.,0.,1.));
#8308=DIRECTION('',(-0.744306743961086,0.667837907649788,0.));
#8309=DIRECTION('',(0.,0.,1.));
#8310=DIRECTION('',(0.,0.,1.));
#8311=DIRECTION('',(1.,0.,0.));
#8312=DIRECTION('',(0.,0.,1.));
#8313=DIRECTION('',(-0.825948805082287,0.563745129808801,0.));
#8314=DIRECTION('',(0.,0.,1.));
#8315=DIRECTION('',(-8.88067378523955E-14,6.06320113763939E-14,-1.));
#8316=DIRECTION('',(-0.86574512685036,0.50048513997406,1.08208793330683E-13));
#8317=DIRECTION('',(0.,0.,1.));
#8318=DIRECTION('',(-0.929848841304178,0.367941751266797,0.));
#8319=DIRECTION('',(0.,0.,1.));
#8320=DIRECTION('',(0.,0.,1.));
#8321=DIRECTION('',(1.,0.,0.));
#8322=DIRECTION('',(0.,0.,1.));
#8323=DIRECTION('',(-0.994184954423246,0.107686008368996,0.));
#8324=DIRECTION('',(0.,0.,1.));
#8325=DIRECTION('',(0.,0.,1.));
#8326=DIRECTION('',(1.,0.,0.));
#8327=DIRECTION('',(0.,0.,1.));
#8328=DIRECTION('',(-0.985684369336945,-0.168601079607542,0.));
#8329=DIRECTION('',(0.,0.,1.));
#8330=DIRECTION('',(0.,0.,1.));
#8331=DIRECTION('',(1.,0.,0.));
#8332=DIRECTION('',(0.,0.,1.));
#8333=DIRECTION('',(-0.916800598270498,-0.39934529296194,0.));
#8334=DIRECTION('',(0.,0.,1.));
#8335=DIRECTION('',(0.,0.,1.));
#8336=DIRECTION('',(1.,0.,0.));
#8337=DIRECTION('',(0.,1.,0.));
#8338=DIRECTION('',(-1.,0.,0.));
#8339=DIRECTION('',(0.,0.,1.));
#8340=DIRECTION('',(1.,0.,0.));
#8341=DIRECTION('',(0.,0.,1.));
#8342=DIRECTION('',(-0.962546683200387,-0.271115994843413,0.));
#8343=DIRECTION('',(0.,0.,1.));
#8344=DIRECTION('',(0.,0.,1.));
#8345=DIRECTION('',(1.,0.,0.));
#8346=DIRECTION('',(0.,0.,1.));
#8347=DIRECTION('',(-0.994965773566564,-0.100215315351944,0.));
#8348=DIRECTION('',(0.,0.,1.));
#8349=DIRECTION('',(0.,0.,1.));
#8350=DIRECTION('',(1.,0.,0.));
#8351=DIRECTION('',(0.,0.,1.));
#8352=DIRECTION('',(-0.962537477446763,0.271148676025576,0.));
#8353=DIRECTION('',(0.,0.,1.));
#8354=DIRECTION('',(0.,0.,1.));
#8355=DIRECTION('',(1.,0.,0.));
#8356=DIRECTION('',(0.,0.,1.));
#8357=DIRECTION('',(-0.631188151211056,0.775629755599132,0.));
#8358=DIRECTION('',(0.,0.,1.));
#8359=DIRECTION('',(0.,0.,1.));
#8360=DIRECTION('',(1.,0.,0.));
#8361=DIRECTION('',(0.,0.,1.));
#8362=DIRECTION('',(-0.241872507967676,0.970308038660624,0.));
#8363=DIRECTION('',(0.,0.,1.));
#8364=DIRECTION('',(0.,0.,1.));
#8365=DIRECTION('',(1.,0.,0.));
#8366=DIRECTION('',(0.,0.,1.));
#8367=DIRECTION('',(-0.0474424950533833,0.998873970860743,0.));
#8368=DIRECTION('',(0.,0.,1.));
#8369=DIRECTION('',(0.,0.,1.));
#8370=DIRECTION('',(1.,0.,0.));
#8371=DIRECTION('',(0.,1.,0.));
#8372=DIRECTION('',(-1.,0.,0.));
#8373=DIRECTION('',(1.,0.,0.));
#8374=DIRECTION('',(0.,0.,1.));
#8375=DIRECTION('',(1.,0.,0.));
#8376=DIRECTION('',(0.,0.,1.));
#8377=DIRECTION('',(0.968958648095642,-0.247222851453228,0.));
#8378=DIRECTION('',(0.,0.,1.));
#8379=DIRECTION('',(0.,0.,1.));
#8380=DIRECTION('',(0.,0.,1.));
#8381=DIRECTION('',(1.,0.,0.));
#8382=DIRECTION('',(0.,0.,1.));
#8383=DIRECTION('',(0.987425658929778,0.158084053867222,0.));
#8384=DIRECTION('',(0.,0.,1.));
#8385=DIRECTION('',(0.,0.,1.));
#8386=DIRECTION('',(1.,0.,0.));
#8387=DIRECTION('',(0.,0.,1.));
#8388=DIRECTION('',(0.924416483853035,0.381384536106005,0.));
#8389=DIRECTION('',(0.,0.,1.));
#8390=DIRECTION('',(0.,0.,1.));
#8391=DIRECTION('',(1.,0.,0.));
#8392=DIRECTION('',(0.,-1.,0.));
#8393=DIRECTION('',(1.,0.,0.));
#8394=DIRECTION('',(0.,0.,1.));
#8395=DIRECTION('',(1.,0.,0.));
#8396=DIRECTION('',(0.,0.,1.));
#8397=DIRECTION('',(0.953027173050549,0.30288480884204,0.));
#8398=DIRECTION('',(0.,0.,1.));
#8399=DIRECTION('',(0.,0.,1.));
#8400=DIRECTION('',(1.,0.,0.));
#8401=DIRECTION('',(0.,0.,1.));
#8402=DIRECTION('',(0.993582856519614,0.113106618861695,0.));
#8403=DIRECTION('',(0.,0.,1.));
#8404=DIRECTION('',(0.,0.,1.));
#8405=DIRECTION('',(1.,0.,0.));
#8406=DIRECTION('',(0.,0.,1.));
#8407=DIRECTION('',(0.,0.,1.));
#8408=DIRECTION('',(0.628916152868335,-0.77747313308004,0.));
#8409=DIRECTION('',(0.,0.,1.));
#8410=DIRECTION('',(0.,0.,1.));
#8411=DIRECTION('',(1.,0.,0.));
#8412=DIRECTION('',(0.,0.,1.));
#8413=DIRECTION('',(0.251022357007425,-0.967981289221252,0.));
#8414=DIRECTION('',(0.,0.,1.));
#8415=DIRECTION('',(0.,0.,1.));
#8416=DIRECTION('',(1.,0.,0.));
#8417=DIRECTION('',(0.,0.,1.));
#8418=DIRECTION('',(0.0474231596076515,-0.998874889029065,0.));
#8419=DIRECTION('',(0.,0.,1.));
#8420=DIRECTION('',(0.,0.,1.));
#8421=DIRECTION('',(1.,0.,0.));
#8422=DIRECTION('',(0.,-1.,0.));
#8423=DIRECTION('',(1.,0.,0.));
#8424=DIRECTION('',(0.,0.,1.));
#8425=DIRECTION('',(1.,0.,0.));
#8426=DIRECTION('',(1.,0.,0.));
#8427=DIRECTION('',(0.,1.,0.));
#8428=DIRECTION('',(0.,0.,1.));
#8429=DIRECTION('',(0.,1.,0.));
#8430=DIRECTION('',(0.,1.,0.));
#8431=DIRECTION('',(-1.,0.,0.));
#8432=DIRECTION('',(0.,0.,1.));
#8433=DIRECTION('',(1.,0.,0.));
#8434=DIRECTION('',(0.,0.,1.));
#8435=DIRECTION('',(0.019435553086761,-0.99981111179873,0.));
#8436=DIRECTION('',(0.,0.,1.));
#8437=DIRECTION('',(6.40268069980469E-15,-3.27070272418172E-13,-1.));
#8438=DIRECTION('',(0.0387168461156833,-0.999250221829775,3.27208434899173E-13));
#8439=DIRECTION('',(0.,0.,1.));
#8440=DIRECTION('',(0.109278760531549,-0.994011143044528,0.));
#8441=DIRECTION('',(0.,0.,1.));
#8442=DIRECTION('',(9.41442760745438E-15,-8.56989807207642E-14,-1.));
#8443=DIRECTION('',(0.179850842261766,-0.983693892701248,8.62516795126746E-14));
#8444=DIRECTION('',(0.,0.,1.));
#8445=DIRECTION('',(0.286038515407835,-0.958218121151589,0.));
#8446=DIRECTION('',(0.,0.,1.));
#8447=DIRECTION('',(0.,0.,1.));
#8448=DIRECTION('',(1.,0.,0.));
#8449=DIRECTION('',(0.,0.,1.));
#8450=DIRECTION('',(0.556214162212053,-0.831038991717443,0.));
#8451=DIRECTION('',(0.,0.,1.));
#8452=DIRECTION('',(0.,0.,1.));
#8453=DIRECTION('',(1.,0.,0.));
#8454=DIRECTION('',(0.,0.,1.));
#8455=DIRECTION('',(0.784641903419169,-0.619949258729086,0.));
#8456=DIRECTION('',(0.,0.,1.));
#8457=DIRECTION('',(1.,0.,0.));
#8458=DIRECTION('',(0.,0.,1.));
#8459=DIRECTION('',(1.,0.,0.));
#8460=DIRECTION('',(0.,-1.,0.));
#8461=DIRECTION('',(1.,0.,0.));
#8462=DIRECTION('',(0.,0.,1.));
#8463=DIRECTION('',(0.,0.,1.));
#8464=DIRECTION('',(1.,0.,0.));
#8465=DIRECTION('',(1.,0.,0.));
#8466=DIRECTION('',(0.,1.,0.));
#8467=DIRECTION('',(0.,0.,1.));
#8468=DIRECTION('',(0.,1.,0.));
#8469=DIRECTION('',(0.,1.,0.));
#8470=DIRECTION('',(-1.,0.,0.));
#8471=DIRECTION('',(0.,0.,1.));
#8472=DIRECTION('',(1.,0.,0.));
#8473=DIRECTION('',(-0.221857865983392,0.975079015927066,0.));
#8474=DIRECTION('',(-0.975079015927066,-0.221857865983392,0.));
#8475=DIRECTION('',(0.,0.,1.));
#8476=DIRECTION('',(-0.975079015927066,-0.221857865983392,0.));
#8477=DIRECTION('',(-1.,0.,0.));
#8478=DIRECTION('',(0.,-1.,0.));
#8479=DIRECTION('',(0.,1.,0.));
#8480=DIRECTION('',(0.,0.,1.));
#8481=DIRECTION('',(1.,0.,0.));
#8482=DIRECTION('',(0.,0.,1.));
#8483=DIRECTION('',(1.,0.,0.));
#8484=DIRECTION('',(1.,0.,0.));
#8485=DIRECTION('',(0.,0.,-1.));
#8486=DIRECTION('',(0.,-1.,0.));
#8487=DIRECTION('',(0.,0.,-1.));
#8488=DIRECTION('',(0.,-1.,0.));
#8489=DIRECTION('',(0.,0.,-1.));
#8490=DIRECTION('',(0.,-1.,1.7347234759768E-16));
#8491=DIRECTION('',(0.,2.89120579329468E-16,1.));
#8492=DIRECTION('',(0.,-1.,6.07153216591883E-16));
#8493=DIRECTION('',(0.,3.85494105772623E-16,1.));
#8494=DIRECTION('',(1.,1.48584451903795E-16,0.));
#8495=DIRECTION('',(-1.48584451903795E-16,1.,0.));
#8496=DIRECTION('',(1.48584451903795E-16,-1.,0.));
#8497=DIRECTION('',(0.,0.,-1.));
#8498=DIRECTION('',(1.48584451903795E-16,-1.,0.));
#8499=DIRECTION('',(0.,0.,-1.));
#8500=DIRECTION('',(4.29588228137767E-32,-2.89120579329468E-16,-1.));
#8501=DIRECTION('',(-1.48584451903795E-16,1.,-1.7347234759768E-16));
#8502=DIRECTION('',(5.72784304183687E-32,-3.85494105772623E-16,-1.));
#8503=DIRECTION('',(-1.48584451903795E-16,1.,-6.07153216591883E-16));
#8504=DIRECTION('',(1.,0.,0.));
#8505=DIRECTION('',(0.,0.,-1.));
#8506=DIRECTION('',(0.,0.,-1.));
#8507=DIRECTION('',(0.,-1.,0.));
#8508=DIRECTION('',(0.,0.,-1.));
#8509=DIRECTION('',(0.,-1.,0.));
#8510=DIRECTION('',(0.,2.89120579329468E-16,1.));
#8511=DIRECTION('',(0.,-1.,1.7347234759768E-16));
#8512=DIRECTION('',(0.,3.85494105772623E-16,1.));
#8513=DIRECTION('',(0.,-1.,6.07153216591883E-16));
#8514=DIRECTION('',(1.,1.48584451903795E-16,0.));
#8515=DIRECTION('',(-1.48584451903795E-16,1.,0.));
#8516=DIRECTION('',(1.48584451903795E-16,-1.,0.));
#8517=DIRECTION('',(0.,0.,-1.));
#8518=DIRECTION('',(1.48584451903795E-16,-1.,0.));
#8519=DIRECTION('',(0.,0.,-1.));
#8520=DIRECTION('',(1.48584451903795E-16,-1.,1.7347234759768E-16));
#8521=DIRECTION('',(-4.29588228137767E-32,2.89120579329468E-16,1.));
#8522=DIRECTION('',(1.48584451903795E-16,-1.,6.07153216591883E-16));
#8523=DIRECTION('',(-5.72784304183687E-32,3.85494105772623E-16,1.));
#8524=DIRECTION('',(0.,0.,1.));
#8525=DIRECTION('',(1.,0.,0.));
#8526=DIRECTION('',(0.,0.,1.));
#8527=DIRECTION('',(1.,0.,0.));
#8528=DIRECTION('',(0.,0.,-1.));
#8529=DIRECTION('',(-1.,0.,0.));
#8530=DIRECTION('',(0.,0.,1.));
#8531=DIRECTION('',(1.,0.,0.));
#8532=DIRECTION('',(0.,0.,1.));
#8533=DIRECTION('',(1.,0.,0.));
#8534=DIRECTION('',(0.,0.,-1.));
#8535=DIRECTION('',(-1.,0.,0.));
#8536=DIRECTION('',(0.,0.,1.));
#8537=DIRECTION('',(1.,0.,0.));
#8538=DIRECTION('',(0.,0.,1.));
#8539=DIRECTION('',(1.,0.,0.));
#8540=DIRECTION('',(0.,0.,-1.));
#8541=DIRECTION('',(-1.,0.,0.));
#8542=DIRECTION('',(0.,0.,1.));
#8543=DIRECTION('',(1.,0.,0.));
#8544=DIRECTION('',(0.,0.,1.));
#8545=DIRECTION('',(1.,0.,0.));
#8546=DIRECTION('',(0.,0.,-1.));
#8547=DIRECTION('',(-1.,0.,0.));
#8548=DIRECTION('',(0.,0.,1.));
#8549=DIRECTION('',(1.,0.,0.));
#8550=DIRECTION('',(0.,0.,1.));
#8551=DIRECTION('',(1.,0.,0.));
#8552=DIRECTION('',(1.,0.,0.));
#8553=DIRECTION('',(0.,0.,1.));
#8554=DIRECTION('',(1.,0.,0.));
#8555=DIRECTION('',(0.,0.,1.));
#8556=DIRECTION('',(1.,0.,0.));
#8557=DIRECTION('',(1.,1.31046154936869E-16,0.));
#8558=DIRECTION('',(0.,0.,1.));
#8559=DIRECTION('',(1.,0.,0.));
#8560=DIRECTION('',(1.,0.,0.));
#8561=DIRECTION('',(1.,1.31046154936869E-16,0.));
#8562=DIRECTION('',(0.,0.,1.));
#8563=DIRECTION('',(1.,0.,0.));
#8564=DIRECTION('',(0.,0.,-1.));
#8565=DIRECTION('',(-1.,0.,0.));
#8566=DIRECTION('',(0.,0.,-1.));
#8567=DIRECTION('',(-1.,0.,0.));
#8568=DIRECTION('',(0.,0.,-1.));
#8569=DIRECTION('',(-1.,0.,0.));
#8570=DIRECTION('',(0.,0.,-1.));
#8571=DIRECTION('',(-1.,0.,0.));
#8572=DIRECTION('',(1.,0.,0.));
#8573=DIRECTION('',(0.,0.,1.));
#8574=DIRECTION('',(1.,0.,0.));
#8575=DIRECTION('',(0.,0.,1.));
#8576=DIRECTION('',(1.,0.,0.));
#8577=DIRECTION('',(1.,1.31046154936869E-16,0.));
#8578=DIRECTION('',(0.,0.,1.));
#8579=DIRECTION('',(1.,0.,0.));
#8580=DIRECTION('',(0.,0.,1.));
#8581=DIRECTION('',(1.,0.,0.));
#8582=DIRECTION('',(-1.31046154936869E-16,1.,0.));
#8583=DIRECTION('',(-1.,-1.31046154936869E-16,0.));
#8584=DIRECTION('',(0.,0.,-1.));
#8585=DIRECTION('',(0.,0.,-1.));
#8586=DIRECTION('',(0.,1.,0.));
#8587=DIRECTION('',(0.,0.,1.));
#8588=DIRECTION('',(0.,0.,-1.));
#8589=DIRECTION('',(0.,0.,-1.));
#8590=DIRECTION('',(0.,0.,1.));
#8591=DIRECTION('',(1.,0.,0.));
#8592=DIRECTION('',(0.,0.,1.));
#8593=DIRECTION('',(1.,0.,0.));
#8594=DIRECTION('',(0.,0.,1.));
#8595=DIRECTION('',(1.,0.,0.));
#8596=DIRECTION('',(0.,0.,1.));
#8597=DIRECTION('',(1.,0.,0.));
#8598=DIRECTION('',(0.,0.,1.));
#8599=DIRECTION('',(1.,0.,0.));
#8600=DIRECTION('',(1.,0.,0.));
#8601=DIRECTION('',(1.,1.31046154936869E-16,0.));
#8602=DIRECTION('',(-1.31046154936869E-16,1.,0.));
#8603=DIRECTION('',(-1.,-1.31046154936869E-16,0.));
#8604=DIRECTION('',(0.,1.,0.));
#8605=DIRECTION('',(0.,0.,1.));
#8606=DIRECTION('',(0.,0.,1.));
#8607=DIRECTION('',(1.,0.,0.));
#8608=DIRECTION('',(0.,0.,1.));
#8609=DIRECTION('',(1.,0.,0.));
#8610=DIRECTION('',(0.,0.,1.));
#8611=DIRECTION('',(1.,0.,0.));
#8612=DIRECTION('',(0.,0.,-1.));
#8613=DIRECTION('',(-1.,0.,0.));
#8614=DIRECTION('',(0.,0.,1.));
#8615=DIRECTION('',(1.,0.,0.));
#8616=DIRECTION('',(0.,0.,-1.));
#8617=DIRECTION('',(-1.,0.,0.));
#8618=DIRECTION('',(0.,0.,1.));
#8619=DIRECTION('',(1.,0.,0.));
#8620=DIRECTION('',(0.,0.,1.));
#8621=DIRECTION('',(1.,0.,0.));
#8622=DIRECTION('',(0.,0.,1.));
#8623=DIRECTION('',(1.,0.,0.));
#8624=DIRECTION('',(0.,0.,-1.));
#8625=DIRECTION('',(-1.,0.,0.));
#8626=DIRECTION('',(0.,0.,1.));
#8627=DIRECTION('',(1.,0.,0.));
#8628=DIRECTION('',(0.,0.,-1.));
#8629=DIRECTION('',(-1.,0.,0.));
#8630=DIRECTION('',(0.,0.,1.));
#8631=DIRECTION('',(1.,0.,0.));
#8632=DIRECTION('',(0.,0.,1.));
#8633=DIRECTION('',(1.,0.,0.));
#8634=DIRECTION('',(0.,0.,1.));
#8635=DIRECTION('',(1.,0.,0.));
#8636=DIRECTION('',(0.,0.,-1.));
#8637=DIRECTION('',(-1.,0.,0.));
#8638=DIRECTION('',(0.,0.,1.));
#8639=DIRECTION('',(1.,0.,0.));
#8640=DIRECTION('',(0.,0.,-1.));
#8641=DIRECTION('',(-1.,0.,0.));
#8642=DIRECTION('',(0.,0.,1.));
#8643=DIRECTION('',(1.,0.,0.));
#8644=DIRECTION('',(0.,0.,1.));
#8645=DIRECTION('',(1.,0.,0.));
#8646=DIRECTION('',(0.,0.,1.));
#8647=DIRECTION('',(1.,0.,0.));
#8648=DIRECTION('',(0.,0.,-1.));
#8649=DIRECTION('',(-1.,0.,0.));
#8650=DIRECTION('',(0.,0.,1.));
#8651=DIRECTION('',(1.,0.,0.));
#8652=DIRECTION('',(0.,0.,-1.));
#8653=DIRECTION('',(-1.,0.,0.));
#8654=DIRECTION('',(0.,0.,1.));
#8655=DIRECTION('',(1.,0.,0.));
#8656=DIRECTION('',(0.,0.,1.));
#8657=DIRECTION('',(1.,0.,0.));
#8658=DIRECTION('',(0.,0.,1.));
#8659=DIRECTION('',(1.,0.,0.));
#8660=DIRECTION('',(0.,0.,1.));
#8661=DIRECTION('',(1.,0.,0.));
#8662=DIRECTION('',(0.,0.,-1.));
#8663=DIRECTION('',(1.,0.,0.));
#8664=DIRECTION('',(0.,0.,-1.));
#8665=DIRECTION('',(-1.,0.,0.));
#8666=DIRECTION('',(0.,0.,-1.));
#8667=DIRECTION('',(-1.,0.,0.));
#8668=DIRECTION('',(0.,0.,-1.));
#8669=DIRECTION('',(1.,0.,0.));
#8670=DIRECTION('',(0.,0.,-1.));
#8671=DIRECTION('',(-1.,0.,0.));
#8672=DIRECTION('',(0.,0.,-1.));
#8673=DIRECTION('',(-1.,0.,0.));
#8674=DIRECTION('',(0.,0.,-1.));
#8675=DIRECTION('',(1.,0.,0.));
#8676=DIRECTION('',(0.,0.,-1.));
#8677=DIRECTION('',(-1.,0.,0.));
#8678=DIRECTION('',(0.,0.,-1.));
#8679=DIRECTION('',(-1.,0.,0.));
#8680=DIRECTION('',(0.,0.,-1.));
#8681=DIRECTION('',(1.,0.,0.));
#8682=DIRECTION('',(0.,0.,-1.));
#8683=DIRECTION('',(-1.,0.,0.));
#8684=DIRECTION('',(0.,0.,-1.));
#8685=DIRECTION('',(-1.,0.,0.));
#8686=DIRECTION('',(-2.5775293688266E-32,1.7347234759768E-16,1.));
#8687=DIRECTION('',(0.,-1.,1.7347234759768E-16));
#8688=DIRECTION('',(-1.,-1.48584451903795E-16,0.));
#8689=DIRECTION('',(-1.,-1.48584451903795E-16,0.));
#8690=DIRECTION('',(-1.48584451903795E-16,1.,-3.85494105772623E-16));
#8691=DIRECTION('',(0.,3.85494105772623E-16,1.));
#8692=DIRECTION('',(-1.,-1.48584451903795E-16,0.));
#8693=DIRECTION('',(-9.0213527908931E-32,6.07153216591883E-16,1.));
#8694=DIRECTION('',(0.,-1.,6.07153216591883E-16));
#8695=DIRECTION('',(-1.,-1.48584451903795E-16,0.));
#8696=DIRECTION('',(-1.48584451903795E-16,1.,-2.89120579329468E-16));
#8697=DIRECTION('',(0.,2.89120579329468E-16,1.));
#8698=DIRECTION('',(-1.48584451903795E-16,1.,-2.89120579329468E-16));
#8699=DIRECTION('',(0.,2.89120579329468E-16,1.));
#8700=DIRECTION('',(-1.,-1.48584451903795E-16,0.));
#8701=DIRECTION('',(-1.,-1.48584451903795E-16,0.));
#8702=DIRECTION('',(-9.0213527908931E-32,6.07153216591883E-16,1.));
#8703=DIRECTION('',(0.,-1.,6.07153216591883E-16));
#8704=DIRECTION('',(-1.,-1.48584451903795E-16,0.));
#8705=DIRECTION('',(-1.48584451903795E-16,1.,-3.85494105772623E-16));
#8706=DIRECTION('',(0.,3.85494105772623E-16,1.));
#8707=DIRECTION('',(-1.,-1.48584451903795E-16,0.));
#8708=DIRECTION('',(-2.5775293688266E-32,1.7347234759768E-16,1.));
#8709=DIRECTION('',(0.,-1.,1.7347234759768E-16));
#8710=DIRECTION('',(0.,0.,-1.));
#8711=DIRECTION('',(-1.,0.,0.));
#8712=DIRECTION('',(0.,0.,1.));
#8713=DIRECTION('',(1.,0.,0.));
#8714=DIRECTION('',(0.,0.,-1.));
#8715=DIRECTION('',(-1.,0.,0.));
#8716=DIRECTION('',(0.,0.,1.));
#8717=DIRECTION('',(1.,0.,0.));
#8718=DIRECTION('',(0.,0.,1.));
#8719=DIRECTION('',(1.,0.,0.));
#8720=DIRECTION('',(0.,-1.,0.));
#8721=DIRECTION('',(-1.,0.,0.));
#8722=DIRECTION('',(0.,0.,-1.));
#8723=DIRECTION('',(-1.,0.,0.));
#8724=DIRECTION('',(0.,0.,-1.));
#8725=DIRECTION('',(1.,0.,0.));
#8726=DIRECTION('',(1.,0.,0.));
#8727=DIRECTION('',(0.,-1.,0.));
#8728=DIRECTION('',(0.,0.,-1.));
#8729=DIRECTION('',(0.,-1.,0.));
#8730=DIRECTION('',(0.,1.,0.));
#8731=DIRECTION('',(-1.,0.,0.));
#8732=DIRECTION('',(0.,1.,0.));
#8733=DIRECTION('',(0.,1.,0.));
#8734=DIRECTION('',(0.,0.,-1.));
#8735=DIRECTION('',(0.,1.,0.));
#8736=DIRECTION('',(0.,0.,1.));
#8737=DIRECTION('',(1.,0.,0.));
#8738=DIRECTION('',(1.,0.,0.));
#8739=DIRECTION('',(0.,0.,-1.));
#8740=DIRECTION('',(-1.,0.,0.));
#8741=DIRECTION('',(0.,0.,-1.));
#8742=DIRECTION('',(-1.,0.,0.));
#8743=DIRECTION('',(0.,0.,-1.));
#8744=DIRECTION('',(-1.,0.,0.));
#8745=DIRECTION('',(0.,0.,-1.));
#8746=DIRECTION('',(-1.,0.,0.));
#8747=DIRECTION('',(0.,0.,-1.));
#8748=DIRECTION('',(-1.,0.,0.));
#8749=DIRECTION('',(0.,0.,-1.));
#8750=DIRECTION('',(-1.,0.,0.));
#8751=DIRECTION('',(0.,0.,-1.));
#8752=DIRECTION('',(-1.,0.,0.));
#8753=DIRECTION('',(0.,0.,-1.));
#8754=DIRECTION('',(-1.,0.,0.));
#8755=DIRECTION('',(0.,0.,-1.));
#8756=DIRECTION('',(-1.,0.,0.));
#8757=DIRECTION('',(0.,0.,-1.));
#8758=DIRECTION('',(-1.,0.,0.));
#8759=DIRECTION('',(0.,0.,-1.));
#8760=DIRECTION('',(-1.,0.,0.));
#8761=DIRECTION('',(0.,0.,-1.));
#8762=DIRECTION('',(-1.,0.,0.));
#8763=DIRECTION('',(0.,0.,-1.));
#8764=DIRECTION('',(-1.,0.,0.));
#8765=DIRECTION('',(0.,0.,-1.));
#8766=DIRECTION('',(-1.,0.,0.));
#8767=DIRECTION('',(0.,0.,-1.));
#8768=DIRECTION('',(-1.,0.,0.));
#8769=DIRECTION('',(0.,0.,-1.));
#8770=DIRECTION('',(-1.,0.,0.));
#8771=DIRECTION('',(0.,0.,-1.));
#8772=DIRECTION('',(-1.,0.,0.));
#8773=DIRECTION('',(0.,0.,-1.));
#8774=DIRECTION('',(-1.,0.,0.));
#8775=DIRECTION('',(0.,0.,-1.));
#8776=DIRECTION('',(-1.,0.,0.));
#8777=DIRECTION('',(0.,0.,-1.));
#8778=DIRECTION('',(-1.,0.,0.));
#8779=DIRECTION('',(0.,0.,-1.));
#8780=DIRECTION('',(-1.,0.,0.));
#8781=DIRECTION('',(0.,0.,-1.));
#8782=DIRECTION('',(-1.,0.,0.));
#8783=DIRECTION('',(0.,0.,-1.));
#8784=DIRECTION('',(-1.,0.,0.));
#8785=DIRECTION('',(0.,0.,-1.));
#8786=DIRECTION('',(-1.,0.,0.));
#8787=DIRECTION('',(0.,0.,-1.));
#8788=DIRECTION('',(-1.,0.,0.));
#8789=DIRECTION('',(0.,0.,-1.));
#8790=DIRECTION('',(-1.,0.,0.));
#8791=DIRECTION('',(0.,0.,-1.));
#8792=DIRECTION('',(-1.,0.,0.));
#8793=DIRECTION('',(0.,0.,-1.));
#8794=DIRECTION('',(-1.,0.,0.));
#8795=DIRECTION('',(0.,0.,-1.));
#8796=DIRECTION('',(-1.,0.,0.));
#8797=DIRECTION('',(1.,0.,0.));
#8798=DIRECTION('',(0.,0.,-1.));
#8799=DIRECTION('',(-1.,0.,0.));
#8800=DIRECTION('',(-1.,0.,0.));
#8801=DIRECTION('',(0.,0.,-1.));
#8802=DIRECTION('',(-1.,0.,0.));
#8803=DIRECTION('',(0.,0.,-1.));
#8804=DIRECTION('',(-1.,0.,0.));
#8805=DIRECTION('',(0.,0.,-1.));
#8806=DIRECTION('',(-1.,0.,0.));
#8807=DIRECTION('',(0.,0.,-1.));
#8808=DIRECTION('',(-1.,0.,0.));
#8809=DIRECTION('',(0.,0.,-1.));
#8810=DIRECTION('',(-1.,0.,0.));
#8811=DIRECTION('',(0.,0.,-1.));
#8812=DIRECTION('',(-1.,0.,0.));
#8813=DIRECTION('',(0.,0.,-1.));
#8814=DIRECTION('',(-1.,0.,0.));
#8815=DIRECTION('',(0.,0.,-1.));
#8816=DIRECTION('',(-1.,0.,0.));
#8817=DIRECTION('',(0.,0.,-1.));
#8818=DIRECTION('',(-1.,0.,0.));
#8819=DIRECTION('',(0.,0.,-1.));
#8820=DIRECTION('',(-1.,0.,0.));
#8821=DIRECTION('',(0.,0.,-1.));
#8822=DIRECTION('',(-1.,0.,0.));
#8823=DIRECTION('',(0.,0.,-1.));
#8824=DIRECTION('',(-1.,0.,0.));
#8825=DIRECTION('',(0.,0.,-1.));
#8826=DIRECTION('',(-1.,0.,0.));
#8827=DIRECTION('',(0.,0.,-1.));
#8828=DIRECTION('',(-1.,0.,0.));
#8829=DIRECTION('',(0.,0.,-1.));
#8830=DIRECTION('',(-1.,0.,0.));
#8831=DIRECTION('',(1.,0.,0.));
#8832=DIRECTION('',(0.,0.,-1.));
#8833=DIRECTION('',(-1.,0.,0.));
#8834=DIRECTION('',(-1.,0.,0.));
#8835=DIRECTION('',(0.,0.,-1.));
#8836=DIRECTION('',(-1.,0.,0.));
#8837=DIRECTION('',(0.,0.,-1.));
#8838=DIRECTION('',(-1.,0.,0.));
#8839=DIRECTION('',(0.,0.,-1.));
#8840=DIRECTION('',(-1.,0.,0.));
#8841=DIRECTION('',(0.,0.,-1.));
#8842=DIRECTION('',(-1.,0.,0.));
#8843=DIRECTION('',(0.,0.,-1.));
#8844=DIRECTION('',(-1.,0.,0.));
#8845=DIRECTION('',(0.,0.,-1.));
#8846=DIRECTION('',(-1.,0.,0.));
#8847=DIRECTION('',(0.,0.,1.));
#8848=DIRECTION('',(1.,0.,0.));
#8849=DIRECTION('',(1.,0.,0.));
#8850=DIRECTION('',(0.,0.,-1.));
#8851=DIRECTION('',(-1.,0.,0.));
#8852=DIRECTION('',(0.,0.,-1.));
#8853=DIRECTION('',(-1.,0.,0.));
#8854=DIRECTION('',(0.,0.,-1.));
#8855=DIRECTION('',(-1.,0.,0.));
#8856=DIRECTION('',(0.,0.,-1.));
#8857=DIRECTION('',(-1.,0.,0.));
#8858=DIRECTION('',(0.,0.,-1.));
#8859=DIRECTION('',(-1.,0.,0.));
#8860=DIRECTION('',(0.,0.,-1.));
#8861=DIRECTION('',(-1.,0.,0.));
#8862=DIRECTION('',(0.,0.,-1.));
#8863=DIRECTION('',(-1.,0.,0.));
#8864=DIRECTION('',(0.,0.,-1.));
#8865=DIRECTION('',(-1.,0.,0.));
#8866=DIRECTION('',(0.,0.,-1.));
#8867=DIRECTION('',(-1.,0.,0.));
#8868=DIRECTION('',(0.,0.,-1.));
#8869=DIRECTION('',(-1.,0.,0.));
#8870=DIRECTION('',(0.,0.,-1.));
#8871=DIRECTION('',(-1.,0.,0.));
#8872=DIRECTION('',(0.,0.,-1.));
#8873=DIRECTION('',(-1.,0.,0.));
#8874=DIRECTION('',(0.,0.,-1.));
#8875=DIRECTION('',(-1.,0.,0.));
#8876=DIRECTION('',(0.,0.,-1.));
#8877=DIRECTION('',(-1.,0.,0.));
#8878=DIRECTION('',(0.,0.,-1.));
#8879=DIRECTION('',(-1.,0.,0.));
#8880=DIRECTION('',(0.,0.,-1.));
#8881=DIRECTION('',(-1.,0.,0.));
#8882=DIRECTION('',(0.,0.,-1.));
#8883=DIRECTION('',(-1.,0.,0.));
#8884=DIRECTION('',(0.,0.,-1.));
#8885=DIRECTION('',(-1.,0.,0.));
#8886=DIRECTION('',(0.,0.,-1.));
#8887=DIRECTION('',(-1.,0.,0.));
#8888=DIRECTION('',(0.,0.,-1.));
#8889=DIRECTION('',(-1.,0.,0.));
#8890=DIRECTION('',(0.,0.,-1.));
#8891=DIRECTION('',(-1.,0.,0.));
#8892=DIRECTION('',(0.,0.,-1.));
#8893=DIRECTION('',(-1.,0.,0.));
#8894=DIRECTION('',(0.,0.,-1.));
#8895=DIRECTION('',(-1.,0.,0.));
#8896=DIRECTION('',(0.,0.,-1.));
#8897=DIRECTION('',(-1.,0.,0.));
#8898=DIRECTION('',(0.,0.,-1.));
#8899=DIRECTION('',(-1.,0.,0.));
#8900=DIRECTION('',(0.,0.,-1.));
#8901=DIRECTION('',(-1.,0.,0.));
#8902=DIRECTION('',(0.,0.,-1.));
#8903=DIRECTION('',(-1.,0.,0.));
#8904=DIRECTION('',(0.,0.,-1.));
#8905=DIRECTION('',(-1.,0.,0.));
#8906=DIRECTION('',(0.,0.,-1.));
#8907=DIRECTION('',(-1.,0.,0.));
#8908=DIRECTION('',(0.,0.,-1.));
#8909=DIRECTION('',(-1.,0.,0.));
#8910=DIRECTION('',(1.,0.,0.));
#8911=DIRECTION('',(0.,0.,-1.));
#8912=DIRECTION('',(-1.,0.,0.));
#8913=DIRECTION('',(1.,0.,0.));
#8914=DIRECTION('',(0.,0.,-1.));
#8915=DIRECTION('',(-1.,0.,0.));
#8916=DIRECTION('',(0.,0.,-1.));
#8917=DIRECTION('',(-1.,0.,0.));
#8918=DIRECTION('',(0.,0.,-1.));
#8919=DIRECTION('',(-1.,0.,0.));
#8920=DIRECTION('',(0.,0.,-1.));
#8921=DIRECTION('',(-1.,0.,0.));
#8922=DIRECTION('',(0.,0.,-1.));
#8923=DIRECTION('',(-1.,0.,0.));
#8924=DIRECTION('',(0.,0.,-1.));
#8925=DIRECTION('',(-1.,0.,0.));
#8926=DIRECTION('',(0.,0.,-1.));
#8927=DIRECTION('',(-1.,0.,0.));
#8928=DIRECTION('',(0.,0.,-1.));
#8929=DIRECTION('',(-1.,0.,0.));
#8930=DIRECTION('',(0.,0.,-1.));
#8931=DIRECTION('',(-1.,0.,0.));
#8932=DIRECTION('',(0.,0.,-1.));
#8933=DIRECTION('',(-1.,0.,0.));
#8934=DIRECTION('',(0.,0.,-1.));
#8935=DIRECTION('',(-1.,0.,0.));
#8936=DIRECTION('',(0.,0.,-1.));
#8937=DIRECTION('',(-1.,0.,0.));
#8938=DIRECTION('',(0.,0.,-1.));
#8939=DIRECTION('',(-1.,0.,0.));
#8940=DIRECTION('',(0.,0.,-1.));
#8941=DIRECTION('',(-1.,0.,0.));
#8942=DIRECTION('',(0.,0.,-1.));
#8943=DIRECTION('',(-1.,0.,0.));
#8944=DIRECTION('',(1.,0.,0.));
#8945=DIRECTION('',(0.,0.,-1.));
#8946=DIRECTION('',(-1.,0.,0.));
#8947=DIRECTION('',(1.,0.,0.));
#8948=DIRECTION('',(0.,0.,-1.));
#8949=DIRECTION('',(-1.,0.,0.));
#8950=DIRECTION('',(0.,0.,-1.));
#8951=DIRECTION('',(-1.,0.,0.));
#8952=DIRECTION('',(0.,0.,-1.));
#8953=DIRECTION('',(-1.,0.,0.));
#8954=DIRECTION('',(0.,0.,-1.));
#8955=DIRECTION('',(-1.,0.,0.));
#8956=DIRECTION('',(0.,0.,-1.));
#8957=DIRECTION('',(-1.,0.,0.));
#8958=DIRECTION('',(0.,1.,0.));
#8959=DIRECTION('',(1.,0.,0.));
#8960=DIRECTION('',(0.,0.,-1.));
#8961=DIRECTION('',(0.,-1.,0.));
#8962=DIRECTION('',(0.,0.,-1.));
#8963=DIRECTION('',(0.,-1.,0.));
#8964=DIRECTION('',(0.,0.,-1.));
#8965=DIRECTION('',(0.,-1.,0.));
#8966=DIRECTION('',(0.,0.,-1.));
#8967=DIRECTION('',(0.,-1.,0.));
#8968=DIRECTION('',(0.,0.,-1.));
#8969=DIRECTION('',(0.,-1.,0.));
#8970=DIRECTION('',(0.,0.,-1.));
#8971=DIRECTION('',(0.,-1.,0.));
#8972=DIRECTION('',(0.,0.,-1.));
#8973=DIRECTION('',(0.,-1.,0.));
#8974=DIRECTION('',(0.,0.,-1.));
#8975=DIRECTION('',(0.,-1.,0.));
#8976=DIRECTION('',(0.,0.,-1.));
#8977=DIRECTION('',(0.,-1.,0.));
#8978=DIRECTION('',(0.,0.,-1.));
#8979=DIRECTION('',(0.,-1.,0.));
#8980=DIRECTION('',(0.,0.,-1.));
#8981=DIRECTION('',(0.,-1.,0.));
#8982=DIRECTION('',(0.,0.,-1.));
#8983=DIRECTION('',(0.,-1.,0.));
#8984=DIRECTION('',(0.,0.,-1.));
#8985=DIRECTION('',(0.,-1.,0.));
#8986=DIRECTION('',(0.,0.,-1.));
#8987=DIRECTION('',(0.,-1.,0.));
#8988=DIRECTION('',(0.,0.,-1.));
#8989=DIRECTION('',(0.,-1.,0.));
#8990=DIRECTION('',(0.,0.,-1.));
#8991=DIRECTION('',(0.,-1.,0.));
#8992=DIRECTION('',(0.,0.,-1.));
#8993=DIRECTION('',(0.,-1.,0.));
#8994=DIRECTION('',(0.,0.,-1.));
#8995=DIRECTION('',(0.,-1.,0.));
#8996=DIRECTION('',(0.,0.,-1.));
#8997=DIRECTION('',(0.,-1.,0.));
#8998=DIRECTION('',(0.,0.,-1.));
#8999=DIRECTION('',(-3.343730521224E-14,-1.,0.));
#9000=DIRECTION('',(0.,0.,-1.));
#9001=DIRECTION('',(0.,-1.,0.));
#9002=DIRECTION('',(0.,0.,-1.));
#9003=DIRECTION('',(0.,-1.,0.));
#9004=DIRECTION('',(0.,0.,-1.));
#9005=DIRECTION('',(0.,-1.,0.));
#9006=DIRECTION('',(0.,0.,-1.));
#9007=DIRECTION('',(0.,-1.,0.));
#9008=DIRECTION('',(0.,0.,-1.));
#9009=DIRECTION('',(0.,-1.,0.));
#9010=DIRECTION('',(0.,0.,-1.));
#9011=DIRECTION('',(0.,-1.,0.));
#9012=DIRECTION('',(0.,0.,-1.));
#9013=DIRECTION('',(0.,-1.,0.));
#9014=DIRECTION('',(0.,0.,-1.));
#9015=DIRECTION('',(0.,-1.,0.));
#9016=DIRECTION('',(0.,0.,-1.));
#9017=DIRECTION('',(0.,-1.,0.));
#9018=DIRECTION('',(0.,0.,-1.));
#9019=DIRECTION('',(0.,1.,0.));
#9020=DIRECTION('',(0.,0.,-1.));
#9021=DIRECTION('',(0.,0.,-1.));
#9022=DIRECTION('',(0.,1.,0.));
#9023=DIRECTION('',(1.,0.,0.));
#9024=DIRECTION('',(0.,0.,-1.));
#9025=DIRECTION('',(0.,0.,-1.));
#9026=DIRECTION('',(0.,-1.,0.));
#9027=DIRECTION('',(0.,0.,-1.));
#9028=DIRECTION('',(0.,-1.,0.));
#9029=DIRECTION('',(-1.,0.,0.));
#9030=DIRECTION('',(0.,0.,-1.));
#9031=DIRECTION('',(0.,-1.,0.));
#9032=DIRECTION('',(0.,0.,-1.));
#9033=DIRECTION('',(0.,-1.,0.));
#9034=DIRECTION('',(0.,0.,-1.));
#9035=DIRECTION('',(0.,-1.,0.));
#9036=DIRECTION('',(0.,0.,-1.));
#9037=DIRECTION('',(0.,-1.,0.));
#9038=DIRECTION('',(0.,0.,-1.));
#9039=DIRECTION('',(0.,-1.,0.));
#9040=DIRECTION('',(0.,0.,-1.));
#9041=DIRECTION('',(0.,-1.,0.));
#9042=DIRECTION('',(0.,0.,-1.));
#9043=DIRECTION('',(0.,-1.,0.));
#9044=DIRECTION('',(0.,0.,-1.));
#9045=DIRECTION('',(0.,-1.,0.));
#9046=DIRECTION('',(0.,0.,-1.));
#9047=DIRECTION('',(0.,-1.,0.));
#9048=DIRECTION('',(0.,0.,-1.));
#9049=DIRECTION('',(0.,-1.,0.));
#9050=DIRECTION('',(0.,0.,-1.));
#9051=DIRECTION('',(0.,-1.,0.));
#9052=DIRECTION('',(0.,0.,-1.));
#9053=DIRECTION('',(0.,-1.,0.));
#9054=DIRECTION('',(0.,0.,-1.));
#9055=DIRECTION('',(0.,-1.,0.));
#9056=DIRECTION('',(0.,0.,-1.));
#9057=DIRECTION('',(-5.57288420204E-14,-1.,0.));
#9058=DIRECTION('',(0.,0.,-1.));
#9059=DIRECTION('',(0.,1.,0.));
#9060=DIRECTION('',(0.,0.,-1.));
#9061=DIRECTION('',(0.,0.,-1.));
#9062=DIRECTION('',(0.,1.,0.));
#9063=DIRECTION('',(1.,0.,0.));
#9064=DIRECTION('',(0.,0.,-1.));
#9065=DIRECTION('',(0.,0.,-1.));
#9066=DIRECTION('',(0.,-1.,0.));
#9067=DIRECTION('',(0.,0.,-1.));
#9068=DIRECTION('',(0.,-1.,0.));
#9069=DIRECTION('',(-1.,0.,0.));
#9070=DIRECTION('',(0.,0.,-1.));
#9071=DIRECTION('',(5.57288420204E-14,-1.,0.));
#9072=DIRECTION('',(0.,0.,-1.));
#9073=DIRECTION('',(0.,-1.,0.));
#9074=DIRECTION('',(0.,0.,-1.));
#9075=DIRECTION('',(-5.57288420204E-14,-1.,0.));
#9076=DIRECTION('',(0.,0.,-1.));
#9077=DIRECTION('',(0.,-1.,0.));
#9078=DIRECTION('',(0.,0.,-1.));
#9079=DIRECTION('',(0.,-1.,0.));
#9080=DIRECTION('',(0.,0.,1.));
#9081=DIRECTION('',(1.,0.,0.));
#9082=CARTESIAN_POINT('',(0.,0.,0.));
#9083=CARTESIAN_POINT('',(-0.00775,0.002,0.015));
#9084=CARTESIAN_POINT('',(-0.0535465401843437,-0.0248343957479604,0.015));
#9085=CARTESIAN_POINT('',(-0.054521421554276,-0.0248343957479604,0.015));
#9086=CARTESIAN_POINT('',(-0.0525716588144114,-0.0248343957479604,0.015));
#9087=CARTESIAN_POINT('',(-0.0525716588144114,-0.025021075159224,0.015));
#9088=CARTESIAN_POINT('',(-0.0525716588144114,-0.0252077545704876,0.015));
#9089=CARTESIAN_POINT('',(-0.0526701149187223,-0.0252301560998393,0.015));
#9090=CARTESIAN_POINT('',(-0.0527685710230332,-0.0252525576291909,0.015));
#9091=CARTESIAN_POINT('',(-0.0536449962886546,-0.0252525576291909,0.015));
#9092=CARTESIAN_POINT('',(-0.054521421554276,-0.0252525576291909,0.015));
#9093=CARTESIAN_POINT('',(-0.054521421554276,-0.0250434766885756,0.015));
#9094=CARTESIAN_POINT('',(-0.0530567713387724,-0.0258273548865948,0.015));
#9095=CARTESIAN_POINT('',(-0.0525509398688945,-0.0258090133415187,0.01499999975));
#9096=CARTESIAN_POINT('',(-0.0526144962339981,-0.0260718970895614,0.015));
#9097=CARTESIAN_POINT('',(-0.0535805533690856,-0.0254751040981639,0.015));
#9098=CARTESIAN_POINT('',(-0.0527858090065443,-0.0262862536836656,0.01499999975));
#9099=CARTESIAN_POINT('',(-0.0530896891432037,-0.0259797331327853,0.015));
#9100=CARTESIAN_POINT('',(-0.0529226192806268,-0.0263778811339169,0.01499999975));
#9101=CARTESIAN_POINT('',(-0.0532224921323483,-0.0256679997765507,0.015));
#9102=CARTESIAN_POINT('',(-0.0530849592043663,-0.0264262807996077,0.0149999999));
#9103=CARTESIAN_POINT('',(-0.0533019913787422,-0.0252392237262344,0.015));
#9104=CARTESIAN_POINT('',(-0.0532561499890447,-0.026445093364552,0.015));
#9105=CARTESIAN_POINT('',(-0.0534275426466972,-0.0220215886537736,0.0150000000000005));
#9106=CARTESIAN_POINT('',(-0.0534256825506812,-0.0264484121096411,0.015));
#9107=CARTESIAN_POINT('',(-0.0544868512929309,-0.0264484121096411,0.015));
#9108=CARTESIAN_POINT('',(-0.054521421554276,-0.0264484121096411,0.015));
#9109=CARTESIAN_POINT('',(-0.054521421554276,-0.0262376717964813,0.015));
#9110=CARTESIAN_POINT('',(-0.054521421554276,-0.0260269314833215,0.015));
#9111=CARTESIAN_POINT('',(-0.0539906989021058,-0.0260269314833215,0.015));
#9112=CARTESIAN_POINT('',(-0.0534599762049777,-0.0260269121506723,0.015));
#9113=CARTESIAN_POINT('',(-0.0534546111396883,-0.0237198380976596,0.015));
#9114=CARTESIAN_POINT('',(-0.0532354155691406,-0.0260163241536962,0.0149999999999983));
#9115=CARTESIAN_POINT('',(-0.0532840506036819,-0.0254211670217812,0.015));
#9116=CARTESIAN_POINT('',(-0.053045139131039,-0.0259680078669927,0.0149999999999995));
#9117=CARTESIAN_POINT('',(-0.0531698059821022,-0.0256776597048092,0.015));
#9118=CARTESIAN_POINT('',(-0.0529154254932273,-0.025864312973954,0.015));
#9119=CARTESIAN_POINT('',(-0.0529154254932273,-0.025864312973954,0.015));
#9120=CARTESIAN_POINT('',(-0.0528686864998887,-0.025798491196353,0.015));
#9121=CARTESIAN_POINT('',(-0.0528686864998887,-0.0256812288698703,0.015));
#9122=CARTESIAN_POINT('',(-0.0528686864998887,-0.0256812288698703,0.015));
#9123=CARTESIAN_POINT('',(-0.0536052270536654,-0.0257078615288363,0.015));
#9124=CARTESIAN_POINT('',(-0.0528845596688405,-0.0255515450116256,0.01499999975));
#9125=CARTESIAN_POINT('',(-0.0535879155876827,-0.0256887522999469,0.015));
#9126=CARTESIAN_POINT('',(-0.0529345232583205,-0.0253941574196604,0.015));
#9127=CARTESIAN_POINT('',(-0.0528014819118338,-0.0253941574196604,0.015));
#9128=CARTESIAN_POINT('',(-0.0526683821950026,-0.0253941574196604,0.015));
#9129=CARTESIAN_POINT('',(-0.0537953022721918,-0.0259750349528636,0.015));
#9130=CARTESIAN_POINT('',(-0.0525852808986828,-0.0255966239942803,0.015));
#9131=CARTESIAN_POINT('',(-0.0532514375968875,-0.0258149955700659,0.015));
#9132=CARTESIAN_POINT('',(-0.0525716588144114,-0.0272233390879532,0.015));
#9133=CARTESIAN_POINT('',(-0.0525716588144114,-0.0270125987747934,0.015));
#9134=CARTESIAN_POINT('',(-0.0525716588144114,-0.027434079401113,0.015));
#9135=CARTESIAN_POINT('',(-0.0531023814665817,-0.027434079401113,0.015));
#9136=CARTESIAN_POINT('',(-0.0536331042216948,-0.0274341089713366,0.015));
#9137=CARTESIAN_POINT('',(-0.053641092304479,-0.0297286755498624,0.015));
#9138=CARTESIAN_POINT('',(-0.0538593244202792,-0.0274446857461426,0.0149999999999988));
#9139=CARTESIAN_POINT('',(-0.0538090948351607,-0.0280601147603612,0.015));
#9140=CARTESIAN_POINT('',(-0.0540443842306455,-0.0274895877900522,0.01499999975));
#9141=CARTESIAN_POINT('',(-0.053928184885404,-0.0277636533869292,0.015));
#9142=CARTESIAN_POINT('',(-0.0541724584833276,-0.0275931764984751,0.015));
#9143=CARTESIAN_POINT('',(-0.0539040926800364,-0.0277594507279535,0.015));
#9144=CARTESIAN_POINT('',(-0.0542202650484026,-0.0277764472578259,0.01499999975));
#9145=CARTESIAN_POINT('',(-0.0533486612172989,-0.0277433400318907,0.015));
#9146=CARTESIAN_POINT('',(-0.0542065862244863,-0.0279042149720038,0.01499999975));
#9147=CARTESIAN_POINT('',(-0.053466465717718,-0.0277821499379041,0.015));
#9148=CARTESIAN_POINT('',(-0.0541619060760342,-0.028063534719685,0.015));
#9149=CARTESIAN_POINT('',(-0.0542896625222183,-0.028063534719685,0.015));
#9150=CARTESIAN_POINT('',(-0.0544175047955022,-0.028063534719685,0.015));
#9151=CARTESIAN_POINT('',(-0.0532686757113051,-0.0274493430392752,0.015));
#9152=CARTESIAN_POINT('',(-0.054502284780802,-0.0278679862906979,0.015));
#9153=CARTESIAN_POINT('',(-0.0538978948649594,-0.0276549430769476,0.015));
#9154=CARTESIAN_POINT('',(-0.0545385426578776,-0.0276586471281776,0.0149999999999979));
#9155=CARTESIAN_POINT('',(-0.0538874241149043,-0.0276501449198404,0.015));
#9156=CARTESIAN_POINT('',(-0.0545231461658433,-0.0275101199068351,0.01499999975));
#9157=CARTESIAN_POINT('',(-0.0540842770555157,-0.0276125150574192,0.015));
#9158=CARTESIAN_POINT('',(-0.0544746885766926,-0.0273876135029992,0.0149999999));
#9159=CARTESIAN_POINT('',(-0.053711338296351,-0.027828904421866,0.015));
#9160=CARTESIAN_POINT('',(-0.0544002984460202,-0.0272786425276989,0.015));
#9161=CARTESIAN_POINT('',(-0.0534240935712432,-0.0280629793994493,0.015));
#9162=CARTESIAN_POINT('',(-0.0543068067573461,-0.0271746668445736,0.0149999999));
#9163=CARTESIAN_POINT('',(-0.0539898220086532,-0.0274923834460494,0.015));
#9164=CARTESIAN_POINT('',(-0.0541704567531943,-0.0270814798492593,0.01499999975));
#9165=CARTESIAN_POINT('',(-0.0538804240962605,-0.0277340993986138,0.015));
#9166=CARTESIAN_POINT('',(-0.0540081214981795,-0.0270314094890874,0.0149999999));
#9167=CARTESIAN_POINT('',(-0.053816954072038,-0.0280768515404777,0.015));
#9168=CARTESIAN_POINT('',(-0.0538369303796427,-0.027014258147338,0.015));
#9169=CARTESIAN_POINT('',(-0.0536655574292016,-0.0358617432076303,0.015000000000002));
#9170=CARTESIAN_POINT('',(-0.0536673978180062,-0.0270125987747934,0.015));
#9171=CARTESIAN_POINT('',(-0.0531195283162088,-0.0270125987747934,0.015));
#9172=CARTESIAN_POINT('',(-0.0534461481453975,-0.0282051345101546,0.015));
#9173=CARTESIAN_POINT('',(-0.0543206374763835,-0.0282051345101546,0.015));
#9174=CARTESIAN_POINT('',(-0.0525716588144114,-0.0282051345101546,0.015));
#9175=CARTESIAN_POINT('',(-0.0525716588144114,-0.0284158748233144,0.015));
#9176=CARTESIAN_POINT('',(-0.0525716588144114,-0.0286266151364742,0.015));
#9177=CARTESIAN_POINT('',(-0.0535465401843437,-0.0286266151364742,0.015));
#9178=CARTESIAN_POINT('',(-0.054521421554276,-0.0286266151364742,0.015));
#9179=CARTESIAN_POINT('',(-0.054521421554276,-0.028438276352666,0.015));
#9180=CARTESIAN_POINT('',(-0.054521421554276,-0.0282499375688578,0.015));
#9181=CARTESIAN_POINT('',(-0.0544210295153298,-0.0282275360395061,0.015));
#9182=CARTESIAN_POINT('',(-0.0535465401843437,-0.0292145861414319,0.015));
#9183=CARTESIAN_POINT('',(-0.054521421554276,-0.0292145861414319,0.015));
#9184=CARTESIAN_POINT('',(-0.0525716588144114,-0.0292145861414319,0.015));
#9185=CARTESIAN_POINT('',(-0.0525716588144114,-0.0294012655526955,0.015));
#9186=CARTESIAN_POINT('',(-0.0525716588144114,-0.0295879449639592,0.015));
#9187=CARTESIAN_POINT('',(-0.0526717742912669,-0.0296103464933108,0.015));
#9188=CARTESIAN_POINT('',(-0.0527718897681224,-0.0296327480226624,0.015));
#9189=CARTESIAN_POINT('',(-0.0541790376859139,-0.0296327480226624,0.015));
#9190=CARTESIAN_POINT('',(-0.054521421554276,-0.0296327480226624,0.015));
#9191=CARTESIAN_POINT('',(-0.054521421554276,-0.0294236670820472,0.015));
#9192=CARTESIAN_POINT('',(-0.0537917589135561,-0.0300459690408246,0.015));
#9193=CARTESIAN_POINT('',(-0.0529743541611669,-0.0299212054743244,0.015));
#9194=CARTESIAN_POINT('',(-0.0530107958206667,-0.0297743478131321,0.015));
#9195=CARTESIAN_POINT('',(-0.0528343928006343,-0.0297743478131321,0.015));
#9196=CARTESIAN_POINT('',(-0.0526575804070388,-0.0297743478131321,0.015));
#9197=CARTESIAN_POINT('',(-0.0533208130216842,-0.0301258783334802,0.015));
#9198=CARTESIAN_POINT('',(-0.0525835998714482,-0.029981732839562,0.01499999975));
#9199=CARTESIAN_POINT('',(-0.0542415627611579,-0.0302710481370367,0.015));
#9200=CARTESIAN_POINT('',(-0.0525584652004022,-0.0303103251450267,0.015));
#9201=CARTESIAN_POINT('',(-0.0527754850753022,-0.0303103251450267,0.015));
#9202=CARTESIAN_POINT('',(-0.0529927064187123,-0.0303103251450267,0.015));
#9203=CARTESIAN_POINT('',(-0.0539217784245388,-0.0300716381415258,0.015));
#9204=CARTESIAN_POINT('',(-0.0529623462006181,-0.0300752466103632,0.01499999975));
#9205=CARTESIAN_POINT('',(-0.0539566925308584,-0.0300765052524701,0.015));
#9206=CARTESIAN_POINT('',(-0.0534681213384454,-0.0286689695664723,0.0150000000000001));
#9207=CARTESIAN_POINT('',(-0.0532232391002442,-0.0321619083426711,0.015));
#9208=CARTESIAN_POINT('',(-0.0534671668642953,-0.0321704817674847,0.015));
#9209=CARTESIAN_POINT('',(-0.0539301318042291,-0.0321704817674847,0.015));
#9210=CARTESIAN_POINT('',(-0.0539439604275232,-0.0321704474122909,0.015));
#9211=CARTESIAN_POINT('',(-0.0539213661519748,-0.0336667782908006,0.015));
#9212=CARTESIAN_POINT('',(-0.0540252677054254,-0.032173820294281,0.01499999975));
#9213=CARTESIAN_POINT('',(-0.0539699684315647,-0.0330440902696829,0.015));
#9214=CARTESIAN_POINT('',(-0.0541342280969382,-0.0321876651833653,0.015));
#9215=CARTESIAN_POINT('',(-0.054066377648285,-0.032564485196087,0.015));
#9216=CARTESIAN_POINT('',(-0.0542342940186381,-0.0322206746599416,0.0149999999999989));
#9217=CARTESIAN_POINT('',(-0.0541903957647511,-0.032322958926568,0.015));
#9218=CARTESIAN_POINT('',(-0.0542932468164254,-0.0322809798500335,0.015));
#9219=CARTESIAN_POINT('',(-0.0544088607833363,-0.0322257941856369,0.015));
#9220=CARTESIAN_POINT('',(-0.0545248992674209,-0.0321704058927945,0.015));
#9221=CARTESIAN_POINT('',(-0.0542739171426644,-0.0321761904445086,0.015));
#9222=CARTESIAN_POINT('',(-0.0545039546628471,-0.0320753645100714,0.01499999975));
#9223=CARTESIAN_POINT('',(-0.0541481503458765,-0.0322252836085042,0.015));
#9224=CARTESIAN_POINT('',(-0.0544453393395849,-0.0319785703806818,0.0149999997500007));
#9225=CARTESIAN_POINT('',(-0.0541153921332957,-0.0322452167219041,0.015));
#9226=CARTESIAN_POINT('',(-0.0543607471749194,-0.0318991627844349,0.0149999999));
#9227=CARTESIAN_POINT('',(-0.0541521335956847,-0.0321955444068291,0.015));
#9228=CARTESIAN_POINT('',(-0.0542592820710566,-0.0318494042922562,0.015));
#9229=CARTESIAN_POINT('',(-0.0541135362595616,-0.0315351861976798,0.015));
#9230=CARTESIAN_POINT('',(-0.0544121487730817,-0.0317120383765279,0.01499999975));
#9231=CARTESIAN_POINT('',(-0.0538070388060898,-0.0313149611355356,0.015));
#9232=CARTESIAN_POINT('',(-0.054510810919085,-0.0314857140307606,0.015));
#9233=CARTESIAN_POINT('',(-0.0543795452017156,-0.0314857140307606,0.015));
#9234=CARTESIAN_POINT('',(-0.0542481465215208,-0.0314857140307606,0.015));
#9235=CARTESIAN_POINT('',(-0.0538780960344286,-0.0314107029951944,0.015));
#9236=CARTESIAN_POINT('',(-0.0541809719543891,-0.0316361625673995,0.015));
#9237=CARTESIAN_POINT('',(-0.0537630274549944,-0.0313264437245875,0.015));
#9238=CARTESIAN_POINT('',(-0.0540617503581338,-0.0317523198862542,0.015));
#9239=CARTESIAN_POINT('',(-0.0536969899617176,-0.0317523198862542,0.015));
#9240=CARTESIAN_POINT('',(-0.0533322006771946,-0.0317521119568383,0.015));
#9241=CARTESIAN_POINT('',(-0.0533005280650301,-0.0300577485120557,0.015));
#9242=CARTESIAN_POINT('',(-0.0530625565255121,-0.0317348964745362,0.015));
#9243=CARTESIAN_POINT('',(-0.0530625565255121,-0.0317348964745362,0.015));
#9244=CARTESIAN_POINT('',(-0.0529621644865659,-0.0317174730628183,0.015));
#9245=CARTESIAN_POINT('',(-0.0529154254932273,-0.0316759887492041,0.015));
#9246=CARTESIAN_POINT('',(-0.0529154254932273,-0.0316759887492041,0.015));
#9247=CARTESIAN_POINT('',(-0.053032709161887,-0.0315406584976133,0.015));
#9248=CARTESIAN_POINT('',(-0.0528567162851289,-0.0315739510023514,0.014999999999997));
#9249=CARTESIAN_POINT('',(-0.0536066403156008,-0.0314413709574082,0.015));
#9250=CARTESIAN_POINT('',(-0.0528449834982897,-0.0314304020535284,0.01499999975));
#9251=CARTESIAN_POINT('',(-0.05337659430255,-0.0314268409570033,0.015));
#9252=CARTESIAN_POINT('',(-0.0528637010725845,-0.0312871405042806,0.01499999975));
#9253=CARTESIAN_POINT('',(-0.0536826484397422,-0.0315109981965408,0.015));
#9254=CARTESIAN_POINT('',(-0.0529085241361416,-0.0311626949157263,0.0149999997500012));
#9255=CARTESIAN_POINT('',(-0.0534420905021014,-0.0314004585275807,0.015));
#9256=CARTESIAN_POINT('',(-0.052965747110934,-0.0310625651985713,0.01499999975));
#9257=CARTESIAN_POINT('',(-0.0542656666889216,-0.0319899593635049,0.015));
#9258=CARTESIAN_POINT('',(-0.0530141044436022,-0.030998376605486,0.015));
#9259=CARTESIAN_POINT('',(-0.052894959898511,-0.0309206976793361,0.015));
#9260=CARTESIAN_POINT('',(-0.0527754228766354,-0.0308427628692501,0.015));
#9261=CARTESIAN_POINT('',(-0.0530801054639432,-0.0311505044877647,0.015));
#9262=CARTESIAN_POINT('',(-0.0526978667867109,-0.0309464658953145,0.01499999975));
#9263=CARTESIAN_POINT('',(-0.0534998357610365,-0.031397357817195,0.015));
#9264=CARTESIAN_POINT('',(-0.0526269901141642,-0.0311054471755628,0.01499999975));
#9265=CARTESIAN_POINT('',(-0.0538798955609367,-0.0315292976901419,0.015));
#9266=CARTESIAN_POINT('',(-0.05257692810816,-0.0313009730052104,0.01499999975));
#9267=CARTESIAN_POINT('',(-0.0537916509235263,-0.0315165949187828,0.015));
#9268=CARTESIAN_POINT('',(-0.052557856256525,-0.0315205608338698,0.01499999975));
#9269=CARTESIAN_POINT('',(-0.0535384385690318,-0.031522316941188,0.015));
#9270=CARTESIAN_POINT('',(-0.0525786122070443,-0.0317227198502162,0.0149999999999914));
#9271=CARTESIAN_POINT('',(-0.0531476648874943,-0.0316076239130708,0.015));
#9272=CARTESIAN_POINT('',(-0.0526476682566577,-0.0319025204643601,0.015));
#9273=CARTESIAN_POINT('',(-0.0530654373707861,-0.0316492376129864,0.015));
#9274=CARTESIAN_POINT('',(-0.0527773433780153,-0.0320442044368783,0.0149999999999996));
#9275=CARTESIAN_POINT('',(-0.0530657122805408,-0.0316362137305036,0.015));
#9276=CARTESIAN_POINT('',(-0.0529793475815071,-0.0321287907304256,0.01499999975));
#9277=CARTESIAN_POINT('',(-0.0533567469652031,-0.0302518422802886,0.0150000000000001));
#9278=CARTESIAN_POINT('',(-0.0539069191916519,-0.0314024021411047,0.015));
#9279=CARTESIAN_POINT('',(-0.0536432807402509,-0.0312472844561791,0.015));
#9280=CARTESIAN_POINT('',(-0.0537519131878605,-0.0311381393515737,0.015));
#9281=CARTESIAN_POINT('',(-0.0539177068442733,-0.0314426006052935,0.015));
#9282=CARTESIAN_POINT('',(-0.0539334505493182,-0.0310952083586062,0.015));
#9283=CARTESIAN_POINT('',(-0.0539334505493182,-0.0310952083586062,0.015));
#9284=CARTESIAN_POINT('',(-0.0540894315685074,-0.0310952083586062,0.015));
#9285=CARTESIAN_POINT('',(-0.0541654861434667,-0.031159094201572,0.015));
#9286=CARTESIAN_POINT('',(-0.0541654861434667,-0.031159094201572,0.015));
#9287=CARTESIAN_POINT('',(-0.0539836606286018,-0.0313594727046432,0.015));
#9288=CARTESIAN_POINT('',(-0.0542544971635804,-0.0313441142402911,0.015));
#9289=CARTESIAN_POINT('',(-0.054395309240889,-0.0313441142402911,0.015));
#9290=CARTESIAN_POINT('',(-0.0545354168264421,-0.0313441142402911,0.015));
#9291=CARTESIAN_POINT('',(-0.0543116489952597,-0.0313064837197125,0.015));
#9292=CARTESIAN_POINT('',(-0.0545385069762211,-0.0312993120018745,0.01499999975));
#9293=CARTESIAN_POINT('',(-0.053716183881694,-0.0312959893201171,0.015));
#9294=CARTESIAN_POINT('',(-0.0545075647699301,-0.0310728146203944,0.0149999999999952));
#9295=CARTESIAN_POINT('',(-0.0540096088893899,-0.0312104697181728,0.015));
#9296=CARTESIAN_POINT('',(-0.0544075928362471,-0.0308810502500644,0.015));
#9297=CARTESIAN_POINT('',(-0.0540589926351186,-0.0311816591700481,0.015));
#9298=CARTESIAN_POINT('',(-0.0542241779779184,-0.0307512685300447,0.01499999975));
#9299=CARTESIAN_POINT('',(-0.0539668145223512,-0.0314530986753696,0.015));
#9300=CARTESIAN_POINT('',(-0.0539439522366468,-0.0307050418764484,0.01499999975));
#9301=CARTESIAN_POINT('',(-0.0539282722977098,-0.0312424959968019,0.015));
#9302=CARTESIAN_POINT('',(-0.0536692356354471,-0.0307720014594767,0.01499999975));
#9303=CARTESIAN_POINT('',(-0.0539660782358528,-0.0312906522987081,0.015));
#9304=CARTESIAN_POINT('',(-0.0534789988234572,-0.0309449932612037,0.015));
#9305=CARTESIAN_POINT('',(-0.0540946732247004,-0.0313732515486796,0.015));
#9306=CARTESIAN_POINT('',(-0.0533685171998116,-0.0311851126508015,0.01499999975));
#9307=CARTESIAN_POINT('',(-0.0543783541117958,-0.0314581236269478,0.015));
#9308=CARTESIAN_POINT('',(-0.0533322010662808,-0.0314580578214645,0.015));
#9309=CARTESIAN_POINT('',(-0.053332204564004,-0.0315341123966438,0.015));
#9310=CARTESIAN_POINT('',(-0.053332204564004,-0.0316101669716031,0.015));
#9311=CARTESIAN_POINT('',(-0.0534549981323018,-0.0316101669716031,0.015));
#9312=CARTESIAN_POINT('',(-0.0535777917005997,-0.0316101669716031,0.015));
#9313=CARTESIAN_POINT('',(-0.0535777917005997,-0.0315722779651688,0.015));
#9314=CARTESIAN_POINT('',(-0.053577760394291,-0.0315343887703964,0.015));
#9315=CARTESIAN_POINT('',(-0.0543910213507132,-0.0315392813331737,0.015));
#9316=CARTESIAN_POINT('',(-0.0535916502903034,-0.031389199459497,0.01499999975));
#9317=CARTESIAN_POINT('',(-0.0540245429036305,-0.0314665159011117,0.015));
#9318=CARTESIAN_POINT('',(-0.0519770503192754,-0.0232281231248209,0.015));
#9319=CARTESIAN_POINT('',(-0.0519770503192754,-0.0230223609292948,0.015));
#9320=CARTESIAN_POINT('',(-0.0519770503192754,-0.023433885320347,0.015));
#9321=CARTESIAN_POINT('',(-0.0532492359367757,-0.0238763846655645,0.015));
#9322=CARTESIAN_POINT('',(-0.054521421554276,-0.024318884010782,0.015));
#9323=CARTESIAN_POINT('',(-0.054521421554276,-0.0241045483904423,0.015));
#9324=CARTESIAN_POINT('',(-0.054521421554276,-0.0238902127701025,0.015));
#9325=CARTESIAN_POINT('',(-0.0535672823411508,-0.023559997633734,0.015));
#9326=CARTESIAN_POINT('',(-0.0526131431280256,-0.0232297824973654,0.015));
#9327=CARTESIAN_POINT('',(-0.0535672823411508,-0.0228962486159077,0.015));
#9328=CARTESIAN_POINT('',(-0.054521421554276,-0.0225627147344501,0.015));
#9329=CARTESIAN_POINT('',(-0.054521421554276,-0.0223467197415658,0.015));
#9330=CARTESIAN_POINT('',(-0.054521421554276,-0.0221307247486815,0.015));
#9331=CARTESIAN_POINT('',(-0.0532492359367757,-0.0225765428389881,0.015));
#9332=CARTESIAN_POINT('',(-0.0535100339883633,-0.0351921991711386,0.015));
#9333=CARTESIAN_POINT('',(-0.0536845446676334,-0.0351921991711386,0.015));
#9334=CARTESIAN_POINT('',(-0.0533355233090931,-0.0351921991711386,0.015));
#9335=CARTESIAN_POINT('',(-0.0533355233090931,-0.0357417280454806,0.015));
#9336=CARTESIAN_POINT('',(-0.0533355233090931,-0.0362912569198225,0.015));
#9337=CARTESIAN_POINT('',(-0.0535100339883633,-0.0362912569198225,0.015));
#9338=CARTESIAN_POINT('',(-0.0536845446676334,-0.0362912569198225,0.015));
#9339=CARTESIAN_POINT('',(-0.0536845446676334,-0.0357417280454806,0.015));
#9340=CARTESIAN_POINT('',(-0.053501710783227,-0.03350202985245,0.015));
#9341=CARTESIAN_POINT('',(-0.0544386247979434,-0.0339576259979818,0.015));
#9342=CARTESIAN_POINT('',(-0.054509235811992,-0.0337676236502076,0.015));
#9343=CARTESIAN_POINT('',(-0.0536775405592365,-0.0335456767641784,0.015));
#9344=CARTESIAN_POINT('',(-0.0545382472956051,-0.0335394545666196,0.015));
#9345=CARTESIAN_POINT('',(-0.0538767497076137,-0.0335225072439267,0.015));
#9346=CARTESIAN_POINT('',(-0.0544541768856761,-0.0332005433309857,0.01499999975));
#9347=CARTESIAN_POINT('',(-0.0538124692012939,-0.0335745322824267,0.015));
#9348=CARTESIAN_POINT('',(-0.0542274729076105,-0.0329586283731,0.014999999999999));
#9349=CARTESIAN_POINT('',(-0.0536757767815381,-0.0337827577691438,0.015));
#9350=CARTESIAN_POINT('',(-0.0539024587924909,-0.032816882544795,0.01499999975));
#9351=CARTESIAN_POINT('',(-0.0535262642488128,-0.0343724063617699,0.015));
#9352=CARTESIAN_POINT('',(-0.0535186074131768,-0.032771727752799,0.015));
#9353=CARTESIAN_POINT('',(-0.0535186074131768,-0.032771727752799,0.015));
#9354=CARTESIAN_POINT('',(-0.0532492359367757,-0.032771727752799,0.015));
#9355=CARTESIAN_POINT('',(-0.0530658752706012,-0.0328461229552136,0.015));
#9356=CARTESIAN_POINT('',(-0.0530658752706012,-0.0328461229552136,0.015));
#9357=CARTESIAN_POINT('',(-0.0533819685844317,-0.0336782958853049,0.015));
#9358=CARTESIAN_POINT('',(-0.0527668076181953,-0.0330362872544689,0.01499999975));
#9359=CARTESIAN_POINT('',(-0.0532326031281609,-0.0335136115748031,0.015));
#9360=CARTESIAN_POINT('',(-0.0526029027269931,-0.0332958106319515,0.0149999997500002));
#9361=CARTESIAN_POINT('',(-0.053433480935176,-0.0335846671664703,0.015));
#9362=CARTESIAN_POINT('',(-0.0525544623148589,-0.0335776290732214,0.01499999975));
#9363=CARTESIAN_POINT('',(-0.0533958040396625,-0.0335819833427442,0.015));
#9364=CARTESIAN_POINT('',(-0.0525785869739981,-0.0337811762208557,0.0149999997500006));
#9365=CARTESIAN_POINT('',(-0.0532641908756178,-0.0336160238562499,0.015));
#9366=CARTESIAN_POINT('',(-0.0526473305294557,-0.0339576259979818,0.015));
#9367=CARTESIAN_POINT('',(-0.0528307974934544,-0.0339576259979818,0.015));
#9368=CARTESIAN_POINT('',(-0.053014171888374,-0.0339576235400711,0.015));
#9369=CARTESIAN_POINT('',(-0.0533022442645613,-0.0336309488503572,0.015));
#9370=CARTESIAN_POINT('',(-0.0529137556112312,-0.0338279237295436,0.01499999975));
#9371=CARTESIAN_POINT('',(-0.0532246675543922,-0.0336700500618966,0.015));
#9372=CARTESIAN_POINT('',(-0.0528759380293332,-0.0336672352083009,0.015));
#9373=CARTESIAN_POINT('',(-0.053220952487367,-0.0336634524729548,0.015));
#9374=CARTESIAN_POINT('',(-0.05292948386443,-0.0334788673036278,0.015));
#9375=CARTESIAN_POINT('',(-0.0533264303599644,-0.0337331055938051,0.015));
#9376=CARTESIAN_POINT('',(-0.0530730412251214,-0.0333353217657364,0.0149999999999992));
#9377=CARTESIAN_POINT('',(-0.0534511796565763,-0.0339337367306079,0.015));
#9378=CARTESIAN_POINT('',(-0.0532838218542358,-0.033245547020373,0.01499999975));
#9379=CARTESIAN_POINT('',(-0.0535334010096692,-0.0342330847513766,0.015));
#9380=CARTESIAN_POINT('',(-0.0535396265694876,-0.0332142914860711,0.015));
#9381=CARTESIAN_POINT('',(-0.0535464563506819,-0.0342196488862291,0.015));
#9382=CARTESIAN_POINT('',(-0.053800683384748,-0.0332472093294701,0.0149999999999992));
#9383=CARTESIAN_POINT('',(-0.0536286522658998,-0.0339312535426779,0.015));
#9384=CARTESIAN_POINT('',(-0.0540134028151662,-0.0333405751773518,0.01499999975));
#9385=CARTESIAN_POINT('',(-0.0537441617204763,-0.0337505276919633,0.015));
#9386=CARTESIAN_POINT('',(-0.0541566924579468,-0.0334857752019607,0.01499999975));
#9387=CARTESIAN_POINT('',(-0.0538639829910834,-0.0336701288610335,0.015));
#9388=CARTESIAN_POINT('',(-0.0542099156922614,-0.0336744278249886,0.015));
#9389=CARTESIAN_POINT('',(-0.0538800440261753,-0.03368018637622,0.015));
#9390=CARTESIAN_POINT('',(-0.0541738513120817,-0.0338298896403357,0.01499999975));
#9391=CARTESIAN_POINT('',(-0.0537098895821182,-0.0335840289083836,0.015));
#9392=CARTESIAN_POINT('',(-0.0540789222090585,-0.0339576259979818,0.015));
#9393=CARTESIAN_POINT('',(-0.0542586875680531,-0.0339576259979818,0.015));
#9394=CARTESIAN_POINT('',(-0.0526701149187223,-0.0341219038798938,0.015));
#9395=CARTESIAN_POINT('',(-0.0527685710230332,-0.0340992257884514,0.015));
#9396=CARTESIAN_POINT('',(-0.0525716588144114,-0.0341445819713362,0.015));
#9397=CARTESIAN_POINT('',(-0.0525716588144114,-0.0343312613825998,0.015));
#9398=CARTESIAN_POINT('',(-0.0525716588144114,-0.0345179407938635,0.015));
#9399=CARTESIAN_POINT('',(-0.0535465401843437,-0.0345160048592281,0.015));
#9400=CARTESIAN_POINT('',(-0.0545214069820264,-0.0345137013579931,0.015));
#9401=CARTESIAN_POINT('',(-0.0544821594942618,-0.0335237330292752,0.015));
#9402=CARTESIAN_POINT('',(-0.0548810362057448,-0.0344296373872614,0.01499999975));
#9403=CARTESIAN_POINT('',(-0.054569504605658,-0.0337483229082841,0.015));
#9404=CARTESIAN_POINT('',(-0.0551266491702326,-0.0342481142628451,0.01499999975));
#9405=CARTESIAN_POINT('',(-0.0546316835895304,-0.0338156393640813,0.015));
#9406=CARTESIAN_POINT('',(-0.0552648508578296,-0.0339922045537621,0.0149999997500001));
#9407=CARTESIAN_POINT('',(-0.0541774219796773,-0.0336901677076631,0.015));
#9408=CARTESIAN_POINT('',(-0.0553062512926757,-0.0336810647968656,0.01499999975));
#9409=CARTESIAN_POINT('',(-0.0541819434066009,-0.0336833578026964,0.015));
#9410=CARTESIAN_POINT('',(-0.0552387690784552,-0.0332991512372359,0.01499999975));
#9411=CARTESIAN_POINT('',(-0.054595745609809,-0.0335262142583079,0.015));
#9412=CARTESIAN_POINT('',(-0.0550125013297283,-0.0329864355266924,0.015));
#9413=CARTESIAN_POINT('',(-0.0548931210042587,-0.0331071975688919,0.015));
#9414=CARTESIAN_POINT('',(-0.0547736461810499,-0.0332280552025545,0.015));
#9415=CARTESIAN_POINT('',(-0.0546190781996824,-0.03349547142292,0.015));
#9416=CARTESIAN_POINT('',(-0.054870712736134,-0.0333165601124612,0.014999999750001));
#9417=CARTESIAN_POINT('',(-0.054487501483722,-0.0335909993966637,0.015));
#9418=CARTESIAN_POINT('',(-0.0549293640632459,-0.0334271748535468,0.01499999975));
#9419=CARTESIAN_POINT('',(-0.0543767416004879,-0.033630364391057,0.015));
#9420=CARTESIAN_POINT('',(-0.054958640721467,-0.0335411276638094,0.0149999999999878));
#9421=CARTESIAN_POINT('',(-0.0542710507436457,-0.0336513909162131,0.015));
#9422=CARTESIAN_POINT('',(-0.0549672396445826,-0.0336428983386959,0.015));
#9423=CARTESIAN_POINT('',(-0.0549672396445826,-0.0336428983386959,0.015));
#9424=CARTESIAN_POINT('',(-0.0549672396445826,-0.0338575105211264,0.015));
#9425=CARTESIAN_POINT('',(-0.0548427867037402,-0.0339783681547889,0.015));
#9426=CARTESIAN_POINT('',(-0.0548427867037402,-0.0339783681547889,0.015));
#9427=CARTESIAN_POINT('',(-0.0548427867037402,-0.0339783681547889,0.015));
#9428=CARTESIAN_POINT('',(-0.0547183337628978,-0.0340992257884514,0.015));
#9429=CARTESIAN_POINT('',(-0.0544174342081499,-0.0340992257884514,0.015));
#9430=CARTESIAN_POINT('',(-0.0544174342081499,-0.0340992257884514,0.015));
#9431=CARTESIAN_POINT('',(-0.0535930026155915,-0.0340992257884514,0.015));
#9432=CARTESIAN_POINT('',(-0.0538524178567253,-0.0229463063543355,0.015));
#9433=CARTESIAN_POINT('',(-0.0539926348367411,-0.0228979079884523,0.015));
#9434=CARTESIAN_POINT('',(-0.0537122008767095,-0.0229947047202186,0.015));
#9435=CARTESIAN_POINT('',(-0.0537122008767095,-0.0232264637522763,0.015));
#9436=CARTESIAN_POINT('',(-0.0537122008767095,-0.0234582227843339,0.015));
#9437=CARTESIAN_POINT('',(-0.0538524178567253,-0.0235082805227617,0.015));
#9438=CARTESIAN_POINT('',(-0.0539926348367411,-0.0235583382611894,0.015));
#9439=CARTESIAN_POINT('',(-0.0539926348367411,-0.0232281231248209,0.015));
#9440=CARTESIAN_POINT('',(0.02525,-0.0025,0.015));
#9441=CARTESIAN_POINT('',(0.02925,-0.0025,0.015));
#9442=CARTESIAN_POINT('',(0.0452,0.002,0.015));
#9443=CARTESIAN_POINT('',(0.0452,0.0457,0.015));
#9444=CARTESIAN_POINT('',(0.0452,-0.0417,0.015));
#9445=CARTESIAN_POINT('',(0.0422,0.0457,0.015));
#9446=CARTESIAN_POINT('',(0.0422,0.0487,0.015));
#9447=CARTESIAN_POINT('',(-0.00775,0.0487,0.015));
#9448=CARTESIAN_POINT('',(-0.0577,0.0487,0.015));
#9449=CARTESIAN_POINT('',(-0.0577,0.0457,0.015));
#9450=CARTESIAN_POINT('',(-0.0607,0.0457,0.015));
#9451=CARTESIAN_POINT('',(-0.0607,0.002,0.015));
#9452=CARTESIAN_POINT('',(-0.0607,-0.0417,0.015));
#9453=CARTESIAN_POINT('',(-0.0577,-0.0417,0.015));
#9454=CARTESIAN_POINT('',(-0.0577,-0.0447,0.015));
#9455=CARTESIAN_POINT('',(-0.00775,-0.0447,0.015));
#9456=CARTESIAN_POINT('',(0.0422,-0.0447,0.015));
#9457=CARTESIAN_POINT('',(0.0422,-0.0417,0.015));
#9458=CARTESIAN_POINT('',(0.000460000000000009,-0.00758,0.015));
#9459=CARTESIAN_POINT('',(0.000460000000000006,-0.01458,0.015));
#9460=CARTESIAN_POINT('',(0.000460000000000011,-0.00058,0.015));
#9461=CARTESIAN_POINT('',(-0.00654,-0.01458,0.015));
#9462=CARTESIAN_POINT('',(-0.01354,-0.01458,0.015));
#9463=CARTESIAN_POINT('',(-0.01354,-0.00758,0.015));
#9464=CARTESIAN_POINT('',(-0.01354,-0.00058,0.015));
#9465=CARTESIAN_POINT('',(-0.00654,-0.00058,0.015));
#9466=CARTESIAN_POINT('',(-0.00558,-0.0375,0.015));
#9467=CARTESIAN_POINT('',(-0.01258,-0.0375,0.015));
#9468=CARTESIAN_POINT('',(0.00142000000000002,-0.0375,0.015));
#9469=CARTESIAN_POINT('',(-0.01258,-0.0305,0.015));
#9470=CARTESIAN_POINT('',(-0.01258,-0.0235,0.015));
#9471=CARTESIAN_POINT('',(-0.00558,-0.0235,0.015));
#9472=CARTESIAN_POINT('',(0.00142000000000002,-0.0235,0.015));
#9473=CARTESIAN_POINT('',(0.00142000000000002,-0.0305,0.015));
#9474=CARTESIAN_POINT('',(-0.03508,-0.03054,0.015));
#9475=CARTESIAN_POINT('',(-0.03508,-0.02354,0.015));
#9476=CARTESIAN_POINT('',(-0.03508,-0.03754,0.015));
#9477=CARTESIAN_POINT('',(-0.02808,-0.02354,0.015));
#9478=CARTESIAN_POINT('',(-0.02108,-0.02354,0.015));
#9479=CARTESIAN_POINT('',(-0.02108,-0.03054,0.015));
#9480=CARTESIAN_POINT('',(-0.02108,-0.03754,0.015));
#9481=CARTESIAN_POINT('',(-0.02808,-0.03754,0.015));
#9482=CARTESIAN_POINT('',(0.02431,-0.03054,0.015));
#9483=CARTESIAN_POINT('',(0.02431,-0.03754,0.015));
#9484=CARTESIAN_POINT('',(0.02431,-0.02354,0.015));
#9485=CARTESIAN_POINT('',(0.01731,-0.03754,0.015));
#9486=CARTESIAN_POINT('',(0.01031,-0.03754,0.015));
#9487=CARTESIAN_POINT('',(0.01031,-0.03054,0.015));
#9488=CARTESIAN_POINT('',(0.01031,-0.02354,0.015));
#9489=CARTESIAN_POINT('',(0.01731,-0.02354,0.015));
#9490=CARTESIAN_POINT('',(0.0074430653573818,0.0290225830972195,0.015));
#9491=CARTESIAN_POINT('',(0.00744306535738179,0.0230225830972195,0.015));
#9492=CARTESIAN_POINT('',(0.00744306535738179,0.0350225830972195,0.015));
#9493=CARTESIAN_POINT('',(-0.00555693464261821,0.0230225830972195,0.015));
#9494=CARTESIAN_POINT('',(-0.0185569346426182,0.0230225830972195,0.015));
#9495=CARTESIAN_POINT('',(-0.0185569346426182,0.0290225830972195,0.015));
#9496=CARTESIAN_POINT('',(-0.0185569346426182,0.0350225830972195,0.015));
#9497=CARTESIAN_POINT('',(-0.00555693464261821,0.0350225830972195,0.015));
#9498=CARTESIAN_POINT('',(-0.00775,0.002,0.012));
#9499=CARTESIAN_POINT('',(-0.00775,-0.03754,0.012));
#9500=CARTESIAN_POINT('',(0.02431,-0.03754,0.012));
#9501=CARTESIAN_POINT('',(0.01031,-0.03754,0.012));
#9502=CARTESIAN_POINT('',(0.02431,0.002,0.012));
#9503=CARTESIAN_POINT('',(0.02431,-0.02354,0.012));
#9504=CARTESIAN_POINT('',(-0.00775,-0.02354,0.012));
#9505=CARTESIAN_POINT('',(0.01031,-0.02354,0.012));
#9506=CARTESIAN_POINT('',(0.01031,0.002,0.012));
#9507=CARTESIAN_POINT('',(-0.01258,0.002,0.012));
#9508=CARTESIAN_POINT('',(-0.01258,-0.0375,0.012));
#9509=CARTESIAN_POINT('',(-0.01258,-0.0235,0.012));
#9510=CARTESIAN_POINT('',(-0.00775,-0.0375,0.012));
#9511=CARTESIAN_POINT('',(0.00142000000000002,-0.0375,0.012));
#9512=CARTESIAN_POINT('',(0.00142000000000003,0.002,0.012));
#9513=CARTESIAN_POINT('',(0.00142000000000002,-0.0235,0.012));
#9514=CARTESIAN_POINT('',(-0.00775,-0.0235,0.012));
#9515=CARTESIAN_POINT('',(-0.00775,0.0457,0.012));
#9516=CARTESIAN_POINT('',(-0.0577,0.0457,0.012));
#9517=CARTESIAN_POINT('',(0.0422,0.0457,0.012));
#9518=CARTESIAN_POINT('',(0.0422,0.002,0.012));
#9519=CARTESIAN_POINT('',(0.0422,-0.0417,0.012));
#9520=CARTESIAN_POINT('',(-0.00775,-0.0417,0.012));
#9521=CARTESIAN_POINT('',(-0.0577,-0.0417,0.012));
#9522=CARTESIAN_POINT('',(-0.0577,0.002,0.012));
#9523=CARTESIAN_POINT('',(0.0345,0.0405,0.012));
#9524=CARTESIAN_POINT('',(0.038,0.0405,0.012));
#9525=CARTESIAN_POINT('',(-0.0525,0.0405,0.012));
#9526=CARTESIAN_POINT('',(-0.049,0.0405,0.012));
#9527=CARTESIAN_POINT('',(-0.0525,-0.0365,0.012));
#9528=CARTESIAN_POINT('',(-0.049,-0.0365,0.012));
#9529=CARTESIAN_POINT('',(0.0345,-0.0365,0.012));
#9530=CARTESIAN_POINT('',(0.038,-0.0365,0.012));
#9531=CARTESIAN_POINT('',(0.02525,-0.0025,0.012));
#9532=CARTESIAN_POINT('',(0.02925,-0.0025,0.012));
#9533=CARTESIAN_POINT('',(-0.00775,-0.01458,0.012));
#9534=CARTESIAN_POINT('',(0.000460000000000006,-0.01458,0.012));
#9535=CARTESIAN_POINT('',(-0.01354,-0.01458,0.012));
#9536=CARTESIAN_POINT('',(0.000460000000000013,0.002,0.012));
#9537=CARTESIAN_POINT('',(0.000460000000000011,-0.00058,0.012));
#9538=CARTESIAN_POINT('',(-0.00775,-0.00058,0.012));
#9539=CARTESIAN_POINT('',(-0.01354,-0.00058,0.012));
#9540=CARTESIAN_POINT('',(-0.01354,0.002,0.012));
#9541=CARTESIAN_POINT('',(-0.00775,-0.02354,0.012));
#9542=CARTESIAN_POINT('',(-0.03508,-0.02354,0.012));
#9543=CARTESIAN_POINT('',(-0.02108,-0.02354,0.012));
#9544=CARTESIAN_POINT('',(-0.03508,0.002,0.012));
#9545=CARTESIAN_POINT('',(-0.03508,-0.03754,0.012));
#9546=CARTESIAN_POINT('',(-0.00775,-0.03754,0.012));
#9547=CARTESIAN_POINT('',(-0.02108,-0.03754,0.012));
#9548=CARTESIAN_POINT('',(-0.02108,0.002,0.012));
#9549=CARTESIAN_POINT('',(-0.00775,0.0230225830972195,0.012));
#9550=CARTESIAN_POINT('',(0.00744306535738179,0.0230225830972195,0.012));
#9551=CARTESIAN_POINT('',(-0.0185569346426182,0.0230225830972195,0.012));
#9552=CARTESIAN_POINT('',(0.0074430653573818,0.002,0.012));
#9553=CARTESIAN_POINT('',(0.00744306535738179,0.0350225830972195,0.012));
#9554=CARTESIAN_POINT('',(-0.00775,0.0350225830972195,0.012));
#9555=CARTESIAN_POINT('',(-0.0185569346426182,0.0350225830972195,0.012));
#9556=CARTESIAN_POINT('',(-0.0185569346426182,0.002,0.012));
#9557=CARTESIAN_POINT('',(0.,0.,0.));
#9558=CARTESIAN_POINT('',(-0.00775,0.0487,0.));
#9559=CARTESIAN_POINT('',(-0.0577,0.0487,0.));
#9560=CARTESIAN_POINT('',(0.0422,0.0487,0.));
#9561=CARTESIAN_POINT('',(0.0422,0.0457,0.));
#9562=CARTESIAN_POINT('',(0.0452,0.0457,0.));
#9563=CARTESIAN_POINT('',(0.0452,0.002,0.));
#9564=CARTESIAN_POINT('',(0.0452,-0.0417,0.));
#9565=CARTESIAN_POINT('',(0.0422,-0.0417,0.));
#9566=CARTESIAN_POINT('',(0.0422,-0.0447,0.));
#9567=CARTESIAN_POINT('',(-0.00775,-0.0447,0.));
#9568=CARTESIAN_POINT('',(-0.0577,-0.0447,0.));
#9569=CARTESIAN_POINT('',(-0.0577,-0.0417,0.));
#9570=CARTESIAN_POINT('',(-0.0607,-0.0417,0.));
#9571=CARTESIAN_POINT('',(-0.0607,0.002,0.));
#9572=CARTESIAN_POINT('',(-0.0607,0.0457,0.));
#9573=CARTESIAN_POINT('',(-0.0577,0.0457,0.));
#9574=CARTESIAN_POINT('',(-0.00775,0.0457,0.));
#9575=CARTESIAN_POINT('',(-0.0577,0.0457,0.));
#9576=CARTESIAN_POINT('',(0.0422,0.0457,0.));
#9577=CARTESIAN_POINT('',(-0.0577,0.002,0.));
#9578=CARTESIAN_POINT('',(-0.0577,-0.0417,0.));
#9579=CARTESIAN_POINT('',(-0.00775,-0.0417,0.));
#9580=CARTESIAN_POINT('',(0.0422,-0.0417,0.));
#9581=CARTESIAN_POINT('',(0.0422,0.002,0.));
#9582=CARTESIAN_POINT('',(-0.00775,0.0487,0.015));
#9583=CARTESIAN_POINT('',(0.0422,0.0487,0.015));
#9584=CARTESIAN_POINT('',(-0.0577,0.0487,0.015));
#9585=CARTESIAN_POINT('',(-0.0607,0.002,0.015));
#9586=CARTESIAN_POINT('',(-0.0607,-0.0417,0.015));
#9587=CARTESIAN_POINT('',(-0.0607,0.0457,0.));
#9588=CARTESIAN_POINT('',(-0.00775,-0.0447,0.015));
#9589=CARTESIAN_POINT('',(0.0422,-0.0447,0.015));
#9590=CARTESIAN_POINT('',(-0.0577,-0.0447,0.015));
#9591=CARTESIAN_POINT('',(0.0452,0.002,0.015));
#9592=CARTESIAN_POINT('',(0.0452,0.0457,0.015));
#9593=CARTESIAN_POINT('',(0.0452,-0.0417,0.));
#9594=CARTESIAN_POINT('',(-0.00775,0.0457,0.015));
#9595=CARTESIAN_POINT('',(0.0422,0.0457,0.015));
#9596=CARTESIAN_POINT('',(-0.0577,0.0457,0.015));
#9597=CARTESIAN_POINT('',(-0.0577,0.002,0.015));
#9598=CARTESIAN_POINT('',(-0.0577,-0.0417,0.015));
#9599=CARTESIAN_POINT('',(-0.00775,-0.0417,0.015));
#9600=CARTESIAN_POINT('',(0.0422,-0.0417,0.015));
#9601=CARTESIAN_POINT('',(0.0422,0.002,0.015));
#9602=CARTESIAN_POINT('',(-0.163,0.09,-0.00449));
#9603=CARTESIAN_POINT('',(0.0345,0.0405,-0.00449));
#9604=CARTESIAN_POINT('',(0.0361,0.0405,-0.00449));
#9605=CARTESIAN_POINT('',(0.0345,0.0405,-0.00449));
#9606=CARTESIAN_POINT('',(0.038,0.0405,-0.00449));
#9607=CARTESIAN_POINT('',(0.0345,0.0405,-0.004492));
#9608=CARTESIAN_POINT('',(0.0345,0.0405,0.012));
#9609=CARTESIAN_POINT('',(0.0329,0.0405,0.012));
#9610=CARTESIAN_POINT('',(0.0345,0.0405,-0.004492));
#9611=CARTESIAN_POINT('',(-0.163,0.09,-0.00449));
#9612=CARTESIAN_POINT('',(-0.0525,0.0405,-0.00449));
#9613=CARTESIAN_POINT('',(-0.0509,0.0405,-0.00449));
#9614=CARTESIAN_POINT('',(-0.0525,0.0405,-0.00449));
#9615=CARTESIAN_POINT('',(-0.049,0.0405,-0.00449));
#9616=CARTESIAN_POINT('',(-0.0525,0.0405,-0.004492));
#9617=CARTESIAN_POINT('',(-0.0525,0.0405,0.012));
#9618=CARTESIAN_POINT('',(-0.0541,0.0405,0.012));
#9619=CARTESIAN_POINT('',(-0.0525,0.0405,-0.004492));
#9620=CARTESIAN_POINT('',(-0.163,0.09,-0.00449));
#9621=CARTESIAN_POINT('',(-0.0525,-0.0365,-0.00449));
#9622=CARTESIAN_POINT('',(-0.0509,-0.0365,-0.00449));
#9623=CARTESIAN_POINT('',(-0.0525,-0.0365,-0.00449));
#9624=CARTESIAN_POINT('',(-0.049,-0.0365,-0.00449));
#9625=CARTESIAN_POINT('',(-0.0525,-0.0365,-0.004492));
#9626=CARTESIAN_POINT('',(-0.0525,-0.0365,0.012));
#9627=CARTESIAN_POINT('',(-0.0541,-0.0365,0.012));
#9628=CARTESIAN_POINT('',(-0.0525,-0.0365,-0.004492));
#9629=CARTESIAN_POINT('',(-0.163,0.09,-0.00449));
#9630=CARTESIAN_POINT('',(0.0345,-0.0365,-0.00449));
#9631=CARTESIAN_POINT('',(0.0361,-0.0365,-0.00449));
#9632=CARTESIAN_POINT('',(0.0345,-0.0365,-0.00449));
#9633=CARTESIAN_POINT('',(0.038,-0.0365,-0.00449));
#9634=CARTESIAN_POINT('',(0.0345,-0.0365,-0.004492));
#9635=CARTESIAN_POINT('',(0.0345,-0.0365,0.012));
#9636=CARTESIAN_POINT('',(0.0329,-0.0365,0.012));
#9637=CARTESIAN_POINT('',(0.0345,-0.0365,-0.004492));
#9638=CARTESIAN_POINT('',(-0.00775,0.002,0.012));
#9639=CARTESIAN_POINT('',(-0.00775,0.002,0.012));
#9640=CARTESIAN_POINT('',(-0.00775,0.002,0.012));
#9641=CARTESIAN_POINT('',(-0.00775,0.002,0.012));
#9642=CARTESIAN_POINT('',(0.02525,-0.0025,-0.182940816448577));
#9643=CARTESIAN_POINT('',(-0.00654,-0.01458,-0.182940816448577));
#9644=CARTESIAN_POINT('',(-0.01354,-0.01458,-0.182940816448577));
#9645=CARTESIAN_POINT('',(0.000460000000000006,-0.01458,-0.182940816448577));
#9646=CARTESIAN_POINT('',(0.000460000000000009,-0.00758,-0.182940816448577));
#9647=CARTESIAN_POINT('',(0.000460000000000011,-0.00058,-0.182940816448577));
#9648=CARTESIAN_POINT('',(-0.00654,-0.00058,-0.182940816448577));
#9649=CARTESIAN_POINT('',(-0.01354,-0.00058,-0.182940816448577));
#9650=CARTESIAN_POINT('',(-0.01354,-0.00758,-0.182940816448577));
#9651=CARTESIAN_POINT('',(-0.01258,-0.0305,-0.182940816448577));
#9652=CARTESIAN_POINT('',(-0.01258,-0.0235,-0.182940816448577));
#9653=CARTESIAN_POINT('',(-0.01258,-0.0375,-0.182940816448577));
#9654=CARTESIAN_POINT('',(-0.00558,-0.0375,-0.182940816448577));
#9655=CARTESIAN_POINT('',(0.00142000000000002,-0.0375,-0.182940816448577));
#9656=CARTESIAN_POINT('',(0.00142000000000002,-0.0305,-0.182940816448577));
#9657=CARTESIAN_POINT('',(0.00142000000000002,-0.0235,-0.182940816448577));
#9658=CARTESIAN_POINT('',(-0.00558,-0.0235,-0.182940816448577));
#9659=CARTESIAN_POINT('',(-0.02808,-0.02354,-0.182940816448577));
#9660=CARTESIAN_POINT('',(-0.02108,-0.02354,-0.182940816448577));
#9661=CARTESIAN_POINT('',(-0.03508,-0.02354,-0.182940816448577));
#9662=CARTESIAN_POINT('',(-0.03508,-0.03054,-0.182940816448577));
#9663=CARTESIAN_POINT('',(-0.03508,-0.03754,-0.182940816448577));
#9664=CARTESIAN_POINT('',(-0.02808,-0.03754,-0.182940816448577));
#9665=CARTESIAN_POINT('',(-0.02108,-0.03754,-0.182940816448577));
#9666=CARTESIAN_POINT('',(-0.02108,-0.03054,-0.182940816448577));
#9667=CARTESIAN_POINT('',(0.01731,-0.03754,-0.182940816448577));
#9668=CARTESIAN_POINT('',(0.01031,-0.03754,-0.182940816448577));
#9669=CARTESIAN_POINT('',(0.02431,-0.03754,-0.182940816448577));
#9670=CARTESIAN_POINT('',(0.02431,-0.03054,-0.182940816448577));
#9671=CARTESIAN_POINT('',(0.02431,-0.02354,-0.182940816448577));
#9672=CARTESIAN_POINT('',(0.01731,-0.02354,-0.182940816448577));
#9673=CARTESIAN_POINT('',(0.01031,-0.02354,-0.182940816448577));
#9674=CARTESIAN_POINT('',(0.01031,-0.03054,-0.182940816448577));
#9675=CARTESIAN_POINT('',(-0.00555693464261821,0.0230225830972195,-0.182940816448577));
#9676=CARTESIAN_POINT('',(-0.0185569346426182,0.0230225830972195,-0.182940816448577));
#9677=CARTESIAN_POINT('',(0.00744306535738179,0.0230225830972195,-0.182940816448577));
#9678=CARTESIAN_POINT('',(0.0074430653573818,0.0290225830972195,-0.182940816448577));
#9679=CARTESIAN_POINT('',(0.00744306535738179,0.0350225830972195,-0.182940816448577));
#9680=CARTESIAN_POINT('',(-0.00555693464261821,0.0350225830972195,-0.182940816448577));
#9681=CARTESIAN_POINT('',(-0.0185569346426182,0.0350225830972195,-0.182940816448577));
#9682=CARTESIAN_POINT('',(-0.0185569346426182,0.0290225830972195,-0.182940816448577));
#9683=CARTESIAN_POINT('',(0.0422,0.0457,0.015));
#9684=CARTESIAN_POINT('',(0.0422,-0.0417,0.015));
#9685=CARTESIAN_POINT('',(-0.0577,-0.0417,0.015));
#9686=CARTESIAN_POINT('',(-0.0577,0.0457,0.015));
#9687=CARTESIAN_POINT('',(-0.0538524178567253,-0.0229463063543355,0.015));
#9688=CARTESIAN_POINT('',(-0.0537122008767095,-0.0229947047202186,0.015));
#9689=CARTESIAN_POINT('',(-0.0537122008767095,-0.0229947047202186,0.0144));
#9690=CARTESIAN_POINT('',(-0.0539926348367411,-0.0228979079884523,0.015));
#9691=CARTESIAN_POINT('',(-0.0539926348367411,-0.0228979079884523,0.0144));
#9692=CARTESIAN_POINT('',(-0.0538524178567253,-0.0229463063543355,0.0144));
#9693=CARTESIAN_POINT('',(-0.0539926348367411,-0.0232281231248209,0.015));
#9694=CARTESIAN_POINT('',(-0.0539926348367411,-0.0235583382611894,0.015));
#9695=CARTESIAN_POINT('',(-0.0539926348367411,-0.0235583382611894,0.0144));
#9696=CARTESIAN_POINT('',(-0.0539926348367411,0.002,0.0144));
#9697=CARTESIAN_POINT('',(-0.0538524178567253,-0.0235082805227617,0.015));
#9698=CARTESIAN_POINT('',(-0.0537122008767095,-0.0234582227843339,0.015));
#9699=CARTESIAN_POINT('',(-0.0537122008767095,-0.0234582227843339,0.0144));
#9700=CARTESIAN_POINT('',(-0.0538524178567253,-0.0235082805227617,0.0144));
#9701=CARTESIAN_POINT('',(-0.0537122008767095,-0.0232264637522763,0.015));
#9702=CARTESIAN_POINT('',(-0.0537122008767095,0.002,0.0144));
#9703=CARTESIAN_POINT('',(-0.00775,0.002,0.0144));
#9704=CARTESIAN_POINT('',(-0.0526701149187223,-0.0341219038798938,0.015));
#9705=CARTESIAN_POINT('',(-0.0525716588144114,-0.0341445819713362,0.015));
#9706=CARTESIAN_POINT('',(-0.0525716588144114,-0.0341445819713362,0.0144));
#9707=CARTESIAN_POINT('',(-0.0527685710230332,-0.0340992257884514,0.015));
#9708=CARTESIAN_POINT('',(-0.0527685710230332,-0.0340992257884514,0.0144));
#9709=CARTESIAN_POINT('',(-0.0526701149187223,-0.0341219038798938,0.0144));
#9710=CARTESIAN_POINT('',(-0.0535930026155915,-0.0340992257884514,0.015));
#9711=CARTESIAN_POINT('',(-0.0544174342081499,-0.0340992257884514,0.015));
#9712=CARTESIAN_POINT('',(-0.0544174342081499,-0.0340992257884514,0.0144));
#9713=CARTESIAN_POINT('',(-0.00775,-0.0340992257884514,0.0144));
#9714=CARTESIAN_POINT('',(-0.0548427867037402,-0.0339783681547889,0.0144));
#9715=CARTESIAN_POINT('',(-0.0548427867037402,-0.0339783681547889,0.015));
#9716=CARTESIAN_POINT('',(-0.0547598180765119,-0.0340589399105639,0.0144));
#9717=CARTESIAN_POINT('',(-0.0547598180765119,-0.0340589399105639,0.015));
#9718=CARTESIAN_POINT('',(-0.0546180339113152,-0.0340992257884514,0.0144));
#9719=CARTESIAN_POINT('',(-0.0546180339113152,-0.0340992257884514,0.015));
#9720=CARTESIAN_POINT('',(-0.0544174342081499,-0.0340992257884514,0.0144));
#9721=CARTESIAN_POINT('',(-0.0544174342081499,-0.0340992257884514,0.015));
#9722=CARTESIAN_POINT('',(-0.0548427867037402,-0.0339783681547889,0.015));
#9723=CARTESIAN_POINT('',(-0.0548427867037402,-0.0339783681547889,0.0144));
#9724=CARTESIAN_POINT('',(-0.0548427867037402,-0.0339783681547889,0.0144));
#9725=CARTESIAN_POINT('',(-0.0547183337628978,-0.0340992257884514,0.0144));
#9726=CARTESIAN_POINT('',(-0.0544174342081499,-0.0340992257884514,0.0144));
#9727=CARTESIAN_POINT('',(-0.0549672396445826,-0.0336428983386959,0.0144));
#9728=CARTESIAN_POINT('',(-0.0549672396445826,-0.0336428983386959,0.015));
#9729=CARTESIAN_POINT('',(-0.0549672396445826,-0.0337859731269829,0.0144));
#9730=CARTESIAN_POINT('',(-0.0549672396445826,-0.0337859731269829,0.015));
#9731=CARTESIAN_POINT('',(-0.0549257553309685,-0.0338977963990139,0.0144));
#9732=CARTESIAN_POINT('',(-0.0549257553309685,-0.0338977963990139,0.015));
#9733=CARTESIAN_POINT('',(-0.0548427867037402,-0.0339783681547889,0.0144));
#9734=CARTESIAN_POINT('',(-0.0548427867037402,-0.0339783681547889,0.015));
#9735=CARTESIAN_POINT('',(-0.0549672396445826,-0.0336428983386959,0.015));
#9736=CARTESIAN_POINT('',(-0.0549672396445826,-0.0336428983386959,0.0144));
#9737=CARTESIAN_POINT('',(-0.0549672396445826,-0.0336428983386959,0.0144));
#9738=CARTESIAN_POINT('',(-0.0549672396445826,-0.0338575105211264,0.0144));
#9739=CARTESIAN_POINT('',(-0.0548427867037402,-0.0339783681547889,0.0144));
#9740=CARTESIAN_POINT('',(-0.0542710507436457,-0.0336513909162131,0.015));
#9741=CARTESIAN_POINT('',(-0.054958666219769,-0.0335411234892958,0.015));
#9742=CARTESIAN_POINT('',(-0.054958640721467,-0.0335411276638094,0.0144000000000122));
#9743=CARTESIAN_POINT('',(-0.0542710507436457,-0.0336513909162131,0.0144));
#9744=CARTESIAN_POINT('',(-0.0543767416004879,-0.033630364391057,0.015));
#9745=CARTESIAN_POINT('',(-0.0549293506381483,-0.0334271799079024,0.015));
#9746=CARTESIAN_POINT('',(-0.0549293640632459,-0.0334271748535468,0.01440000025));
#9747=CARTESIAN_POINT('',(-0.0543767416004879,-0.033630364391057,0.0144));
#9748=CARTESIAN_POINT('',(-0.054487501483722,-0.0335909993966637,0.015));
#9749=CARTESIAN_POINT('',(-0.054870719474907,-0.033316555071598,0.015));
#9750=CARTESIAN_POINT('',(-0.054870712736134,-0.0333165601124612,0.014400000249999));
#9751=CARTESIAN_POINT('',(-0.054487501483722,-0.0335909993966637,0.0144));
#9752=CARTESIAN_POINT('',(-0.0546190781996824,-0.03349547142292,0.015));
#9753=CARTESIAN_POINT('',(-0.0547735968278334,-0.0332281051248688,0.0144));
#9754=CARTESIAN_POINT('',(-0.0547736461810499,-0.0332280552025545,0.0144));
#9755=CARTESIAN_POINT('',(-0.0546190781996824,-0.03349547142292,0.0144));
#9756=CARTESIAN_POINT('',(-0.0548931210042587,-0.0331071975688919,0.015));
#9757=CARTESIAN_POINT('',(-0.0550125013297283,-0.0329864355266924,0.0144));
#9758=CARTESIAN_POINT('',(-0.0550125013297283,-0.0329864355266924,0.0144));
#9759=CARTESIAN_POINT('',(-0.0548931210042587,-0.0331071975688919,0.0144));
#9760=CARTESIAN_POINT('',(-0.054595745609809,-0.0335262142583079,0.015));
#9761=CARTESIAN_POINT('',(-0.0552388236177098,-0.03329913165988,0.015));
#9762=CARTESIAN_POINT('',(-0.0552387690784552,-0.0332991512372359,0.01440000025));
#9763=CARTESIAN_POINT('',(-0.054595745609809,-0.0335262142583079,0.0144));
#9764=CARTESIAN_POINT('',(-0.0541819434066009,-0.0336833578026964,0.015));
#9765=CARTESIAN_POINT('',(-0.0553063047678555,-0.0336810639072209,0.015));
#9766=CARTESIAN_POINT('',(-0.0553062512926757,-0.0336810647968656,0.01440000025));
#9767=CARTESIAN_POINT('',(-0.0541819434066009,-0.0336833578026964,0.0144));
#9768=CARTESIAN_POINT('',(-0.0541774219796773,-0.0336901677076631,0.015));
#9769=CARTESIAN_POINT('',(-0.0552648204542413,-0.033992196259327,0.015));
#9770=CARTESIAN_POINT('',(-0.0552648508578296,-0.0339922045537621,0.0144000002499999));
#9771=CARTESIAN_POINT('',(-0.0541774219796773,-0.0336901677076631,0.0144));
#9772=CARTESIAN_POINT('',(-0.0546316835895304,-0.0338156393640813,0.015));
#9773=CARTESIAN_POINT('',(-0.0551265394088609,-0.0342480161932808,0.015));
#9774=CARTESIAN_POINT('',(-0.0551266491702326,-0.0342481142628451,0.01440000025));
#9775=CARTESIAN_POINT('',(-0.0546316835895304,-0.0338156393640813,0.0144));
#9776=CARTESIAN_POINT('',(-0.054569504605658,-0.0337483229082841,0.015));
#9777=CARTESIAN_POINT('',(-0.0548809522722652,-0.0344294409248199,0.015));
#9778=CARTESIAN_POINT('',(-0.0548810362057448,-0.0344296373872614,0.01440000025));
#9779=CARTESIAN_POINT('',(-0.054569504605658,-0.0337483229082841,0.0144));
#9780=CARTESIAN_POINT('',(-0.0544821594942618,-0.0335237330292752,0.015));
#9781=CARTESIAN_POINT('',(-0.054521421554276,-0.0345140689245928,0.015));
#9782=CARTESIAN_POINT('',(-0.0545214069820264,-0.0345137013579931,0.0144000002999999));
#9783=CARTESIAN_POINT('',(-0.0544821594942618,-0.0335237330292752,0.0144));
#9784=CARTESIAN_POINT('',(-0.0535465401843437,-0.0345160048592281,0.015));
#9785=CARTESIAN_POINT('',(-0.0525716588144114,-0.0345179407938635,0.015));
#9786=CARTESIAN_POINT('',(-0.0525716588144114,-0.0345179407938635,0.0144));
#9787=CARTESIAN_POINT('',(-0.0535465401843437,-0.0345160048592281,0.0144));
#9788=CARTESIAN_POINT('',(-0.0525716588144114,-0.0343312613825998,0.015));
#9789=CARTESIAN_POINT('',(-0.0525716588144114,0.002,0.0144));
#9790=CARTESIAN_POINT('',(-0.00775,0.002,0.0144));
#9791=CARTESIAN_POINT('',(-0.053501710783227,-0.03350202985245,0.015));
#9792=CARTESIAN_POINT('',(-0.0545092528222825,-0.033767627841629,0.015));
#9793=CARTESIAN_POINT('',(-0.054509235811992,-0.0337676236502076,0.0144));
#9794=CARTESIAN_POINT('',(-0.0544386247979434,-0.0339576259979818,0.0144));
#9795=CARTESIAN_POINT('',(-0.0544386247979434,-0.0339576259979818,0.0144));
#9796=CARTESIAN_POINT('',(-0.053501710783227,-0.03350202985245,0.0144));
#9797=CARTESIAN_POINT('',(-0.0542586875680531,-0.0339576259979818,0.015));
#9798=CARTESIAN_POINT('',(-0.0540788253238957,-0.0339576259979818,0.0144));
#9799=CARTESIAN_POINT('',(-0.0540789222090585,-0.0339576259979818,0.0144));
#9800=CARTESIAN_POINT('',(-0.00775,-0.0339576259979818,0.0144));
#9801=CARTESIAN_POINT('',(-0.0537098895821182,-0.0335840289083836,0.015));
#9802=CARTESIAN_POINT('',(-0.0541737830061895,-0.0338298543120502,0.015));
#9803=CARTESIAN_POINT('',(-0.0541738513120817,-0.0338298896403357,0.01440000025));
#9804=CARTESIAN_POINT('',(-0.0537098895821182,-0.0335840289083836,0.0144));
#9805=CARTESIAN_POINT('',(-0.0538800440261753,-0.03368018637622,0.015));
#9806=CARTESIAN_POINT('',(-0.0542100126400792,-0.0336744264170427,0.015));
#9807=CARTESIAN_POINT('',(-0.0542099156972244,-0.0336744281092851,0.0144));
#9808=CARTESIAN_POINT('',(-0.0538800440261753,-0.03368018637622,0.0144));
#9809=CARTESIAN_POINT('',(-0.0538639829910834,-0.0336701288610335,0.015));
#9810=CARTESIAN_POINT('',(-0.0541566361565623,-0.0334858110711437,0.015));
#9811=CARTESIAN_POINT('',(-0.0541566924579468,-0.0334857752019607,0.01440000025));
#9812=CARTESIAN_POINT('',(-0.0538639829910834,-0.0336701288610335,0.0144));
#9813=CARTESIAN_POINT('',(-0.0537441617204763,-0.0337505276919633,0.015));
#9814=CARTESIAN_POINT('',(-0.0540133769935481,-0.0333406159734942,0.015));
#9815=CARTESIAN_POINT('',(-0.0540134028151662,-0.0333405751773518,0.01440000025));
#9816=CARTESIAN_POINT('',(-0.0537441617204763,-0.0337505276919633,0.0144));
#9817=CARTESIAN_POINT('',(-0.0536286522658998,-0.0339312535426779,0.015));
#9818=CARTESIAN_POINT('',(-0.053800700745753,-0.033247137986817,0.015));
#9819=CARTESIAN_POINT('',(-0.053800683384748,-0.0332472093294701,0.0144000000000008));
#9820=CARTESIAN_POINT('',(-0.0536286522658998,-0.0339312535426779,0.0144));
#9821=CARTESIAN_POINT('',(-0.0535464563506819,-0.0342196488862291,0.015));
#9822=CARTESIAN_POINT('',(-0.0535396261320747,-0.0332142270980164,0.015));
#9823=CARTESIAN_POINT('',(-0.0535396265694876,-0.0332142914860711,0.0144));
#9824=CARTESIAN_POINT('',(-0.0535464563506819,-0.0342196488862291,0.0144));
#9825=CARTESIAN_POINT('',(-0.0535334010096692,-0.0342330847513766,0.015));
#9826=CARTESIAN_POINT('',(-0.0532838061981208,-0.0332454786142724,0.015));
#9827=CARTESIAN_POINT('',(-0.0532838218542358,-0.033245547020373,0.01440000025));
#9828=CARTESIAN_POINT('',(-0.0535334010096692,-0.0342330847513766,0.0144));
#9829=CARTESIAN_POINT('',(-0.0534511796565763,-0.0339337367306079,0.015));
#9830=CARTESIAN_POINT('',(-0.053073065884961,-0.0333353612937697,0.015));
#9831=CARTESIAN_POINT('',(-0.0530730412251214,-0.0333353217657364,0.0144000000000008));
#9832=CARTESIAN_POINT('',(-0.0534511796565763,-0.0339337367306079,0.0144));
#9833=CARTESIAN_POINT('',(-0.0533264303599644,-0.0337331055938051,0.015));
#9834=CARTESIAN_POINT('',(-0.0529295301598561,-0.0334788970188747,0.015));
#9835=CARTESIAN_POINT('',(-0.05292948386443,-0.0334788673036278,0.0144));
#9836=CARTESIAN_POINT('',(-0.0533264303599644,-0.0337331055938051,0.0144));
#9837=CARTESIAN_POINT('',(-0.053220952487367,-0.0336634524729548,0.015));
#9838=CARTESIAN_POINT('',(-0.0528758771142485,-0.0336672358026828,0.015));
#9839=CARTESIAN_POINT('',(-0.0528759380293332,-0.0336672352083009,0.0144));
#9840=CARTESIAN_POINT('',(-0.053220952487367,-0.0336634524729548,0.0144));
#9841=CARTESIAN_POINT('',(-0.0532246675543922,-0.0336700500618966,0.015));
#9842=CARTESIAN_POINT('',(-0.0529137661206827,-0.033827918377415,0.015));
#9843=CARTESIAN_POINT('',(-0.0529137556112312,-0.0338279237295436,0.01440000025));
#9844=CARTESIAN_POINT('',(-0.0532246675543922,-0.0336700500618966,0.0144));
#9845=CARTESIAN_POINT('',(-0.0533022442645613,-0.0336309488503572,0.015));
#9846=CARTESIAN_POINT('',(-0.0530141746756181,-0.0339576259979818,0.0144));
#9847=CARTESIAN_POINT('',(-0.053014171888374,-0.0339576235400711,0.0144));
#9848=CARTESIAN_POINT('',(-0.0533022442645613,-0.0336309488503572,0.0144));
#9849=CARTESIAN_POINT('',(-0.0528307974934544,-0.0339576259979818,0.015));
#9850=CARTESIAN_POINT('',(-0.0526473305294557,-0.0339576259979818,0.0144));
#9851=CARTESIAN_POINT('',(-0.0526473305294557,-0.0339576259979818,0.0144));
#9852=CARTESIAN_POINT('',(-0.00775,-0.0339576259979818,0.0144));
#9853=CARTESIAN_POINT('',(-0.0532641908756178,-0.0336160238562499,0.015));
#9854=CARTESIAN_POINT('',(-0.0525785728666805,-0.0337811793840763,0.015));
#9855=CARTESIAN_POINT('',(-0.0525785869739981,-0.0337811762208557,0.0144000002499994));
#9856=CARTESIAN_POINT('',(-0.0532641908756178,-0.0336160238562499,0.0144));
#9857=CARTESIAN_POINT('',(-0.0533958040396625,-0.0335819833427442,0.015));
#9858=CARTESIAN_POINT('',(-0.0525545119647843,-0.0335776296852763,0.015));
#9859=CARTESIAN_POINT('',(-0.0525544623148589,-0.0335776290732214,0.01440000025));
#9860=CARTESIAN_POINT('',(-0.0533958040396625,-0.0335819833427442,0.0144));
#9861=CARTESIAN_POINT('',(-0.053433480935176,-0.0335846671664703,0.015));
#9862=CARTESIAN_POINT('',(-0.0526029103306674,-0.0332958129147909,0.015));
#9863=CARTESIAN_POINT('',(-0.0526029027269931,-0.0332958106319515,0.0144000002499998));
#9864=CARTESIAN_POINT('',(-0.053433480935176,-0.0335846671664703,0.0144));
#9865=CARTESIAN_POINT('',(-0.0532326031281609,-0.0335136115748031,0.015));
#9866=CARTESIAN_POINT('',(-0.0527669116504886,-0.0330363976736572,0.015));
#9867=CARTESIAN_POINT('',(-0.0527668076181953,-0.0330362872544689,0.01440000025));
#9868=CARTESIAN_POINT('',(-0.0532326031281609,-0.0335136115748031,0.0144));
#9869=CARTESIAN_POINT('',(-0.0533819685844317,-0.0336782958853049,0.015));
#9870=CARTESIAN_POINT('',(-0.0530658752706012,-0.0328461229552136,0.015));
#9871=CARTESIAN_POINT('',(-0.0530658752706012,-0.0328461229552136,0.0144));
#9872=CARTESIAN_POINT('',(-0.0533819685844317,-0.0336782958853049,0.0144));
#9873=CARTESIAN_POINT('',(-0.0535186074131768,-0.032771727752799,0.0144));
#9874=CARTESIAN_POINT('',(-0.0535186074131768,-0.032771727752799,0.015));
#9875=CARTESIAN_POINT('',(-0.0533390264289094,-0.032771727752799,0.0144));
#9876=CARTESIAN_POINT('',(-0.0533390264289094,-0.032771727752799,0.015));
#9877=CARTESIAN_POINT('',(-0.0531881157147175,-0.0327965261536039,0.0144));
#9878=CARTESIAN_POINT('',(-0.0531881157147175,-0.0327965261536039,0.015));
#9879=CARTESIAN_POINT('',(-0.0530658752706012,-0.0328461229552136,0.0144));
#9880=CARTESIAN_POINT('',(-0.0530658752706012,-0.0328461229552136,0.015));
#9881=CARTESIAN_POINT('',(-0.0535186074131768,-0.032771727752799,0.015));
#9882=CARTESIAN_POINT('',(-0.0535186074131768,-0.032771727752799,0.0144));
#9883=CARTESIAN_POINT('',(-0.0535186074131768,-0.032771727752799,0.0144));
#9884=CARTESIAN_POINT('',(-0.0532492359367757,-0.032771727752799,0.0144));
#9885=CARTESIAN_POINT('',(-0.0530658752706012,-0.0328461229552136,0.0144));
#9886=CARTESIAN_POINT('',(-0.0535262642488128,-0.0343724063617699,0.015));
#9887=CARTESIAN_POINT('',(-0.053902475595153,-0.032816807373593,0.015));
#9888=CARTESIAN_POINT('',(-0.0539024587924909,-0.032816882544795,0.01440000025));
#9889=CARTESIAN_POINT('',(-0.0535262642488128,-0.0343724063617699,0.0144));
#9890=CARTESIAN_POINT('',(-0.0536757767815381,-0.0337827577691438,0.015));
#9891=CARTESIAN_POINT('',(-0.0542274360517971,-0.0329586837261533,0.015));
#9892=CARTESIAN_POINT('',(-0.0542274729076105,-0.0329586283731,0.014400000000001));
#9893=CARTESIAN_POINT('',(-0.0536757767815381,-0.0337827577691438,0.0144));
#9894=CARTESIAN_POINT('',(-0.0538124692012939,-0.0335745322824267,0.015));
#9895=CARTESIAN_POINT('',(-0.0544539404041303,-0.0332006755555692,0.015));
#9896=CARTESIAN_POINT('',(-0.0544541768856761,-0.0332005433309857,0.01440000025));
#9897=CARTESIAN_POINT('',(-0.0538124692012939,-0.0335745322824267,0.0144));
#9898=CARTESIAN_POINT('',(-0.0538767497076137,-0.0335225072439267,0.015));
#9899=CARTESIAN_POINT('',(-0.0545385684039031,-0.0335394641167513,0.015));
#9900=CARTESIAN_POINT('',(-0.0545382471148613,-0.0335394530949855,0.0144));
#9901=CARTESIAN_POINT('',(-0.0538767497076137,-0.0335225072439267,0.0144));
#9902=CARTESIAN_POINT('',(-0.0536775405592365,-0.0335456767641784,0.015));
#9903=CARTESIAN_POINT('',(-0.0536775405592365,-0.0335456767641784,0.0144));
#9904=CARTESIAN_POINT('',(-0.00775,0.002,0.0144));
#9905=CARTESIAN_POINT('',(-0.0535100339883633,-0.0351921991711386,0.015));
#9906=CARTESIAN_POINT('',(-0.0533355233090931,-0.0351921991711386,0.015));
#9907=CARTESIAN_POINT('',(-0.0533355233090931,-0.0351921991711386,0.0144));
#9908=CARTESIAN_POINT('',(-0.0536845446676334,-0.0351921991711386,0.015));
#9909=CARTESIAN_POINT('',(-0.0536845446676334,-0.0351921991711386,0.0144));
#9910=CARTESIAN_POINT('',(-0.00775,-0.0351921991711386,0.0144));
#9911=CARTESIAN_POINT('',(-0.0536845446676334,-0.0357417280454806,0.015));
#9912=CARTESIAN_POINT('',(-0.0536845446676334,-0.0362912569198225,0.015));
#9913=CARTESIAN_POINT('',(-0.0536845446676334,-0.0362912569198225,0.0144));
#9914=CARTESIAN_POINT('',(-0.0536845446676334,0.002,0.0144));
#9915=CARTESIAN_POINT('',(-0.0535100339883633,-0.0362912569198225,0.015));
#9916=CARTESIAN_POINT('',(-0.0533355233090931,-0.0362912569198225,0.015));
#9917=CARTESIAN_POINT('',(-0.0533355233090931,-0.0362912569198225,0.0144));
#9918=CARTESIAN_POINT('',(-0.00775,-0.0362912569198225,0.0144));
#9919=CARTESIAN_POINT('',(-0.0533355233090931,-0.0357417280454806,0.015));
#9920=CARTESIAN_POINT('',(-0.0533355233090931,0.002,0.0144));
#9921=CARTESIAN_POINT('',(-0.00775,0.002,0.0144));
#9922=CARTESIAN_POINT('',(-0.0519770503192754,-0.0232281231248209,0.015));
#9923=CARTESIAN_POINT('',(-0.0519770503192754,-0.023433885320347,0.015));
#9924=CARTESIAN_POINT('',(-0.0519770503192754,-0.023433885320347,0.0144));
#9925=CARTESIAN_POINT('',(-0.0519770503192754,-0.0230223609292948,0.015));
#9926=CARTESIAN_POINT('',(-0.0519770503192754,-0.0230223609292948,0.0144));
#9927=CARTESIAN_POINT('',(-0.0519770503192754,0.002,0.0144));
#9928=CARTESIAN_POINT('',(-0.0532492359367757,-0.0225765428389881,0.015));
#9929=CARTESIAN_POINT('',(-0.054521421554276,-0.0221307247486815,0.015));
#9930=CARTESIAN_POINT('',(-0.054521421554276,-0.0221307247486815,0.0144));
#9931=CARTESIAN_POINT('',(-0.0532492359367757,-0.0225765428389881,0.0144));
#9932=CARTESIAN_POINT('',(-0.054521421554276,-0.0223467197415658,0.015));
#9933=CARTESIAN_POINT('',(-0.054521421554276,-0.0225627147344501,0.015));
#9934=CARTESIAN_POINT('',(-0.054521421554276,-0.0225627147344501,0.0144));
#9935=CARTESIAN_POINT('',(-0.054521421554276,0.002,0.0144));
#9936=CARTESIAN_POINT('',(-0.0535672823411508,-0.0228962486159077,0.015));
#9937=CARTESIAN_POINT('',(-0.0526131431280256,-0.0232297824973654,0.015));
#9938=CARTESIAN_POINT('',(-0.0526131431280256,-0.0232297824973654,0.0144));
#9939=CARTESIAN_POINT('',(-0.0535672823411508,-0.0228962486159077,0.0144));
#9940=CARTESIAN_POINT('',(-0.0535672823411508,-0.023559997633734,0.015));
#9941=CARTESIAN_POINT('',(-0.054521421554276,-0.0238902127701025,0.015));
#9942=CARTESIAN_POINT('',(-0.054521421554276,-0.0238902127701025,0.0144));
#9943=CARTESIAN_POINT('',(-0.0535672823411508,-0.023559997633734,0.0144));
#9944=CARTESIAN_POINT('',(-0.054521421554276,-0.0241045483904423,0.015));
#9945=CARTESIAN_POINT('',(-0.054521421554276,-0.024318884010782,0.015));
#9946=CARTESIAN_POINT('',(-0.054521421554276,-0.024318884010782,0.0144));
#9947=CARTESIAN_POINT('',(-0.054521421554276,0.002,0.0144));
#9948=CARTESIAN_POINT('',(-0.0532492359367757,-0.0238763846655645,0.015));
#9949=CARTESIAN_POINT('',(-0.0532492359367757,-0.0238763846655645,0.0144));
#9950=CARTESIAN_POINT('',(-0.00775,0.002,0.0144));
#9951=CARTESIAN_POINT('',(-0.0539069191916519,-0.0314024021411047,0.015));
#9952=CARTESIAN_POINT('',(-0.0537520258177791,-0.0311383520447649,0.015));
#9953=CARTESIAN_POINT('',(-0.0537519131878605,-0.0311381393515737,0.0144));
#9954=CARTESIAN_POINT('',(-0.05364333691611,-0.0312473175085247,0.015));
#9955=CARTESIAN_POINT('',(-0.0536432807402509,-0.0312472844561791,0.0144));
#9956=CARTESIAN_POINT('',(-0.0539069191916519,-0.0314024021411047,0.0144));
#9957=CARTESIAN_POINT('',(-0.0540245429036305,-0.0314665159011117,0.015));
#9958=CARTESIAN_POINT('',(-0.0535916198051377,-0.0313891938610851,0.015));
#9959=CARTESIAN_POINT('',(-0.0535916502903034,-0.031389199459497,0.01440000025));
#9960=CARTESIAN_POINT('',(-0.0540245429036305,-0.0314665159011117,0.0144));
#9961=CARTESIAN_POINT('',(-0.0543910213507132,-0.0315392813331737,0.015));
#9962=CARTESIAN_POINT('',(-0.0535777917005997,-0.0315343889587346,0.015));
#9963=CARTESIAN_POINT('',(-0.053577760394291,-0.0315343887703964,0.01440000025));
#9964=CARTESIAN_POINT('',(-0.0543910213507132,-0.0315392813331737,0.0144));
#9965=CARTESIAN_POINT('',(-0.0535777917005997,-0.0315722779651688,0.015));
#9966=CARTESIAN_POINT('',(-0.0535777917005997,-0.0316101669716031,0.015));
#9967=CARTESIAN_POINT('',(-0.0535777917005997,-0.0316101669716031,0.0144));
#9968=CARTESIAN_POINT('',(-0.0535777917005997,0.002,0.0144));
#9969=CARTESIAN_POINT('',(-0.0534549981323018,-0.0316101669716031,0.015));
#9970=CARTESIAN_POINT('',(-0.053332204564004,-0.0316101669716031,0.015));
#9971=CARTESIAN_POINT('',(-0.053332204564004,-0.0316101669716031,0.0144));
#9972=CARTESIAN_POINT('',(-0.00775,-0.0316101669716031,0.0144));
#9973=CARTESIAN_POINT('',(-0.053332204564004,-0.0315341123966438,0.015));
#9974=CARTESIAN_POINT('',(-0.053332204564004,-0.0314580578216846,0.015));
#9975=CARTESIAN_POINT('',(-0.0533322010662808,-0.0314580578214645,0.0144));
#9976=CARTESIAN_POINT('',(-0.053332204564004,0.002,0.0144));
#9977=CARTESIAN_POINT('',(-0.0543783541117958,-0.0314581236269478,0.015));
#9978=CARTESIAN_POINT('',(-0.0533684341978937,-0.0311850910381035,0.015));
#9979=CARTESIAN_POINT('',(-0.0533685171998116,-0.0311851126508015,0.01440000025));
#9980=CARTESIAN_POINT('',(-0.0543783541117958,-0.0314581236269478,0.0144));
#9981=CARTESIAN_POINT('',(-0.0540946732247004,-0.0313732515486796,0.015));
#9982=CARTESIAN_POINT('',(-0.053479059034198,-0.0309450351433231,0.015));
#9983=CARTESIAN_POINT('',(-0.0534789988234572,-0.0309449932612037,0.0144));
#9984=CARTESIAN_POINT('',(-0.0540946732247004,-0.0313732515486796,0.0144));
#9985=CARTESIAN_POINT('',(-0.0539660782358528,-0.0312906522987081,0.015));
#9986=CARTESIAN_POINT('',(-0.0536693337526416,-0.0307721838365974,0.015));
#9987=CARTESIAN_POINT('',(-0.0536692356354471,-0.0307720014594767,0.01440000025));
#9988=CARTESIAN_POINT('',(-0.0539660782358528,-0.0312906522987081,0.0144));
#9989=CARTESIAN_POINT('',(-0.0539282722977098,-0.0312424959968019,0.015));
#9990=CARTESIAN_POINT('',(-0.0539439599087672,-0.0307047026864518,0.015));
#9991=CARTESIAN_POINT('',(-0.0539439522366468,-0.0307050418764484,0.01440000025));
#9992=CARTESIAN_POINT('',(-0.0539282722977098,-0.0312424959968019,0.0144));
#9993=CARTESIAN_POINT('',(-0.0539668145223512,-0.0314530986753696,0.015));
#9994=CARTESIAN_POINT('',(-0.054224117306708,-0.0307514416797904,0.015));
#9995=CARTESIAN_POINT('',(-0.0542241779779184,-0.0307512685300447,0.01440000025));
#9996=CARTESIAN_POINT('',(-0.0539668145223512,-0.0314530986753696,0.0144));
#9997=CARTESIAN_POINT('',(-0.0540589926351186,-0.0311816591700481,0.015));
#9998=CARTESIAN_POINT('',(-0.0544074779728825,-0.0308811493003572,0.015));
#9999=CARTESIAN_POINT('',(-0.0544075928362471,-0.0308810502500644,0.0144));
#10000=CARTESIAN_POINT('',(-0.0540589926351186,-0.0311816591700481,0.0144));
#10001=CARTESIAN_POINT('',(-0.0540096088893899,-0.0312104697181728,0.015));
#10002=CARTESIAN_POINT('',(-0.0545075934497379,-0.0310728068292546,0.015));
#10003=CARTESIAN_POINT('',(-0.0545075647699301,-0.0310728146203944,0.0144000000000048));
#10004=CARTESIAN_POINT('',(-0.0540096088893899,-0.0312104697181728,0.0144));
#10005=CARTESIAN_POINT('',(-0.053716183881694,-0.0312959893201171,0.015));
#10006=CARTESIAN_POINT('',(-0.0545385684039031,-0.0312993111815878,0.015));
#10007=CARTESIAN_POINT('',(-0.0545385069762211,-0.0312993120018745,0.01440000025));
#10008=CARTESIAN_POINT('',(-0.053716183881694,-0.0312959893201171,0.0144));
#10009=CARTESIAN_POINT('',(-0.0543116489952597,-0.0313064837197125,0.015));
#10010=CARTESIAN_POINT('',(-0.0545354168264421,-0.0313441142402911,0.0144));
#10011=CARTESIAN_POINT('',(-0.0545354168264421,-0.0313441142402911,0.0144));
#10012=CARTESIAN_POINT('',(-0.0543116489952597,-0.0313064837197125,0.0144));
#10013=CARTESIAN_POINT('',(-0.054395309240889,-0.0313441142402911,0.015));
#10014=CARTESIAN_POINT('',(-0.0542544971635806,-0.0313441142402911,0.0144));
#10015=CARTESIAN_POINT('',(-0.0542544971635804,-0.0313441142402911,0.0144));
#10016=CARTESIAN_POINT('',(-0.00775,-0.0313441142402911,0.0144));
#10017=CARTESIAN_POINT('',(-0.0539836606286018,-0.0313594727046432,0.015));
#10018=CARTESIAN_POINT('',(-0.0541654861434667,-0.031159094201572,0.015));
#10019=CARTESIAN_POINT('',(-0.0541654861434667,-0.031159094201572,0.0144));
#10020=CARTESIAN_POINT('',(-0.0539836606286018,-0.0313594727046432,0.0144));
#10021=CARTESIAN_POINT('',(-0.0539334505493182,-0.0310952083586062,0.0144));
#10022=CARTESIAN_POINT('',(-0.0539334505493182,-0.0310952083586062,0.015));
#10023=CARTESIAN_POINT('',(-0.0540374378954443,-0.0310952083586062,0.0144));
#10024=CARTESIAN_POINT('',(-0.0540374378954443,-0.0310952083586062,0.015));
#10025=CARTESIAN_POINT('',(-0.0541147830934938,-0.0311165036395948,0.0144));
#10026=CARTESIAN_POINT('',(-0.0541147830934938,-0.0311165036395948,0.015));
#10027=CARTESIAN_POINT('',(-0.0541654861434667,-0.031159094201572,0.0144));
#10028=CARTESIAN_POINT('',(-0.0541654861434667,-0.031159094201572,0.015));
#10029=CARTESIAN_POINT('',(-0.0539334505493182,-0.0310952083586062,0.015));
#10030=CARTESIAN_POINT('',(-0.0539334505493182,-0.0310952083586062,0.0144));
#10031=CARTESIAN_POINT('',(-0.0539334505493182,-0.0310952083586062,0.0144));
#10032=CARTESIAN_POINT('',(-0.0540894315685074,-0.0310952083586062,0.0144));
#10033=CARTESIAN_POINT('',(-0.0541654861434667,-0.031159094201572,0.0144));
#10034=CARTESIAN_POINT('',(-0.0539177068442733,-0.0314426006052935,0.015));
#10035=CARTESIAN_POINT('',(-0.0539177068442733,-0.0314426006052935,0.0144));
#10036=CARTESIAN_POINT('',(-0.00775,0.002,0.0144));
#10037=CARTESIAN_POINT('',(-0.0534682817489828,-0.028669134275934,0.015));
#10038=CARTESIAN_POINT('',(-0.0534671668642953,-0.0321704817674847,0.015));
#10039=CARTESIAN_POINT('',(-0.0534671668642953,-0.0321704817674847,0.0144));
#10040=CARTESIAN_POINT('',(-0.0532232391002442,-0.0321619083426711,0.015));
#10041=CARTESIAN_POINT('',(-0.0532232391002442,-0.0321619083426711,0.0144));
#10042=CARTESIAN_POINT('',(-0.0534681213384454,-0.0286689695664723,0.0143999999999996));
#10043=CARTESIAN_POINT('',(-0.053356664420188,-0.0302528619478381,0.015));
#10044=CARTESIAN_POINT('',(-0.052979311336193,-0.0321289974538705,0.015));
#10045=CARTESIAN_POINT('',(-0.0529793475815071,-0.0321287907304256,0.01440000025));
#10046=CARTESIAN_POINT('',(-0.0533567469652031,-0.0302518422802886,0.0144));
#10047=CARTESIAN_POINT('',(-0.0530657122805408,-0.0316362137305036,0.015));
#10048=CARTESIAN_POINT('',(-0.0527774210099376,-0.032044092892007,0.015));
#10049=CARTESIAN_POINT('',(-0.0527773433780153,-0.0320442044368783,0.0144000000000004));
#10050=CARTESIAN_POINT('',(-0.0530657122805408,-0.0316362137305036,0.0144));
#10051=CARTESIAN_POINT('',(-0.0530654373707861,-0.0316492376129864,0.015));
#10052=CARTESIAN_POINT('',(-0.0526477133893707,-0.0319024931015373,0.015));
#10053=CARTESIAN_POINT('',(-0.0526476682566577,-0.0319025204643601,0.0144));
#10054=CARTESIAN_POINT('',(-0.0530654373707861,-0.0316492376129864,0.0144));
#10055=CARTESIAN_POINT('',(-0.0531476648874943,-0.0316076239130708,0.015));
#10056=CARTESIAN_POINT('',(-0.0525785728666805,-0.0317227277425427,0.015));
#10057=CARTESIAN_POINT('',(-0.0525786122070443,-0.0317227198502162,0.0144000000000086));
#10058=CARTESIAN_POINT('',(-0.0531476648874943,-0.0316076239130708,0.0144));
#10059=CARTESIAN_POINT('',(-0.0535384385690318,-0.031522316941188,0.015));
#10060=CARTESIAN_POINT('',(-0.0525578307098734,-0.0315205608541965,0.015));
#10061=CARTESIAN_POINT('',(-0.052557856256525,-0.0315205608338698,0.01440000025));
#10062=CARTESIAN_POINT('',(-0.0535384385690318,-0.031522316941188,0.0144));
#10063=CARTESIAN_POINT('',(-0.0537916509235263,-0.0315165949187828,0.015));
#10064=CARTESIAN_POINT('',(-0.0525769134941359,-0.0313009705541323,0.015));
#10065=CARTESIAN_POINT('',(-0.05257692810816,-0.0313009730052104,0.01440000025));
#10066=CARTESIAN_POINT('',(-0.0537916509235263,-0.0315165949187828,0.0144));
#10067=CARTESIAN_POINT('',(-0.0538798955609367,-0.0315292976901419,0.015));
#10068=CARTESIAN_POINT('',(-0.0526269712325636,-0.0311054411559644,0.015));
#10069=CARTESIAN_POINT('',(-0.0526269901141642,-0.0311054471755628,0.01440000025));
#10070=CARTESIAN_POINT('',(-0.0538798955609367,-0.0315292976901419,0.0144));
#10071=CARTESIAN_POINT('',(-0.0534998357610365,-0.031397357817195,0.015));
#10072=CARTESIAN_POINT('',(-0.0526977711277984,-0.0309464179537768,0.015));
#10073=CARTESIAN_POINT('',(-0.0526978667867109,-0.0309464658953145,0.01440000025));
#10074=CARTESIAN_POINT('',(-0.0534998357610365,-0.031397357817195,0.0144));
#10075=CARTESIAN_POINT('',(-0.0530801054639432,-0.0311505044877647,0.015));
#10076=CARTESIAN_POINT('',(-0.0527754228766354,-0.0308427628692501,0.0144));
#10077=CARTESIAN_POINT('',(-0.0527754228766354,-0.0308427628692501,0.0144));
#10078=CARTESIAN_POINT('',(-0.0530801054639432,-0.0311505044877647,0.0144));
#10079=CARTESIAN_POINT('',(-0.052894959898511,-0.0309206976793361,0.015));
#10080=CARTESIAN_POINT('',(-0.0530141044436022,-0.030998376605486,0.0144));
#10081=CARTESIAN_POINT('',(-0.0530141044436022,-0.030998376605486,0.0144));
#10082=CARTESIAN_POINT('',(-0.052894959898511,-0.0309206976793361,0.0144));
#10083=CARTESIAN_POINT('',(-0.0542656666889216,-0.0319899593635049,0.015));
#10084=CARTESIAN_POINT('',(-0.0529657597937458,-0.0310625740318964,0.015));
#10085=CARTESIAN_POINT('',(-0.052965747110934,-0.0310625651985713,0.01440000025));
#10086=CARTESIAN_POINT('',(-0.0542656666889216,-0.0319899593635049,0.0144));
#10087=CARTESIAN_POINT('',(-0.0534420905021014,-0.0314004585275807,0.015));
#10088=CARTESIAN_POINT('',(-0.0529085114409582,-0.0311626895087519,0.015));
#10089=CARTESIAN_POINT('',(-0.0529085241361416,-0.0311626949157263,0.0144000002499988));
#10090=CARTESIAN_POINT('',(-0.0534420905021014,-0.0314004585275807,0.0144));
#10091=CARTESIAN_POINT('',(-0.0536826484397422,-0.0315109981965408,0.015));
#10092=CARTESIAN_POINT('',(-0.052863708382255,-0.0312871424495943,0.015));
#10093=CARTESIAN_POINT('',(-0.0528637010725845,-0.0312871405042806,0.01440000025));
#10094=CARTESIAN_POINT('',(-0.0536826484397422,-0.0315109981965408,0.0144));
#10095=CARTESIAN_POINT('',(-0.05337659430255,-0.0314268409570033,0.015));
#10096=CARTESIAN_POINT('',(-0.0528449021600832,-0.0314304016126084,0.015));
#10097=CARTESIAN_POINT('',(-0.0528449834982897,-0.0314304020535284,0.01440000025));
#10098=CARTESIAN_POINT('',(-0.05337659430255,-0.0314268409570033,0.0144));
#10099=CARTESIAN_POINT('',(-0.0536066403156008,-0.0314413709574082,0.015));
#10100=CARTESIAN_POINT('',(-0.052856794329986,-0.0315739373377134,0.015));
#10101=CARTESIAN_POINT('',(-0.0528567162851289,-0.0315739510023514,0.014400000000003));
#10102=CARTESIAN_POINT('',(-0.0536066403156008,-0.0314413709574082,0.0144));
#10103=CARTESIAN_POINT('',(-0.053032709161887,-0.0315406584976133,0.015));
#10104=CARTESIAN_POINT('',(-0.0529154254932273,-0.0316759887492041,0.015));
#10105=CARTESIAN_POINT('',(-0.0529154254932273,-0.0316759887492041,0.0144));
#10106=CARTESIAN_POINT('',(-0.053032709161887,-0.0315406584976133,0.0144));
#10107=CARTESIAN_POINT('',(-0.0530625565255121,-0.0317348964745362,0.0144));
#10108=CARTESIAN_POINT('',(-0.0530625565255121,-0.0317348964745362,0.015));
#10109=CARTESIAN_POINT('',(-0.052995628499548,-0.0317232808667243,0.0144));
#10110=CARTESIAN_POINT('',(-0.052995628499548,-0.0317232808667243,0.015));
#10111=CARTESIAN_POINT('',(-0.0529465848221197,-0.0317036449582802,0.0144));
#10112=CARTESIAN_POINT('',(-0.0529465848221197,-0.0317036449582802,0.015));
#10113=CARTESIAN_POINT('',(-0.0529154254932273,-0.0316759887492041,0.0144));
#10114=CARTESIAN_POINT('',(-0.0529154254932273,-0.0316759887492041,0.015));
#10115=CARTESIAN_POINT('',(-0.0530625565255121,-0.0317348964745362,0.015));
#10116=CARTESIAN_POINT('',(-0.0530625565255121,-0.0317348964745362,0.0144));
#10117=CARTESIAN_POINT('',(-0.0530625565255121,-0.0317348964745362,0.0144));
#10118=CARTESIAN_POINT('',(-0.0529621644865659,-0.0317174730628183,0.0144));
#10119=CARTESIAN_POINT('',(-0.0529154254932273,-0.0316759887492041,0.0144));
#10120=CARTESIAN_POINT('',(-0.0533005280650301,-0.0300577485120557,0.015));
#10121=CARTESIAN_POINT('',(-0.053332204564004,-0.0317523198862542,0.015));
#10122=CARTESIAN_POINT('',(-0.0533322006771946,-0.0317521119568383,0.01440000025));
#10123=CARTESIAN_POINT('',(-0.0533005280650301,-0.0300577485120557,0.0144));
#10124=CARTESIAN_POINT('',(-0.0536969899617176,-0.0317523198862542,0.015));
#10125=CARTESIAN_POINT('',(-0.0540617503581338,-0.0317523198862542,0.0144));
#10126=CARTESIAN_POINT('',(-0.0540617503581338,-0.0317523198862542,0.0144));
#10127=CARTESIAN_POINT('',(-0.00775,-0.0317523198862542,0.0144));
#10128=CARTESIAN_POINT('',(-0.0537630274549944,-0.0313264437245875,0.015));
#10129=CARTESIAN_POINT('',(-0.0541809736205493,-0.0316361638081346,0.015));
#10130=CARTESIAN_POINT('',(-0.0541809718190608,-0.0316361624671141,0.0144));
#10131=CARTESIAN_POINT('',(-0.0537630274549944,-0.0313264437245875,0.0144));
#10132=CARTESIAN_POINT('',(-0.0538780960344286,-0.0314107029951944,0.015));
#10133=CARTESIAN_POINT('',(-0.0542481465215208,-0.0314857140307606,0.0144));
#10134=CARTESIAN_POINT('',(-0.0542481465215208,-0.0314857140307606,0.0144));
#10135=CARTESIAN_POINT('',(-0.0538780960344286,-0.0314107029951944,0.0144));
#10136=CARTESIAN_POINT('',(-0.0543795452017156,-0.0314857140307606,0.015));
#10137=CARTESIAN_POINT('',(-0.054510810919085,-0.0314857140307606,0.0144));
#10138=CARTESIAN_POINT('',(-0.054510810919085,-0.0314857140307606,0.0144));
#10139=CARTESIAN_POINT('',(-0.00775,-0.0314857140307606,0.0144));
#10140=CARTESIAN_POINT('',(-0.0538070388060898,-0.0313149611355356,0.015));
#10141=CARTESIAN_POINT('',(-0.0544124560905162,-0.0317122183830938,0.015));
#10142=CARTESIAN_POINT('',(-0.0544121487730817,-0.0317120383765279,0.01440000025));
#10143=CARTESIAN_POINT('',(-0.0538070388060898,-0.0313149611355356,0.0144));
#10144=CARTESIAN_POINT('',(-0.0541135362595616,-0.0315351861976798,0.015));
#10145=CARTESIAN_POINT('',(-0.0542586875680531,-0.0318491166180205,0.015));
#10146=CARTESIAN_POINT('',(-0.054259282062231,-0.0318494042916462,0.0144));
#10147=CARTESIAN_POINT('',(-0.0541135362595616,-0.0315351861976798,0.0144));
#10148=CARTESIAN_POINT('',(-0.0541521335956847,-0.0321955444068291,0.015));
#10149=CARTESIAN_POINT('',(-0.0543607389795439,-0.0318991743564482,0.015));
#10150=CARTESIAN_POINT('',(-0.0543607471749194,-0.0318991627844349,0.0144000001));
#10151=CARTESIAN_POINT('',(-0.0541521335956847,-0.0321955444068291,0.0144));
#10152=CARTESIAN_POINT('',(-0.0541153921332957,-0.0322452167219041,0.015));
#10153=CARTESIAN_POINT('',(-0.0544453669793167,-0.0319785476764966,0.015));
#10154=CARTESIAN_POINT('',(-0.0544453393395849,-0.0319785703806818,0.0144000002499993));
#10155=CARTESIAN_POINT('',(-0.0541153921332957,-0.0322452167219041,0.0144));
#10156=CARTESIAN_POINT('',(-0.0541481503458765,-0.0322252836085042,0.015));
#10157=CARTESIAN_POINT('',(-0.054503998142558,-0.0320753444082629,0.015));
#10158=CARTESIAN_POINT('',(-0.0545039546628471,-0.0320753645100714,0.01440000025));
#10159=CARTESIAN_POINT('',(-0.0541481503458765,-0.0322252836085042,0.0144));
#10160=CARTESIAN_POINT('',(-0.0542739171426644,-0.0321761904445086,0.015));
#10161=CARTESIAN_POINT('',(-0.0545248992720451,-0.0321704058956372,0.0144));
#10162=CARTESIAN_POINT('',(-0.0545248992674209,-0.0321704058927945,0.0144));
#10163=CARTESIAN_POINT('',(-0.0542739171426644,-0.0321761904445086,0.0144));
#10164=CARTESIAN_POINT('',(-0.0544088607833363,-0.0322257941856369,0.015));
#10165=CARTESIAN_POINT('',(-0.0542932468164255,-0.0322809798500335,0.0144));
#10166=CARTESIAN_POINT('',(-0.0542932468164254,-0.0322809798500335,0.0144));
#10167=CARTESIAN_POINT('',(-0.0544088607833363,-0.0322257941856369,0.0144));
#10168=CARTESIAN_POINT('',(-0.0541903957647511,-0.032322958926568,0.015));
#10169=CARTESIAN_POINT('',(-0.0542343501040661,-0.0322205395059125,0.015));
#10170=CARTESIAN_POINT('',(-0.0542342940186381,-0.0322206746599416,0.0144000000000011));
#10171=CARTESIAN_POINT('',(-0.0541903957647511,-0.032322958926568,0.0144));
#10172=CARTESIAN_POINT('',(-0.054066377648285,-0.032564485196087,0.015));
#10173=CARTESIAN_POINT('',(-0.0541342346272107,-0.0321876286171119,0.015));
#10174=CARTESIAN_POINT('',(-0.0541342280969382,-0.0321876651833653,0.0144));
#10175=CARTESIAN_POINT('',(-0.054066377648285,-0.032564485196087,0.0144));
#10176=CARTESIAN_POINT('',(-0.0539699684315647,-0.0330440902696829,0.015));
#10177=CARTESIAN_POINT('',(-0.0540252691634509,-0.0321738005125739,0.015));
#10178=CARTESIAN_POINT('',(-0.0540252677054254,-0.032173820294281,0.01440000025));
#10179=CARTESIAN_POINT('',(-0.0539699684315647,-0.0330440902696829,0.0144));
#10180=CARTESIAN_POINT('',(-0.0539213661519748,-0.0336667782908006,0.015));
#10181=CARTESIAN_POINT('',(-0.0539439599087672,-0.0321704817674847,0.015));
#10182=CARTESIAN_POINT('',(-0.0539439604275233,-0.0321704474122908,0.01440000025));
#10183=CARTESIAN_POINT('',(-0.0539213661519748,-0.0336667782908006,0.0144));
#10184=CARTESIAN_POINT('',(-0.0539301318042291,-0.0321704817674847,0.015));
#10185=CARTESIAN_POINT('',(-0.00775,-0.0321704817674847,0.0144));
#10186=CARTESIAN_POINT('',(-0.00775,0.002,0.0144));
#10187=CARTESIAN_POINT('',(-0.0537917589135561,-0.0300459690408246,0.015));
#10188=CARTESIAN_POINT('',(-0.0530107958206667,-0.0297743478131321,0.0144));
#10189=CARTESIAN_POINT('',(-0.0530107958206667,-0.0297743478131321,0.0144));
#10190=CARTESIAN_POINT('',(-0.0529743332185593,-0.0299212022833261,0.015));
#10191=CARTESIAN_POINT('',(-0.0529743541611669,-0.0299212054743244,0.0144));
#10192=CARTESIAN_POINT('',(-0.0537917589135561,-0.0300459690408246,0.0144));
#10193=CARTESIAN_POINT('',(-0.0539566925308584,-0.0300765052524701,0.015));
#10194=CARTESIAN_POINT('',(-0.0529621644865659,-0.0300752473678799,0.015));
#10195=CARTESIAN_POINT('',(-0.0529623462006181,-0.0300752466103632,0.01440000025));
#10196=CARTESIAN_POINT('',(-0.0539566925308584,-0.0300765052524701,0.0144));
#10197=CARTESIAN_POINT('',(-0.0539217784245388,-0.0300716381415258,0.015));
#10198=CARTESIAN_POINT('',(-0.0529927064187123,-0.0303103251450267,0.0144));
#10199=CARTESIAN_POINT('',(-0.0529927064187123,-0.0303103251450267,0.0144));
#10200=CARTESIAN_POINT('',(-0.0539217784245388,-0.0300716381415258,0.0144));
#10201=CARTESIAN_POINT('',(-0.0527754850753022,-0.0303103251450267,0.015));
#10202=CARTESIAN_POINT('',(-0.0525584652004022,-0.0303103251450267,0.0144));
#10203=CARTESIAN_POINT('',(-0.0525584652004022,-0.0303103251450267,0.0144));
#10204=CARTESIAN_POINT('',(-0.00775,-0.0303103251450267,0.0144));
#10205=CARTESIAN_POINT('',(-0.0542415627611579,-0.0302710481370367,0.015));
#10206=CARTESIAN_POINT('',(-0.0525838275464049,-0.0299817693812027,0.015));
#10207=CARTESIAN_POINT('',(-0.0525835998714482,-0.029981732839562,0.01440000025));
#10208=CARTESIAN_POINT('',(-0.0542415627611579,-0.0302710481370367,0.0144));
#10209=CARTESIAN_POINT('',(-0.0533208130216842,-0.0301258783334802,0.015));
#10210=CARTESIAN_POINT('',(-0.0526575804070388,-0.0297743478131321,0.0144));
#10211=CARTESIAN_POINT('',(-0.0526575804070388,-0.0297743478131321,0.0144));
#10212=CARTESIAN_POINT('',(-0.0533208130216842,-0.0301258783334802,0.0144));
#10213=CARTESIAN_POINT('',(-0.0528343928006343,-0.0297743478131321,0.015));
#10214=CARTESIAN_POINT('',(-0.00775,-0.0297743478131321,0.0144));
#10215=CARTESIAN_POINT('',(-0.00775,0.002,0.0144));
#10216=CARTESIAN_POINT('',(-0.0535465401843437,-0.0292145861414319,0.015));
#10217=CARTESIAN_POINT('',(-0.0525716588144114,-0.0292145861414319,0.015));
#10218=CARTESIAN_POINT('',(-0.0525716588144114,-0.0292145861414319,0.0144));
#10219=CARTESIAN_POINT('',(-0.054521421554276,-0.0292145861414319,0.015));
#10220=CARTESIAN_POINT('',(-0.054521421554276,-0.0292145861414319,0.0144));
#10221=CARTESIAN_POINT('',(-0.00775,-0.0292145861414319,0.0144));
#10222=CARTESIAN_POINT('',(-0.054521421554276,-0.0294236670820472,0.015));
#10223=CARTESIAN_POINT('',(-0.054521421554276,-0.0296327480226624,0.015));
#10224=CARTESIAN_POINT('',(-0.054521421554276,-0.0296327480226624,0.0144));
#10225=CARTESIAN_POINT('',(-0.054521421554276,0.002,0.0144));
#10226=CARTESIAN_POINT('',(-0.053300953047748,-0.0296327480226624,0.015));
#10227=CARTESIAN_POINT('',(-0.0527718897681224,-0.0296327480226624,0.015));
#10228=CARTESIAN_POINT('',(-0.0527718897681224,-0.0296327480226624,0.0144));
#10229=CARTESIAN_POINT('',(-0.00775,-0.0296327480226624,0.0144));
#10230=CARTESIAN_POINT('',(-0.0526717742912669,-0.0296103464933108,0.015));
#10231=CARTESIAN_POINT('',(-0.0525716588144114,-0.0295879449639592,0.015));
#10232=CARTESIAN_POINT('',(-0.0525716588144114,-0.0295879449639592,0.0144));
#10233=CARTESIAN_POINT('',(-0.0526717742912669,-0.0296103464933108,0.0144));
#10234=CARTESIAN_POINT('',(-0.0525716588144114,-0.0294012655526955,0.015));
#10235=CARTESIAN_POINT('',(-0.0525716588144114,0.002,0.0144));
#10236=CARTESIAN_POINT('',(-0.00775,0.002,0.0144));
#10237=CARTESIAN_POINT('',(-0.0534461481453975,-0.0282051345101546,0.015));
#10238=CARTESIAN_POINT('',(-0.0525716588144114,-0.0282051345101546,0.015));
#10239=CARTESIAN_POINT('',(-0.0525716588144114,-0.0282051345101546,0.0144));
#10240=CARTESIAN_POINT('',(-0.0543206374763835,-0.0282051345101546,0.015));
#10241=CARTESIAN_POINT('',(-0.0543206374763835,-0.0282051345101546,0.0144));
#10242=CARTESIAN_POINT('',(-0.00775,-0.0282051345101546,0.0144));
#10243=CARTESIAN_POINT('',(-0.0544210295153298,-0.0282275360395061,0.015));
#10244=CARTESIAN_POINT('',(-0.054521421554276,-0.0282499375688578,0.015));
#10245=CARTESIAN_POINT('',(-0.054521421554276,-0.0282499375688578,0.0144));
#10246=CARTESIAN_POINT('',(-0.0544210295153298,-0.0282275360395061,0.0144));
#10247=CARTESIAN_POINT('',(-0.054521421554276,-0.028438276352666,0.015));
#10248=CARTESIAN_POINT('',(-0.054521421554276,-0.0286266151364742,0.015));
#10249=CARTESIAN_POINT('',(-0.054521421554276,-0.0286266151364742,0.0144));
#10250=CARTESIAN_POINT('',(-0.054521421554276,0.002,0.0144));
#10251=CARTESIAN_POINT('',(-0.0535465401843437,-0.0286266151364742,0.015));
#10252=CARTESIAN_POINT('',(-0.0525716588144114,-0.0286266151364742,0.015));
#10253=CARTESIAN_POINT('',(-0.0525716588144114,-0.0286266151364742,0.0144));
#10254=CARTESIAN_POINT('',(-0.00775,-0.0286266151364742,0.0144));
#10255=CARTESIAN_POINT('',(-0.0525716588144114,-0.0284158748233144,0.015));
#10256=CARTESIAN_POINT('',(-0.0525716588144114,0.002,0.0144));
#10257=CARTESIAN_POINT('',(-0.00775,0.002,0.0144));
#10258=CARTESIAN_POINT('',(-0.0525716588144114,-0.0272233390879532,0.015));
#10259=CARTESIAN_POINT('',(-0.0525716588144114,-0.027434079401113,0.015));
#10260=CARTESIAN_POINT('',(-0.0525716588144114,-0.027434079401113,0.0144));
#10261=CARTESIAN_POINT('',(-0.0525716588144114,-0.0270125987747934,0.015));
#10262=CARTESIAN_POINT('',(-0.0525716588144114,-0.0270125987747934,0.0144));
#10263=CARTESIAN_POINT('',(-0.0525716588144114,0.002,0.0144));
#10264=CARTESIAN_POINT('',(-0.0531195283162088,-0.0270125987747934,0.015));
#10265=CARTESIAN_POINT('',(-0.0536673978180062,-0.0270125987747934,0.015));
#10266=CARTESIAN_POINT('',(-0.0536673978180062,-0.0270125987747934,0.0144));
#10267=CARTESIAN_POINT('',(-0.00775,-0.0270125987747934,0.0144));
#10268=CARTESIAN_POINT('',(-0.0536652417188121,-0.0358627201663817,0.015));
#10269=CARTESIAN_POINT('',(-0.0538369303796427,-0.027014258147338,0.015));
#10270=CARTESIAN_POINT('',(-0.0538369303796427,-0.027014258147338,0.0144));
#10271=CARTESIAN_POINT('',(-0.0536655574292016,-0.0358617432076303,0.0143999999999942));
#10272=CARTESIAN_POINT('',(-0.0538170353690467,-0.028076506089159,0.015));
#10273=CARTESIAN_POINT('',(-0.0540081223138237,-0.0270314049969652,0.015));
#10274=CARTESIAN_POINT('',(-0.0540081214981795,-0.0270314094890874,0.0144000001));
#10275=CARTESIAN_POINT('',(-0.053816954072038,-0.0280768515404777,0.0143999999999999));
#10276=CARTESIAN_POINT('',(-0.0538804240962605,-0.0277340993986138,0.015));
#10277=CARTESIAN_POINT('',(-0.0541704642611004,-0.0270814627353928,0.015));
#10278=CARTESIAN_POINT('',(-0.0541704567531943,-0.0270814798492593,0.01440000025));
#10279=CARTESIAN_POINT('',(-0.0538804240962605,-0.0277340993986138,0.0144));
#10280=CARTESIAN_POINT('',(-0.0539898220086532,-0.0274923834460494,0.015));
#10281=CARTESIAN_POINT('',(-0.0543068093718455,-0.0271746641599793,0.015));
#10282=CARTESIAN_POINT('',(-0.0543068067573461,-0.0271746668445736,0.0144000001));
#10283=CARTESIAN_POINT('',(-0.0539898220086532,-0.0274923834460494,0.0144));
#10284=CARTESIAN_POINT('',(-0.0534240935712432,-0.0280629793994493,0.015));
#10285=CARTESIAN_POINT('',(-0.0544002873585227,-0.0272786515061054,0.015));
#10286=CARTESIAN_POINT('',(-0.0544002984460202,-0.0272786425276989,0.0144));
#10287=CARTESIAN_POINT('',(-0.0534240935712432,-0.0280629793994493,0.0144));
#10288=CARTESIAN_POINT('',(-0.0537115748374042,-0.027828817121312,0.015));
#10289=CARTESIAN_POINT('',(-0.0544746825609374,-0.0273876169698652,0.015));
#10290=CARTESIAN_POINT('',(-0.0544746885766926,-0.0273876135029992,0.0144000001));
#10291=CARTESIAN_POINT('',(-0.053711338296351,-0.027828904421866,0.0143999999999999));
#10292=CARTESIAN_POINT('',(-0.0540842770555157,-0.0276125150574192,0.015));
#10293=CARTESIAN_POINT('',(-0.0545230809268205,-0.0275101339760723,0.015));
#10294=CARTESIAN_POINT('',(-0.0545231461658433,-0.0275101199068351,0.01440000025));
#10295=CARTESIAN_POINT('',(-0.0540842770555157,-0.0276125150574192,0.0144));
#10296=CARTESIAN_POINT('',(-0.0538874241149043,-0.0276501449198404,0.015));
#10297=CARTESIAN_POINT('',(-0.0545385684039032,-0.0276586478188109,0.015));
#10298=CARTESIAN_POINT('',(-0.0545385426578776,-0.0276586471281776,0.0144000000000021));
#10299=CARTESIAN_POINT('',(-0.0538874241149043,-0.0276501449198404,0.0144));
#10300=CARTESIAN_POINT('',(-0.0538978948649594,-0.0276549430769476,0.015));
#10301=CARTESIAN_POINT('',(-0.0545023387700135,-0.0278680053215169,0.015));
#10302=CARTESIAN_POINT('',(-0.054502284780802,-0.0278679862906979,0.0144));
#10303=CARTESIAN_POINT('',(-0.0538978948649594,-0.0276549430769476,0.0144));
#10304=CARTESIAN_POINT('',(-0.0532686757113051,-0.0274493430392752,0.015));
#10305=CARTESIAN_POINT('',(-0.0544175047955022,-0.028063534719685,0.0144));
#10306=CARTESIAN_POINT('',(-0.0544175047955022,-0.028063534719685,0.0144));
#10307=CARTESIAN_POINT('',(-0.0532686757113051,-0.0274493430392752,0.0144));
#10308=CARTESIAN_POINT('',(-0.0542896625222183,-0.028063534719685,0.015));
#10309=CARTESIAN_POINT('',(-0.0541619060760342,-0.028063534719685,0.0144));
#10310=CARTESIAN_POINT('',(-0.0541619060760342,-0.028063534719685,0.0144));
#10311=CARTESIAN_POINT('',(-0.00775,-0.028063534719685,0.0144));
#10312=CARTESIAN_POINT('',(-0.053466465717718,-0.0277821499379041,0.015));
#10313=CARTESIAN_POINT('',(-0.05420669389499,-0.0279042349554067,0.015));
#10314=CARTESIAN_POINT('',(-0.0542065862244863,-0.0279042149720038,0.01440000025));
#10315=CARTESIAN_POINT('',(-0.053466465717718,-0.0277821499379041,0.0144));
#10316=CARTESIAN_POINT('',(-0.0533486612172989,-0.0277433400318907,0.015));
#10317=CARTESIAN_POINT('',(-0.0542205219995281,-0.0277764632694751,0.015));
#10318=CARTESIAN_POINT('',(-0.0542202650484026,-0.0277764472578259,0.01440000025));
#10319=CARTESIAN_POINT('',(-0.0533486612172989,-0.0277433400318907,0.0144));
#10320=CARTESIAN_POINT('',(-0.0539040926800364,-0.0277594507279535,0.015));
#10321=CARTESIAN_POINT('',(-0.0541721236336449,-0.0275933791653913,0.015));
#10322=CARTESIAN_POINT('',(-0.0541724584833276,-0.0275931764984751,0.0144));
#10323=CARTESIAN_POINT('',(-0.0539040926800364,-0.0277594507279535,0.0144));
#10324=CARTESIAN_POINT('',(-0.053928184885404,-0.0277636533869292,0.015));
#10325=CARTESIAN_POINT('',(-0.0540443519477134,-0.027489668381356,0.015));
#10326=CARTESIAN_POINT('',(-0.0540443842306455,-0.0274895877900522,0.01440000025));
#10327=CARTESIAN_POINT('',(-0.053928184885404,-0.0277636533869292,0.0144));
#10328=CARTESIAN_POINT('',(-0.0538090948351607,-0.0280601147603612,0.015));
#10329=CARTESIAN_POINT('',(-0.0538593319089943,-0.027444588760562,0.015));
#10330=CARTESIAN_POINT('',(-0.0538593244202792,-0.0274446857461426,0.0144000000000012));
#10331=CARTESIAN_POINT('',(-0.0538090948351607,-0.0280601147603612,0.0144));
#10332=CARTESIAN_POINT('',(-0.053641092304479,-0.0297286755498624,0.015));
#10333=CARTESIAN_POINT('',(-0.0536331041187519,-0.027434079401113,0.015));
#10334=CARTESIAN_POINT('',(-0.0536331042216948,-0.0274341089713366,0.01440000025));
#10335=CARTESIAN_POINT('',(-0.053641092304479,-0.0297286755498624,0.0144));
#10336=CARTESIAN_POINT('',(-0.0531023814665817,-0.027434079401113,0.015));
#10337=CARTESIAN_POINT('',(-0.00775,-0.027434079401113,0.0144));
#10338=CARTESIAN_POINT('',(-0.00775,0.002,0.0144));
#10339=CARTESIAN_POINT('',(-0.0530567713387724,-0.0258273548865948,0.015));
#10340=CARTESIAN_POINT('',(-0.0526148025005701,-0.0260717345420248,0.015));
#10341=CARTESIAN_POINT('',(-0.0526144962339981,-0.0260718970895614,0.0144));
#10342=CARTESIAN_POINT('',(-0.0525506400955136,-0.0258090005558018,0.015));
#10343=CARTESIAN_POINT('',(-0.0525509398688945,-0.0258090133415187,0.01440000025));
#10344=CARTESIAN_POINT('',(-0.0530567713387724,-0.0258273548865948,0.0144));
#10345=CARTESIAN_POINT('',(-0.0532514375968875,-0.0258149955700659,0.015));
#10346=CARTESIAN_POINT('',(-0.0525852103568587,-0.0255966008700974,0.015));
#10347=CARTESIAN_POINT('',(-0.0525852808986828,-0.0255966239942803,0.0144));
#10348=CARTESIAN_POINT('',(-0.0532514375968875,-0.0258149955700659,0.0144));
#10349=CARTESIAN_POINT('',(-0.0537953022721918,-0.0259750349528636,0.015));
#10350=CARTESIAN_POINT('',(-0.0526683821950026,-0.0253941574196604,0.0144));
#10351=CARTESIAN_POINT('',(-0.0526683821950026,-0.0253941574196604,0.0144));
#10352=CARTESIAN_POINT('',(-0.0537953022721918,-0.0259750349528636,0.0144));
#10353=CARTESIAN_POINT('',(-0.0528014819118338,-0.0253941574196604,0.015));
#10354=CARTESIAN_POINT('',(-0.0529345232583205,-0.0253941574196604,0.0144));
#10355=CARTESIAN_POINT('',(-0.0529345232583205,-0.0253941574196604,0.0144));
#10356=CARTESIAN_POINT('',(-0.00775,-0.0253941574196604,0.0144));
#10357=CARTESIAN_POINT('',(-0.0535879155876827,-0.0256887522999469,0.015));
#10358=CARTESIAN_POINT('',(-0.052884450539062,-0.0255515212493034,0.015));
#10359=CARTESIAN_POINT('',(-0.0528845596688405,-0.0255515450116256,0.01440000025));
#10360=CARTESIAN_POINT('',(-0.0535879155876827,-0.0256887522999469,0.0144));
#10361=CARTESIAN_POINT('',(-0.0536052270536654,-0.0257078615288363,0.015));
#10362=CARTESIAN_POINT('',(-0.0528686864998887,-0.0256812288698703,0.015));
#10363=CARTESIAN_POINT('',(-0.0528686864998887,-0.0256812288698703,0.0144));
#10364=CARTESIAN_POINT('',(-0.0536052270536654,-0.0257078615288363,0.0144));
#10365=CARTESIAN_POINT('',(-0.0529154254932273,-0.025864312973954,0.0144));
#10366=CARTESIAN_POINT('',(-0.0529154254932273,-0.025864312973954,0.015));
#10367=CARTESIAN_POINT('',(-0.0528842661643349,-0.0258204317888866,0.0144));
#10368=CARTESIAN_POINT('',(-0.0528842661643349,-0.0258204317888866,0.015));
#10369=CARTESIAN_POINT('',(-0.0528686864998887,-0.0257594037541921,0.0144));
#10370=CARTESIAN_POINT('',(-0.0528686864998887,-0.0257594037541921,0.015));
#10371=CARTESIAN_POINT('',(-0.0528686864998887,-0.0256812288698703,0.0144));
#10372=CARTESIAN_POINT('',(-0.0528686864998887,-0.0256812288698703,0.015));
#10373=CARTESIAN_POINT('',(-0.0529154254932273,-0.025864312973954,0.015));
#10374=CARTESIAN_POINT('',(-0.0529154254932273,-0.025864312973954,0.0144));
#10375=CARTESIAN_POINT('',(-0.0529154254932273,-0.025864312973954,0.0144));
#10376=CARTESIAN_POINT('',(-0.0528686864998887,-0.025798491196353,0.0144));
#10377=CARTESIAN_POINT('',(-0.0528686864998887,-0.0256812288698703,0.0144));
#10378=CARTESIAN_POINT('',(-0.0531698059821022,-0.0256776597048092,0.015));
#10379=CARTESIAN_POINT('',(-0.0530451331137941,-0.0259680237579894,0.015));
#10380=CARTESIAN_POINT('',(-0.053045139131039,-0.0259680078669927,0.0144000000000005));
#10381=CARTESIAN_POINT('',(-0.0531698059821022,-0.0256776597048092,0.0144));
#10382=CARTESIAN_POINT('',(-0.0532840506036819,-0.0254211670217812,0.015));
#10383=CARTESIAN_POINT('',(-0.0532354078322377,-0.0260164221238725,0.015));
#10384=CARTESIAN_POINT('',(-0.0532354155691406,-0.0260163241536962,0.0144000000000017));
#10385=CARTESIAN_POINT('',(-0.0532840506036819,-0.0254211670217812,0.0144));
#10386=CARTESIAN_POINT('',(-0.0534546111396883,-0.0237198380976596,0.015));
#10387=CARTESIAN_POINT('',(-0.0534599762499355,-0.0260269314833215,0.015));
#10388=CARTESIAN_POINT('',(-0.0534599762049777,-0.0260269121506722,0.01440000025));
#10389=CARTESIAN_POINT('',(-0.0534546111396883,-0.0237198380976596,0.0144));
#10390=CARTESIAN_POINT('',(-0.0539906989021058,-0.0260269314833215,0.015));
#10391=CARTESIAN_POINT('',(-0.054521421554276,-0.0260269314833215,0.015));
#10392=CARTESIAN_POINT('',(-0.054521421554276,-0.0260269314833215,0.0144));
#10393=CARTESIAN_POINT('',(-0.00775,-0.0260269314833215,0.0144));
#10394=CARTESIAN_POINT('',(-0.054521421554276,-0.0262376717964813,0.015));
#10395=CARTESIAN_POINT('',(-0.054521421554276,-0.0264484121096411,0.015));
#10396=CARTESIAN_POINT('',(-0.054521421554276,-0.0264484121096411,0.0144));
#10397=CARTESIAN_POINT('',(-0.054521421554276,0.002,0.0144));
#10398=CARTESIAN_POINT('',(-0.0539389817911335,-0.0264484121096411,0.015));
#10399=CARTESIAN_POINT('',(-0.0534256825506812,-0.0264484121096411,0.015));
#10400=CARTESIAN_POINT('',(-0.0534256825506812,-0.0264484121096411,0.0144));
#10401=CARTESIAN_POINT('',(-0.00775,-0.0264484121096411,0.0144));
#10402=CARTESIAN_POINT('',(-0.0534278614539742,-0.0220211529932138,0.015));
#10403=CARTESIAN_POINT('',(-0.0532561499890447,-0.026445093364552,0.015));
#10404=CARTESIAN_POINT('',(-0.0532561499890447,-0.026445093364552,0.0144));
#10405=CARTESIAN_POINT('',(-0.0534275426466972,-0.0220215886537736,0.0143999999999986));
#10406=CARTESIAN_POINT('',(-0.0533019074413181,-0.0252395254996623,0.015));
#10407=CARTESIAN_POINT('',(-0.0530849580548637,-0.0264262871423802,0.015));
#10408=CARTESIAN_POINT('',(-0.0530849592043663,-0.0264262807996077,0.0144000001));
#10409=CARTESIAN_POINT('',(-0.0533019913787422,-0.0252392237262344,0.0143999999999999));
#10410=CARTESIAN_POINT('',(-0.0532224921323483,-0.0256679997765507,0.015));
#10411=CARTESIAN_POINT('',(-0.0529226161075871,-0.0263778887764971,0.015));
#10412=CARTESIAN_POINT('',(-0.0529226192806268,-0.0263778811339169,0.01440000025));
#10413=CARTESIAN_POINT('',(-0.0532224921323483,-0.0256679997765507,0.0144));
#10414=CARTESIAN_POINT('',(-0.0530896891432037,-0.0259797331327853,0.015));
#10415=CARTESIAN_POINT('',(-0.0527857178726604,-0.0262863467244552,0.015));
#10416=CARTESIAN_POINT('',(-0.0527858090033327,-0.026286253680519,0.0144));
#10417=CARTESIAN_POINT('',(-0.0530896891432037,-0.0259797331327853,0.0144));
#10418=CARTESIAN_POINT('',(-0.0535805533690856,-0.0254751040981639,0.015));
#10419=CARTESIAN_POINT('',(-0.0535805533690856,-0.0254751040981639,0.0144));
#10420=CARTESIAN_POINT('',(-0.00775,0.002,0.0144));
#10421=CARTESIAN_POINT('',(-0.0535465401843437,-0.0248343957479604,0.015));
#10422=CARTESIAN_POINT('',(-0.0525716588144114,-0.0248343957479604,0.015));
#10423=CARTESIAN_POINT('',(-0.0525716588144114,-0.0248343957479604,0.0144));
#10424=CARTESIAN_POINT('',(-0.054521421554276,-0.0248343957479604,0.015));
#10425=CARTESIAN_POINT('',(-0.054521421554276,-0.0248343957479604,0.0144));
#10426=CARTESIAN_POINT('',(-0.00775,-0.0248343957479604,0.0144));
#10427=CARTESIAN_POINT('',(-0.054521421554276,-0.0250434766885756,0.015));
#10428=CARTESIAN_POINT('',(-0.054521421554276,-0.0252525576291909,0.015));
#10429=CARTESIAN_POINT('',(-0.054521421554276,-0.0252525576291909,0.0144));
#10430=CARTESIAN_POINT('',(-0.054521421554276,0.002,0.0144));
#10431=CARTESIAN_POINT('',(-0.0536449962886546,-0.0252525576291909,0.015));
#10432=CARTESIAN_POINT('',(-0.0527685710230332,-0.0252525576291909,0.015));
#10433=CARTESIAN_POINT('',(-0.0527685710230332,-0.0252525576291909,0.0144));
#10434=CARTESIAN_POINT('',(-0.00775,-0.0252525576291909,0.0144));
#10435=CARTESIAN_POINT('',(-0.0526701149187223,-0.0252301560998393,0.015));
#10436=CARTESIAN_POINT('',(-0.0525716588144114,-0.0252077545704876,0.015));
#10437=CARTESIAN_POINT('',(-0.0525716588144114,-0.0252077545704876,0.0144));
#10438=CARTESIAN_POINT('',(-0.0526701149187223,-0.0252301560998393,0.0144));
#10439=CARTESIAN_POINT('',(-0.0525716588144114,-0.025021075159224,0.015));
#10440=CARTESIAN_POINT('',(-0.0525716588144114,0.002,0.0144));
#10441=CARTESIAN_POINT('',(-0.00775,0.002,0.0144));
#10442=CARTESIAN_POINT('',(0.00196708946943283,0.00627232096344233,-0.0111665399745107));
#10443=CARTESIAN_POINT('',(0.0452,0.002,0.015));
#10444=CARTESIAN_POINT('',(0.0452,0.002,-0.015));
#10445=CARTESIAN_POINT('',(0.0452,0.0457,-0.015));
#10446=CARTESIAN_POINT('',(0.0452,-0.0417,-0.015));
#10447=CARTESIAN_POINT('',(0.0452,0.0457,0.015));
#10448=CARTESIAN_POINT('',(0.0452,0.0457,0.));
#10449=CARTESIAN_POINT('',(0.0452,0.002,0.));
#10450=CARTESIAN_POINT('',(0.0452,-0.0417,0.));
#10451=CARTESIAN_POINT('',(0.0452,-0.0417,-0.015));
#10452=CARTESIAN_POINT('',(0.0452,0.002,-0.00676419798993229));
#10453=CARTESIAN_POINT('',(0.0452,0.0110534894993093,-0.00676419798993232));
#10454=CARTESIAN_POINT('',(0.0452,0.00105348949930932,-0.00676419798993229));
#10455=CARTESIAN_POINT('',(0.0452,0.00105348949930934,0.015));
#10456=CARTESIAN_POINT('',(0.0452,0.00105348949930933,-0.00226419798993229));
#10457=CARTESIAN_POINT('',(0.0452,0.002,-0.00226419798993229));
#10458=CARTESIAN_POINT('',(0.0452,0.0110534894993093,-0.0022641979899323));
#10459=CARTESIAN_POINT('',(0.0452,0.0110534894993093,0.015));
#10460=CARTESIAN_POINT('',(-0.0607,0.002,0.015));
#10461=CARTESIAN_POINT('',(-0.0607,0.002,-0.015));
#10462=CARTESIAN_POINT('',(-0.0607,0.0457,-0.015));
#10463=CARTESIAN_POINT('',(-0.0607,-0.0417,-0.015));
#10464=CARTESIAN_POINT('',(-0.0607,-0.0417,0.015));
#10465=CARTESIAN_POINT('',(-0.0607,-0.0417,0.));
#10466=CARTESIAN_POINT('',(-0.0607,0.002,0.));
#10467=CARTESIAN_POINT('',(-0.0607,0.0457,0.));
#10468=CARTESIAN_POINT('',(-0.0607,0.0457,-0.015));
#10469=CARTESIAN_POINT('',(-0.0607,0.00105348949930932,-0.00451419798993229));
#10470=CARTESIAN_POINT('',(-0.0607,0.00105348949930932,-0.00226419798993229));
#10471=CARTESIAN_POINT('',(-0.0607,0.00105348949930932,-0.00676419798993229));
#10472=CARTESIAN_POINT('',(-0.0607,0.00605348949930932,-0.00676419798993229));
#10473=CARTESIAN_POINT('',(-0.0607,0.0110534894993093,-0.00676419798993229));
#10474=CARTESIAN_POINT('',(-0.0607,0.0110534894993093,-0.00451419798993231));
#10475=CARTESIAN_POINT('',(-0.0607,0.0110534894993093,-0.0022641979899323));
#10476=CARTESIAN_POINT('',(-0.0607,0.00605348949930932,-0.00226419798993229));
#10477=CARTESIAN_POINT('',(0.0422,0.002,0.015));
#10478=CARTESIAN_POINT('',(0.0422,0.0457,0.015));
#10479=CARTESIAN_POINT('',(0.0422,0.0457,0.));
#10480=CARTESIAN_POINT('',(0.0422,0.0457,-0.012));
#10481=CARTESIAN_POINT('',(0.0422,0.002,-0.012));
#10482=CARTESIAN_POINT('',(0.0422,-0.0417,-0.012));
#10483=CARTESIAN_POINT('',(0.0422,-0.0417,0.015));
#10484=CARTESIAN_POINT('',(0.0422,-0.0417,0.));
#10485=CARTESIAN_POINT('',(0.0422,0.002,0.));
#10486=CARTESIAN_POINT('',(0.0422,0.00105348949930934,0.015));
#10487=CARTESIAN_POINT('',(0.0422,0.00105348949930933,-0.00676419798993229));
#10488=CARTESIAN_POINT('',(0.0422,0.00105348949930933,-0.00226419798993229));
#10489=CARTESIAN_POINT('',(0.0422,0.002,-0.00676419798993229));
#10490=CARTESIAN_POINT('',(0.0422,0.0110534894993093,-0.00676419798993229));
#10491=CARTESIAN_POINT('',(0.0422,0.0110534894993093,0.015));
#10492=CARTESIAN_POINT('',(0.0422,0.0110534894993093,-0.0022641979899323));
#10493=CARTESIAN_POINT('',(0.0422,0.002,-0.00226419798993229));
#10494=CARTESIAN_POINT('',(-0.0577,0.002,0.015));
#10495=CARTESIAN_POINT('',(-0.0577,0.002,0.));
#10496=CARTESIAN_POINT('',(-0.0577,0.0457,0.));
#10497=CARTESIAN_POINT('',(-0.0577,-0.0417,0.));
#10498=CARTESIAN_POINT('',(-0.0577,-0.0417,0.015));
#10499=CARTESIAN_POINT('',(-0.0577,-0.0417,-0.012));
#10500=CARTESIAN_POINT('',(-0.0577,0.002,-0.012));
#10501=CARTESIAN_POINT('',(-0.0577,0.0457,-0.012));
#10502=CARTESIAN_POINT('',(-0.0577,0.0457,0.015));
#10503=CARTESIAN_POINT('',(-0.0577,0.002,-0.00676419798993229));
#10504=CARTESIAN_POINT('',(-0.0577,0.0110534894993093,-0.00676419798993232));
#10505=CARTESIAN_POINT('',(-0.0577,0.00105348949930932,-0.00676419798993229));
#10506=CARTESIAN_POINT('',(-0.0577,0.00105348949930932,0.015));
#10507=CARTESIAN_POINT('',(-0.0577,0.00105348949930932,-0.00226419798993229));
#10508=CARTESIAN_POINT('',(-0.0577,0.002,-0.00226419798993229));
#10509=CARTESIAN_POINT('',(-0.0577,0.0110534894993093,-0.0022641979899323));
#10510=CARTESIAN_POINT('',(-0.0577,0.0110534894993093,0.015));
#10511=CARTESIAN_POINT('',(-0.0525,0.0405,-0.209940816448577));
#10512=CARTESIAN_POINT('',(-0.0525,0.0405,-0.012));
#10513=CARTESIAN_POINT('',(-0.0508,0.0405,-0.012));
#10514=CARTESIAN_POINT('',(-0.0525,0.0405,-0.013));
#10515=CARTESIAN_POINT('',(-0.0542,0.0405,-0.013));
#10516=CARTESIAN_POINT('',(0.0345,0.0405,-0.209940816448577));
#10517=CARTESIAN_POINT('',(0.0345,0.0405,-0.012));
#10518=CARTESIAN_POINT('',(0.0362,0.0405,-0.012));
#10519=CARTESIAN_POINT('',(0.0345,0.0405,-0.013));
#10520=CARTESIAN_POINT('',(0.0328,0.0405,-0.013));
#10521=CARTESIAN_POINT('',(0.0345,-0.0365,-0.209940816448577));
#10522=CARTESIAN_POINT('',(0.0345,-0.0365,-0.012));
#10523=CARTESIAN_POINT('',(0.0362,-0.0365,-0.012));
#10524=CARTESIAN_POINT('',(0.0345,-0.0365,-0.013));
#10525=CARTESIAN_POINT('',(0.0328,-0.0365,-0.013));
#10526=CARTESIAN_POINT('',(-0.0525,-0.0365,-0.209940816448577));
#10527=CARTESIAN_POINT('',(-0.0525,-0.0365,-0.012));
#10528=CARTESIAN_POINT('',(-0.0508,-0.0365,-0.012));
#10529=CARTESIAN_POINT('',(-0.0525,-0.0365,-0.013));
#10530=CARTESIAN_POINT('',(-0.0542,-0.0365,-0.013));
#10531=CARTESIAN_POINT('',(0.,0.,0.));
#10532=CARTESIAN_POINT('',(0.0422,0.0457,0.));
#10533=CARTESIAN_POINT('',(0.0422,0.0487,0.));
#10534=CARTESIAN_POINT('',(-0.00775,0.0487,0.));
#10535=CARTESIAN_POINT('',(-0.0577,0.0487,0.));
#10536=CARTESIAN_POINT('',(-0.0577,0.0457,0.));
#10537=CARTESIAN_POINT('',(-0.0577,-0.0417,0.));
#10538=CARTESIAN_POINT('',(-0.0577,-0.0447,0.));
#10539=CARTESIAN_POINT('',(-0.00775,-0.0447,0.));
#10540=CARTESIAN_POINT('',(0.0422,-0.0447,0.));
#10541=CARTESIAN_POINT('',(0.0422,-0.0417,0.));
#10542=CARTESIAN_POINT('',(-0.00775,0.0457,0.));
#10543=CARTESIAN_POINT('',(-0.00775,-0.0417,0.));
#10544=CARTESIAN_POINT('',(-0.00775,0.002,-0.015));
#10545=CARTESIAN_POINT('',(-0.0525,-0.0365,-0.015));
#10546=CARTESIAN_POINT('',(-0.0555,-0.0365,-0.015));
#10547=CARTESIAN_POINT('',(0.0345,-0.0365,-0.015));
#10548=CARTESIAN_POINT('',(0.0315,-0.0365,-0.015));
#10549=CARTESIAN_POINT('',(0.0345,0.0405,-0.015));
#10550=CARTESIAN_POINT('',(0.0315,0.0405,-0.015));
#10551=CARTESIAN_POINT('',(-0.0525,0.0405,-0.015));
#10552=CARTESIAN_POINT('',(-0.0555,0.0405,-0.015));
#10553=CARTESIAN_POINT('',(-0.00775,0.0487,-0.015));
#10554=CARTESIAN_POINT('',(-0.0577,0.0487,-0.015));
#10555=CARTESIAN_POINT('',(0.0422,0.0487,-0.015));
#10556=CARTESIAN_POINT('',(0.0422,0.0457,-0.015));
#10557=CARTESIAN_POINT('',(0.0422,-0.0417,-0.015));
#10558=CARTESIAN_POINT('',(0.0422,-0.0447,-0.015));
#10559=CARTESIAN_POINT('',(-0.00775,-0.0447,-0.015));
#10560=CARTESIAN_POINT('',(-0.0577,-0.0447,-0.015));
#10561=CARTESIAN_POINT('',(-0.0577,-0.0417,-0.015));
#10562=CARTESIAN_POINT('',(-0.0577,0.0457,-0.015));
#10563=CARTESIAN_POINT('',(-0.00775,-0.0447,0.015));
#10564=CARTESIAN_POINT('',(0.0422,-0.0447,0.));
#10565=CARTESIAN_POINT('',(-0.0577,-0.0447,0.015));
#10566=CARTESIAN_POINT('',(-0.00775,0.0487,0.015));
#10567=CARTESIAN_POINT('',(0.0422,0.0487,0.015));
#10568=CARTESIAN_POINT('',(-0.0577,0.0487,0.));
#10569=CARTESIAN_POINT('',(-0.00775,0.002,-0.012));
#10570=CARTESIAN_POINT('',(-0.0525,-0.0365,-0.012));
#10571=CARTESIAN_POINT('',(-0.049,-0.0365,-0.012));
#10572=CARTESIAN_POINT('',(0.0345,-0.0365,-0.012));
#10573=CARTESIAN_POINT('',(0.038,-0.0365,-0.012));
#10574=CARTESIAN_POINT('',(0.0345,0.0405,-0.012));
#10575=CARTESIAN_POINT('',(0.038,0.0405,-0.012));
#10576=CARTESIAN_POINT('',(-0.0525,0.0405,-0.012));
#10577=CARTESIAN_POINT('',(-0.049,0.0405,-0.012));
#10578=CARTESIAN_POINT('',(-0.00775,0.0457,-0.012));
#10579=CARTESIAN_POINT('',(-0.00775,-0.0417,-0.012));
#10580=CARTESIAN_POINT('',(-0.00775,-0.0417,0.015));
#10581=CARTESIAN_POINT('',(-0.00775,0.0457,0.015));
#10582=CARTESIAN_POINT('',(-0.163,0.09,-0.006));
#10583=CARTESIAN_POINT('',(-0.0525,0.0405,-0.006));
#10584=CARTESIAN_POINT('',(-0.0509,0.0405,-0.006));
#10585=CARTESIAN_POINT('',(-0.0525,0.0405,-0.006));
#10586=CARTESIAN_POINT('',(-0.049,0.0405,-0.006));
#10587=CARTESIAN_POINT('',(-0.0525,0.0405,-0.004488));
#10588=CARTESIAN_POINT('',(-0.0525,0.0405,-0.012));
#10589=CARTESIAN_POINT('',(-0.0509,0.0405,-0.012));
#10590=CARTESIAN_POINT('',(-0.0525,0.0405,-0.004488));
#10591=CARTESIAN_POINT('',(-0.163,0.09,-0.006));
#10592=CARTESIAN_POINT('',(0.0345,0.0405,-0.006));
#10593=CARTESIAN_POINT('',(0.0361,0.0405,-0.006));
#10594=CARTESIAN_POINT('',(0.0345,0.0405,-0.006));
#10595=CARTESIAN_POINT('',(0.038,0.0405,-0.006));
#10596=CARTESIAN_POINT('',(0.0345,0.0405,-0.004488));
#10597=CARTESIAN_POINT('',(0.0345,0.0405,-0.012));
#10598=CARTESIAN_POINT('',(0.0361,0.0405,-0.012));
#10599=CARTESIAN_POINT('',(0.0345,0.0405,-0.004488));
#10600=CARTESIAN_POINT('',(-0.163,0.09,-0.006));
#10601=CARTESIAN_POINT('',(0.0345,-0.0365,-0.006));
#10602=CARTESIAN_POINT('',(0.0361,-0.0365,-0.006));
#10603=CARTESIAN_POINT('',(0.0345,-0.0365,-0.006));
#10604=CARTESIAN_POINT('',(0.038,-0.0365,-0.006));
#10605=CARTESIAN_POINT('',(0.0345,-0.0365,-0.004488));
#10606=CARTESIAN_POINT('',(0.0345,-0.0365,-0.012));
#10607=CARTESIAN_POINT('',(0.0361,-0.0365,-0.012));
#10608=CARTESIAN_POINT('',(0.0345,-0.0365,-0.004488));
#10609=CARTESIAN_POINT('',(-0.163,0.09,-0.006));
#10610=CARTESIAN_POINT('',(-0.0525,-0.0365,-0.006));
#10611=CARTESIAN_POINT('',(-0.0509,-0.0365,-0.006));
#10612=CARTESIAN_POINT('',(-0.0525,-0.0365,-0.006));
#10613=CARTESIAN_POINT('',(-0.049,-0.0365,-0.006));
#10614=CARTESIAN_POINT('',(-0.0525,-0.0365,-0.004488));
#10615=CARTESIAN_POINT('',(-0.0525,-0.0365,-0.012));
#10616=CARTESIAN_POINT('',(-0.0509,-0.0365,-0.012));
#10617=CARTESIAN_POINT('',(-0.0525,-0.0365,-0.004488));
#10618=CARTESIAN_POINT('',(-0.00775,0.002,-0.012));
#10619=CARTESIAN_POINT('',(-0.00775,0.002,-0.012));
#10620=CARTESIAN_POINT('',(-0.00775,0.002,-0.012));
#10621=CARTESIAN_POINT('',(-0.00775,0.002,-0.012));
#10622=CARTESIAN_POINT('',(-0.00775,0.002,-0.013));
#10623=CARTESIAN_POINT('',(-0.0525,-0.0365,-0.013));
#10624=CARTESIAN_POINT('',(-0.0555,-0.0365,-0.013));
#10625=CARTESIAN_POINT('',(-0.0525,-0.0365,-0.013));
#10626=CARTESIAN_POINT('',(-0.00775,0.002,-0.013));
#10627=CARTESIAN_POINT('',(0.0345,-0.0365,-0.013));
#10628=CARTESIAN_POINT('',(0.0315,-0.0365,-0.013));
#10629=CARTESIAN_POINT('',(0.0345,-0.0365,-0.013));
#10630=CARTESIAN_POINT('',(-0.00775,0.002,-0.013));
#10631=CARTESIAN_POINT('',(0.0345,0.0405,-0.013));
#10632=CARTESIAN_POINT('',(0.0315,0.0405,-0.013));
#10633=CARTESIAN_POINT('',(0.0345,0.0405,-0.013));
#10634=CARTESIAN_POINT('',(-0.00775,0.002,-0.013));
#10635=CARTESIAN_POINT('',(-0.0525,0.0405,-0.013));
#10636=CARTESIAN_POINT('',(-0.0555,0.0405,-0.013));
#10637=CARTESIAN_POINT('',(-0.0525,0.0405,-0.013));
#10638=CARTESIAN_POINT('',(0.137240816448576,0.00605348949930934,-0.00676419798993229));
#10639=CARTESIAN_POINT('',(0.137240816448576,0.0110534894993093,-0.00676419798993232));
#10640=CARTESIAN_POINT('',(0.137240816448576,0.00105348949930934,-0.00676419798993229));
#10641=CARTESIAN_POINT('',(0.137240816448576,0.0110534894993093,-0.00451419798993231));
#10642=CARTESIAN_POINT('',(0.137240816448576,0.0110534894993093,-0.0022641979899323));
#10643=CARTESIAN_POINT('',(0.137240816448576,0.00605348949930935,-0.00226419798993229));
#10644=CARTESIAN_POINT('',(0.137240816448576,0.00105348949930935,-0.00226419798993229));
#10645=CARTESIAN_POINT('',(0.137240816448576,0.00105348949930935,-0.00451419798993229));
#10646=CARTESIAN_POINT('',(0.137240816448576,0.00105348949930935,-0.00451419798993229));
#10647=CARTESIAN_POINT('',(0.137240816448576,0.00105348949930934,-0.00676419798993229));
#10648=CARTESIAN_POINT('',(0.137240816448576,0.00105348949930935,-0.00226419798993229));
#10649=CARTESIAN_POINT('',(0.137240816448576,0.00605348949930935,-0.00226419798993229));
#10650=CARTESIAN_POINT('',(0.137240816448576,0.0110534894993093,-0.0022641979899323));
#10651=CARTESIAN_POINT('',(0.137240816448576,0.0110534894993093,-0.00451419798993231));
#10652=CARTESIAN_POINT('',(0.137240816448576,0.0110534894993093,-0.00676419798993232));
#10653=CARTESIAN_POINT('',(0.137240816448576,0.00605348949930934,-0.00676419798993229));
#10654=CARTESIAN_POINT('',(0.0422,0.0457,0.015));
#10655=CARTESIAN_POINT('',(0.0422,-0.0417,0.015));
#10656=CARTESIAN_POINT('',(-0.0577,-0.0417,0.015));
#10657=CARTESIAN_POINT('',(-0.0577,0.0457,0.015));
#10658=CARTESIAN_POINT('',(0.00196708946943283,0.00627232096344233,-0.0111665399745107));
#10659=CARTESIAN_POINT('',(0.042,-0.0415,-0.006));
#10660=CARTESIAN_POINT('',(0.042,-0.0415,-0.006));
#10661=CARTESIAN_POINT('',(0.042,-0.0415,-0.006));
#10662=CARTESIAN_POINT('',(0.042,-0.0415,-0.00449));
#10663=CARTESIAN_POINT('',(0.042,-0.0415,-0.00449));
#10664=CARTESIAN_POINT('',(-0.0575,-0.0415,-0.00449));
#10665=CARTESIAN_POINT('',(-0.0575,-0.0415,-0.006));
#10666=CARTESIAN_POINT('',(-0.0575,-0.0415,-0.006));
#10667=CARTESIAN_POINT('',(-0.163,-0.0415,-0.006));
#10668=CARTESIAN_POINT('',(0.042,0.0455,-0.006));
#10669=CARTESIAN_POINT('',(0.042,0.0455,-0.006));
#10670=CARTESIAN_POINT('',(0.042,0.0455,-0.006));
#10671=CARTESIAN_POINT('',(0.042,0.0455,-0.00449));
#10672=CARTESIAN_POINT('',(0.042,0.0455,-0.00449));
#10673=CARTESIAN_POINT('',(0.042,0.09,-0.006));
#10674=CARTESIAN_POINT('',(-0.0575,-0.0415,-0.006));
#10675=CARTESIAN_POINT('',(-0.0575,-0.0415,-0.00449));
#10676=CARTESIAN_POINT('',(-0.0575,0.0455,-0.00449));
#10677=CARTESIAN_POINT('',(-0.0575,0.0455,-0.006));
#10678=CARTESIAN_POINT('',(-0.0575,0.0455,-0.006));
#10679=CARTESIAN_POINT('',(-0.0575,0.09,-0.006));
#10680=CARTESIAN_POINT('',(-0.163,0.09,-0.006));
#10681=CARTESIAN_POINT('',(-0.163,0.0455,-0.006));
#10682=CARTESIAN_POINT('',(-0.0525,-0.0365,-0.006));
#10683=CARTESIAN_POINT('',(-0.0541,-0.0365,-0.006));
#10684=CARTESIAN_POINT('',(-0.03316,-0.03054,-0.006));
#10685=CARTESIAN_POINT('',(-0.03401,-0.03054,-0.006));
#10686=CARTESIAN_POINT('',(-0.03189,-0.028,-0.006));
#10687=CARTESIAN_POINT('',(-0.03264,-0.028,-0.006));
#10688=CARTESIAN_POINT('',(-0.02808,-0.03054,-0.006));
#10689=CARTESIAN_POINT('',(-0.03008,-0.03054,-0.006));
#10690=CARTESIAN_POINT('',(-0.023,-0.03054,-0.006));
#10691=CARTESIAN_POINT('',(-0.02385,-0.03054,-0.006));
#10692=CARTESIAN_POINT('',(-0.01066,-0.0305,-0.006));
#10693=CARTESIAN_POINT('',(-0.01151,-0.0305,-0.006));
#10694=CARTESIAN_POINT('',(-0.02554,-0.02546,-0.006));
#10695=CARTESIAN_POINT('',(-0.02629,-0.02546,-0.006));
#10696=CARTESIAN_POINT('',(-0.00939,-0.02796,-0.006));
#10697=CARTESIAN_POINT('',(-0.01014,-0.02796,-0.006));
#10698=CARTESIAN_POINT('',(-0.05312,-0.001625,-0.006));
#10699=CARTESIAN_POINT('',(-0.05362,-0.001625,-0.006));
#10700=CARTESIAN_POINT('',(-0.05058,-0.001625,-0.006));
#10701=CARTESIAN_POINT('',(-0.05108,-0.001625,-0.006));
#10702=CARTESIAN_POINT('',(-0.04804,-0.001625,-0.006));
#10703=CARTESIAN_POINT('',(-0.04854,-0.001625,-0.006));
#10704=CARTESIAN_POINT('',(-0.0455,-0.001625,-0.006));
#10705=CARTESIAN_POINT('',(-0.046,-0.001625,-0.006));
#10706=CARTESIAN_POINT('',(-0.04296,-0.001625,-0.006));
#10707=CARTESIAN_POINT('',(-0.04346,-0.001625,-0.006));
#10708=CARTESIAN_POINT('',(-0.04042,-0.001625,-0.006));
#10709=CARTESIAN_POINT('',(-0.04092,-0.001625,-0.006));
#10710=CARTESIAN_POINT('',(-0.03788,-0.001625,-0.006));
#10711=CARTESIAN_POINT('',(-0.03838,-0.001625,-0.006));
#10712=CARTESIAN_POINT('',(-0.01162,-0.00758,-0.006));
#10713=CARTESIAN_POINT('',(-0.01247,-0.00758,-0.006));
#10714=CARTESIAN_POINT('',(-0.01035,-0.00504,-0.006));
#10715=CARTESIAN_POINT('',(-0.0111,-0.00504,-0.006));
#10716=CARTESIAN_POINT('',(-0.00558,-0.0305,-0.006));
#10717=CARTESIAN_POINT('',(-0.00758,-0.0305,-0.006));
#10718=CARTESIAN_POINT('',(-0.000499999999999973,-0.0305,-0.006));
#10719=CARTESIAN_POINT('',(-0.00134999999999997,-0.0305,-0.006));
#10720=CARTESIAN_POINT('',(0.01223,-0.03054,-0.006));
#10721=CARTESIAN_POINT('',(0.01138,-0.03054,-0.006));
#10722=CARTESIAN_POINT('',(-0.00304,-0.02542,-0.006));
#10723=CARTESIAN_POINT('',(-0.00379,-0.02542,-0.006));
#10724=CARTESIAN_POINT('',(0.0135,-0.028,-0.006));
#10725=CARTESIAN_POINT('',(0.01275,-0.028,-0.006));
#10726=CARTESIAN_POINT('',(0.01731,-0.03054,-0.006));
#10727=CARTESIAN_POINT('',(0.01531,-0.03054,-0.006));
#10728=CARTESIAN_POINT('',(0.02239,-0.03054,-0.006));
#10729=CARTESIAN_POINT('',(0.02154,-0.03054,-0.006));
#10730=CARTESIAN_POINT('',(0.0345,-0.0365,-0.006));
#10731=CARTESIAN_POINT('',(0.0329,-0.0365,-0.006));
#10732=CARTESIAN_POINT('',(0.01985,-0.02546,-0.006));
#10733=CARTESIAN_POINT('',(0.0191,-0.02546,-0.006));
#10734=CARTESIAN_POINT('',(-0.00654,-0.00758,-0.006));
#10735=CARTESIAN_POINT('',(-0.00854,-0.00758,-0.006));
#10736=CARTESIAN_POINT('',(-0.00146,-0.00758,-0.006));
#10737=CARTESIAN_POINT('',(-0.00231,-0.00758,-0.006));
#10738=CARTESIAN_POINT('',(-0.004,-0.0025,-0.006));
#10739=CARTESIAN_POINT('',(-0.00475,-0.0025,-0.006));
#10740=CARTESIAN_POINT('',(0.0246,-0.00885,-0.006));
#10741=CARTESIAN_POINT('',(0.0259,-0.00885,-0.006));
#10742=CARTESIAN_POINT('',(0.0246,-0.00885,-0.006));
#10743=CARTESIAN_POINT('',(0.0259,-0.0081,-0.006));
#10744=CARTESIAN_POINT('',(0.0259,-0.00735,-0.006));
#10745=CARTESIAN_POINT('',(0.0259,-0.00735,-0.006));
#10746=CARTESIAN_POINT('',(0.0246,-0.00735,-0.006));
#10747=CARTESIAN_POINT('',(0.0246,-0.0081,-0.006));
#10748=CARTESIAN_POINT('',(0.01825,-0.005,-0.006));
#10749=CARTESIAN_POINT('',(0.01775,-0.005,-0.006));
#10750=CARTESIAN_POINT('',(0.01825,0.,-0.006));
#10751=CARTESIAN_POINT('',(0.01775,0.,-0.006));
#10752=CARTESIAN_POINT('',(0.03275,-0.005,-0.006));
#10753=CARTESIAN_POINT('',(0.03225,-0.005,-0.006));
#10754=CARTESIAN_POINT('',(0.03275,-0.0025,-0.006));
#10755=CARTESIAN_POINT('',(0.03225,-0.0025,-0.006));
#10756=CARTESIAN_POINT('',(0.03275,0.,-0.006));
#10757=CARTESIAN_POINT('',(0.03225,0.,-0.006));
#10758=CARTESIAN_POINT('',(-0.05312,0.013625,-0.006));
#10759=CARTESIAN_POINT('',(-0.05362,0.013625,-0.006));
#10760=CARTESIAN_POINT('',(-0.05058,0.013625,-0.006));
#10761=CARTESIAN_POINT('',(-0.05108,0.013625,-0.006));
#10762=CARTESIAN_POINT('',(-0.04804,0.013625,-0.006));
#10763=CARTESIAN_POINT('',(-0.04854,0.013625,-0.006));
#10764=CARTESIAN_POINT('',(-0.0455,0.013625,-0.006));
#10765=CARTESIAN_POINT('',(-0.046,0.013625,-0.006));
#10766=CARTESIAN_POINT('',(-0.04296,0.013625,-0.006));
#10767=CARTESIAN_POINT('',(-0.04346,0.013625,-0.006));
#10768=CARTESIAN_POINT('',(-0.04042,0.013625,-0.006));
#10769=CARTESIAN_POINT('',(-0.04092,0.013625,-0.006));
#10770=CARTESIAN_POINT('',(-0.03788,0.013625,-0.006));
#10771=CARTESIAN_POINT('',(-0.03838,0.013625,-0.006));
#10772=CARTESIAN_POINT('',(-0.0525,0.0405,-0.006));
#10773=CARTESIAN_POINT('',(-0.0541,0.0405,-0.006));
#10774=CARTESIAN_POINT('',(-0.01108,0.036,-0.006));
#10775=CARTESIAN_POINT('',(-0.01159,0.036,-0.006));
#10776=CARTESIAN_POINT('',(0.0246,0.00235,-0.006));
#10777=CARTESIAN_POINT('',(0.0259,0.00235,-0.006));
#10778=CARTESIAN_POINT('',(0.0246,0.00235,-0.006));
#10779=CARTESIAN_POINT('',(0.0259,0.0031,-0.006));
#10780=CARTESIAN_POINT('',(0.0259,0.00385,-0.006));
#10781=CARTESIAN_POINT('',(0.0259,0.00385,-0.006));
#10782=CARTESIAN_POINT('',(0.0246,0.00385,-0.006));
#10783=CARTESIAN_POINT('',(0.0246,0.0031,-0.006));
#10784=CARTESIAN_POINT('',(-0.00854,0.036,-0.006));
#10785=CARTESIAN_POINT('',(-0.00905,0.036,-0.006));
#10786=CARTESIAN_POINT('',(-0.006,0.036,-0.006));
#10787=CARTESIAN_POINT('',(-0.00651,0.036,-0.006));
#10788=CARTESIAN_POINT('',(-0.00346,0.036,-0.006));
#10789=CARTESIAN_POINT('',(-0.00397,0.036,-0.006));
#10790=CARTESIAN_POINT('',(-0.006,0.03816,-0.006));
#10791=CARTESIAN_POINT('',(-0.00655,0.03816,-0.006));
#10792=CARTESIAN_POINT('',(0.0345,0.0405,-0.006));
#10793=CARTESIAN_POINT('',(0.0329,0.0405,-0.006));
#10794=CARTESIAN_POINT('',(-0.163,0.09,-0.00449));
#10795=CARTESIAN_POINT('',(-0.0575,0.0455,-0.00449));
#10796=CARTESIAN_POINT('',(-0.0525,-0.0365,-0.00449));
#10797=CARTESIAN_POINT('',(-0.0541,-0.0365,-0.00449));
#10798=CARTESIAN_POINT('',(-0.03316,-0.03054,-0.00449));
#10799=CARTESIAN_POINT('',(-0.03401,-0.03054,-0.00449));
#10800=CARTESIAN_POINT('',(-0.03189,-0.028,-0.00449));
#10801=CARTESIAN_POINT('',(-0.03264,-0.028,-0.00449));
#10802=CARTESIAN_POINT('',(-0.02808,-0.03054,-0.00449));
#10803=CARTESIAN_POINT('',(-0.03008,-0.03054,-0.00449));
#10804=CARTESIAN_POINT('',(-0.023,-0.03054,-0.00449));
#10805=CARTESIAN_POINT('',(-0.02385,-0.03054,-0.00449));
#10806=CARTESIAN_POINT('',(-0.01066,-0.0305,-0.00449));
#10807=CARTESIAN_POINT('',(-0.01151,-0.0305,-0.00449));
#10808=CARTESIAN_POINT('',(-0.02554,-0.02546,-0.00449));
#10809=CARTESIAN_POINT('',(-0.02629,-0.02546,-0.00449));
#10810=CARTESIAN_POINT('',(-0.00939,-0.02796,-0.00449));
#10811=CARTESIAN_POINT('',(-0.01014,-0.02796,-0.00449));
#10812=CARTESIAN_POINT('',(-0.05312,-0.001625,-0.00449));
#10813=CARTESIAN_POINT('',(-0.05362,-0.001625,-0.00449));
#10814=CARTESIAN_POINT('',(-0.05058,-0.001625,-0.00449));
#10815=CARTESIAN_POINT('',(-0.05108,-0.001625,-0.00449));
#10816=CARTESIAN_POINT('',(-0.04804,-0.001625,-0.00449));
#10817=CARTESIAN_POINT('',(-0.04854,-0.001625,-0.00449));
#10818=CARTESIAN_POINT('',(-0.0455,-0.001625,-0.00449));
#10819=CARTESIAN_POINT('',(-0.046,-0.001625,-0.00449));
#10820=CARTESIAN_POINT('',(-0.04296,-0.001625,-0.00449));
#10821=CARTESIAN_POINT('',(-0.04346,-0.001625,-0.00449));
#10822=CARTESIAN_POINT('',(-0.04042,-0.001625,-0.00449));
#10823=CARTESIAN_POINT('',(-0.04092,-0.001625,-0.00449));
#10824=CARTESIAN_POINT('',(-0.03788,-0.001625,-0.00449));
#10825=CARTESIAN_POINT('',(-0.03838,-0.001625,-0.00449));
#10826=CARTESIAN_POINT('',(-0.01162,-0.00758,-0.00449));
#10827=CARTESIAN_POINT('',(-0.01247,-0.00758,-0.00449));
#10828=CARTESIAN_POINT('',(-0.01035,-0.00504,-0.00449));
#10829=CARTESIAN_POINT('',(-0.0111,-0.00504,-0.00449));
#10830=CARTESIAN_POINT('',(-0.00558,-0.0305,-0.00449));
#10831=CARTESIAN_POINT('',(-0.00758,-0.0305,-0.00449));
#10832=CARTESIAN_POINT('',(-0.000499999999999973,-0.0305,-0.00449));
#10833=CARTESIAN_POINT('',(-0.00134999999999997,-0.0305,-0.00449));
#10834=CARTESIAN_POINT('',(0.01223,-0.03054,-0.00449));
#10835=CARTESIAN_POINT('',(0.01138,-0.03054,-0.00449));
#10836=CARTESIAN_POINT('',(-0.00304,-0.02542,-0.00449));
#10837=CARTESIAN_POINT('',(-0.00379,-0.02542,-0.00449));
#10838=CARTESIAN_POINT('',(0.0135,-0.028,-0.00449));
#10839=CARTESIAN_POINT('',(0.01275,-0.028,-0.00449));
#10840=CARTESIAN_POINT('',(0.01731,-0.03054,-0.00449));
#10841=CARTESIAN_POINT('',(0.01531,-0.03054,-0.00449));
#10842=CARTESIAN_POINT('',(0.02239,-0.03054,-0.00449));
#10843=CARTESIAN_POINT('',(0.02154,-0.03054,-0.00449));
#10844=CARTESIAN_POINT('',(0.0345,-0.0365,-0.00449));
#10845=CARTESIAN_POINT('',(0.0329,-0.0365,-0.00449));
#10846=CARTESIAN_POINT('',(0.01985,-0.02546,-0.00449));
#10847=CARTESIAN_POINT('',(0.0191,-0.02546,-0.00449));
#10848=CARTESIAN_POINT('',(-0.00654,-0.00758,-0.00449));
#10849=CARTESIAN_POINT('',(-0.00854,-0.00758,-0.00449));
#10850=CARTESIAN_POINT('',(-0.00146,-0.00758,-0.00449));
#10851=CARTESIAN_POINT('',(-0.00231,-0.00758,-0.00449));
#10852=CARTESIAN_POINT('',(-0.004,-0.0025,-0.00449));
#10853=CARTESIAN_POINT('',(-0.00475,-0.0025,-0.00449));
#10854=CARTESIAN_POINT('',(0.0246,-0.0081,-0.00449));
#10855=CARTESIAN_POINT('',(0.0246,-0.00885,-0.00449));
#10856=CARTESIAN_POINT('',(0.0246,-0.00735,-0.00449));
#10857=CARTESIAN_POINT('',(-0.163,-0.00735,-0.00449));
#10858=CARTESIAN_POINT('',(0.0259,-0.00735,-0.00449));
#10859=CARTESIAN_POINT('',(0.0259,-0.0081,-0.00449));
#10860=CARTESIAN_POINT('',(0.0259,-0.00885,-0.00449));
#10861=CARTESIAN_POINT('',(-0.163,-0.00885,-0.00449));
#10862=CARTESIAN_POINT('',(0.01825,-0.005,-0.00449));
#10863=CARTESIAN_POINT('',(0.01775,-0.005,-0.00449));
#10864=CARTESIAN_POINT('',(0.01825,0.,-0.00449));
#10865=CARTESIAN_POINT('',(0.01775,0.,-0.00449));
#10866=CARTESIAN_POINT('',(0.03275,-0.005,-0.00449));
#10867=CARTESIAN_POINT('',(0.03225,-0.005,-0.00449));
#10868=CARTESIAN_POINT('',(0.03275,-0.0025,-0.00449));
#10869=CARTESIAN_POINT('',(0.03225,-0.0025,-0.00449));
#10870=CARTESIAN_POINT('',(0.03275,0.,-0.00449));
#10871=CARTESIAN_POINT('',(0.03225,0.,-0.00449));
#10872=CARTESIAN_POINT('',(-0.05312,0.013625,-0.00449));
#10873=CARTESIAN_POINT('',(-0.05362,0.013625,-0.00449));
#10874=CARTESIAN_POINT('',(-0.05058,0.013625,-0.00449));
#10875=CARTESIAN_POINT('',(-0.05108,0.013625,-0.00449));
#10876=CARTESIAN_POINT('',(-0.04804,0.013625,-0.00449));
#10877=CARTESIAN_POINT('',(-0.04854,0.013625,-0.00449));
#10878=CARTESIAN_POINT('',(-0.0455,0.013625,-0.00449));
#10879=CARTESIAN_POINT('',(-0.046,0.013625,-0.00449));
#10880=CARTESIAN_POINT('',(-0.04296,0.013625,-0.00449));
#10881=CARTESIAN_POINT('',(-0.04346,0.013625,-0.00449));
#10882=CARTESIAN_POINT('',(-0.04042,0.013625,-0.00449));
#10883=CARTESIAN_POINT('',(-0.04092,0.013625,-0.00449));
#10884=CARTESIAN_POINT('',(-0.03788,0.013625,-0.00449));
#10885=CARTESIAN_POINT('',(-0.03838,0.013625,-0.00449));
#10886=CARTESIAN_POINT('',(-0.0525,0.0405,-0.00449));
#10887=CARTESIAN_POINT('',(-0.0541,0.0405,-0.00449));
#10888=CARTESIAN_POINT('',(-0.01108,0.036,-0.00449));
#10889=CARTESIAN_POINT('',(-0.01159,0.036,-0.00449));
#10890=CARTESIAN_POINT('',(0.0246,0.0031,-0.00449));
#10891=CARTESIAN_POINT('',(0.0246,0.00235,-0.00449));
#10892=CARTESIAN_POINT('',(0.0246,0.00385,-0.00449));
#10893=CARTESIAN_POINT('',(-0.163,0.00385,-0.00449));
#10894=CARTESIAN_POINT('',(0.0259,0.00385,-0.00449));
#10895=CARTESIAN_POINT('',(0.0259,0.0031,-0.00449));
#10896=CARTESIAN_POINT('',(0.0259,0.00235,-0.00449));
#10897=CARTESIAN_POINT('',(-0.163,0.00235,-0.00449));
#10898=CARTESIAN_POINT('',(-0.00854,0.036,-0.00449));
#10899=CARTESIAN_POINT('',(-0.00905,0.036,-0.00449));
#10900=CARTESIAN_POINT('',(-0.006,0.036,-0.00449));
#10901=CARTESIAN_POINT('',(-0.00651,0.036,-0.00449));
#10902=CARTESIAN_POINT('',(-0.00346,0.036,-0.00449));
#10903=CARTESIAN_POINT('',(-0.00397,0.036,-0.00449));
#10904=CARTESIAN_POINT('',(-0.006,0.03816,-0.00449));
#10905=CARTESIAN_POINT('',(-0.00655,0.03816,-0.00449));
#10906=CARTESIAN_POINT('',(0.0345,0.0405,-0.00449));
#10907=CARTESIAN_POINT('',(0.0329,0.0405,-0.00449));
#10908=CARTESIAN_POINT('',(-0.0575,0.0455,-0.006));
#10909=CARTESIAN_POINT('',(-0.0525,-0.0365,-0.006046));
#10910=CARTESIAN_POINT('',(-0.03316,-0.03054,-0.006046));
#10911=CARTESIAN_POINT('',(-0.03189,-0.028,-0.006046));
#10912=CARTESIAN_POINT('',(-0.02808,-0.03054,-0.006046));
#10913=CARTESIAN_POINT('',(-0.023,-0.03054,-0.006046));
#10914=CARTESIAN_POINT('',(-0.01066,-0.0305,-0.006046));
#10915=CARTESIAN_POINT('',(-0.02554,-0.02546,-0.006046));
#10916=CARTESIAN_POINT('',(-0.00939,-0.02796,-0.006046));
#10917=CARTESIAN_POINT('',(-0.05312,-0.001625,-0.006046));
#10918=CARTESIAN_POINT('',(-0.05058,-0.001625,-0.006046));
#10919=CARTESIAN_POINT('',(-0.04804,-0.001625,-0.006046));
#10920=CARTESIAN_POINT('',(-0.0455,-0.001625,-0.006046));
#10921=CARTESIAN_POINT('',(-0.04296,-0.001625,-0.006046));
#10922=CARTESIAN_POINT('',(-0.04042,-0.001625,-0.006046));
#10923=CARTESIAN_POINT('',(-0.03788,-0.001625,-0.006046));
#10924=CARTESIAN_POINT('',(-0.01162,-0.00758,-0.006046));
#10925=CARTESIAN_POINT('',(-0.01035,-0.00504,-0.006046));
#10926=CARTESIAN_POINT('',(-0.00558,-0.0305,-0.006046));
#10927=CARTESIAN_POINT('',(-0.000499999999999973,-0.0305,-0.006046));
#10928=CARTESIAN_POINT('',(0.01223,-0.03054,-0.006046));
#10929=CARTESIAN_POINT('',(-0.00304,-0.02542,-0.006046));
#10930=CARTESIAN_POINT('',(0.0135,-0.028,-0.006046));
#10931=CARTESIAN_POINT('',(0.01731,-0.03054,-0.006046));
#10932=CARTESIAN_POINT('',(0.02239,-0.03054,-0.006046));
#10933=CARTESIAN_POINT('',(0.0345,-0.0365,-0.006046));
#10934=CARTESIAN_POINT('',(0.01985,-0.02546,-0.006046));
#10935=CARTESIAN_POINT('',(-0.00654,-0.00758,-0.006046));
#10936=CARTESIAN_POINT('',(-0.00146,-0.00758,-0.006046));
#10937=CARTESIAN_POINT('',(-0.004,-0.0025,-0.006046));
#10938=CARTESIAN_POINT('',(0.0246,-0.0081,-0.006046));
#10939=CARTESIAN_POINT('',(0.0246,-0.00735,-0.006046));
#10940=CARTESIAN_POINT('',(0.0246,-0.00885,-0.006046));
#10941=CARTESIAN_POINT('',(0.0246,-0.00885,-0.006046));
#10942=CARTESIAN_POINT('',(0.0259,-0.00885,-0.006046));
#10943=CARTESIAN_POINT('',(0.0259,-0.0081,-0.006046));
#10944=CARTESIAN_POINT('',(0.0259,-0.00735,-0.006046));
#10945=CARTESIAN_POINT('',(0.0259,-0.00735,-0.006046));
#10946=CARTESIAN_POINT('',(0.01825,-0.005,-0.006046));
#10947=CARTESIAN_POINT('',(0.01825,0.,-0.006046));
#10948=CARTESIAN_POINT('',(0.03275,-0.005,-0.006046));
#10949=CARTESIAN_POINT('',(0.03275,-0.0025,-0.006046));
#10950=CARTESIAN_POINT('',(0.03275,0.,-0.006046));
#10951=CARTESIAN_POINT('',(-0.05312,0.013625,-0.006046));
#10952=CARTESIAN_POINT('',(-0.05058,0.013625,-0.006046));
#10953=CARTESIAN_POINT('',(-0.04804,0.013625,-0.006046));
#10954=CARTESIAN_POINT('',(-0.0455,0.013625,-0.006046));
#10955=CARTESIAN_POINT('',(-0.04296,0.013625,-0.006046));
#10956=CARTESIAN_POINT('',(-0.04042,0.013625,-0.006046));
#10957=CARTESIAN_POINT('',(-0.03788,0.013625,-0.006046));
#10958=CARTESIAN_POINT('',(-0.0525,0.0405,-0.006046));
#10959=CARTESIAN_POINT('',(-0.01108,0.036,-0.006046));
#10960=CARTESIAN_POINT('',(0.0246,0.0031,-0.006046));
#10961=CARTESIAN_POINT('',(0.0246,0.00385,-0.006046));
#10962=CARTESIAN_POINT('',(0.0246,0.00235,-0.006046));
#10963=CARTESIAN_POINT('',(0.0246,0.00235,-0.006046));
#10964=CARTESIAN_POINT('',(0.0259,0.00235,-0.006046));
#10965=CARTESIAN_POINT('',(0.0259,0.0031,-0.006046));
#10966=CARTESIAN_POINT('',(0.0259,0.00385,-0.006046));
#10967=CARTESIAN_POINT('',(0.0259,0.00385,-0.006046));
#10968=CARTESIAN_POINT('',(-0.00854,0.036,-0.006046));
#10969=CARTESIAN_POINT('',(-0.006,0.036,-0.006046));
#10970=CARTESIAN_POINT('',(-0.00346,0.036,-0.006046));
#10971=CARTESIAN_POINT('',(-0.006,0.03816,-0.006046));
#10972=CARTESIAN_POINT('',(0.0345,0.0405,-0.006046));
#10973=CARTESIAN_POINT('',(0.00196708946943283,0.00627232096344233,-0.0111665399745107));
#10974=MECHANICAL_DESIGN_GEOMETRIC_PRESENTATION_REPRESENTATION('',(#6382,
#6383,#6384),#10975);
#10975=(
GEOMETRIC_REPRESENTATION_CONTEXT(3)
GLOBAL_UNCERTAINTY_ASSIGNED_CONTEXT((#10979))
GLOBAL_UNIT_ASSIGNED_CONTEXT((#10985,#10984,#10983))
REPRESENTATION_CONTEXT('Assembly 2','TOP_LEVEL_ASSEMBLY_PART')
);
#10976=(
GEOMETRIC_REPRESENTATION_CONTEXT(3)
GLOBAL_UNCERTAINTY_ASSIGNED_CONTEXT((#10980))
GLOBAL_UNIT_ASSIGNED_CONTEXT((#10985,#10984,#10983))
REPRESENTATION_CONTEXT('top','COMPONENT_PART')
);
#10977=(
GEOMETRIC_REPRESENTATION_CONTEXT(3)
GLOBAL_UNCERTAINTY_ASSIGNED_CONTEXT((#10981))
GLOBAL_UNIT_ASSIGNED_CONTEXT((#10985,#10984,#10983))
REPRESENTATION_CONTEXT('bottom','COMPONENT_PART')
);
#10978=(
GEOMETRIC_REPRESENTATION_CONTEXT(3)
GLOBAL_UNCERTAINTY_ASSIGNED_CONTEXT((#10982))
GLOBAL_UNIT_ASSIGNED_CONTEXT((#10985,#10984,#10983))
REPRESENTATION_CONTEXT('TOP_HacC1BA_PCB_1','COMPONENT_PART')
);
#10979=UNCERTAINTY_MEASURE_WITH_UNIT(LENGTH_MEASURE(1.E-8),#10985,
'DISTANCE_ACCURACY_VALUE','Maximum Tolerance applied to model');
#10980=UNCERTAINTY_MEASURE_WITH_UNIT(LENGTH_MEASURE(2.E-5),#10985,
'DISTANCE_ACCURACY_VALUE','Maximum Tolerance applied to model');
#10981=UNCERTAINTY_MEASURE_WITH_UNIT(LENGTH_MEASURE(1.E-8),#10985,
'DISTANCE_ACCURACY_VALUE','Maximum Tolerance applied to model');
#10982=UNCERTAINTY_MEASURE_WITH_UNIT(LENGTH_MEASURE(1.E-8),#10985,
'DISTANCE_ACCURACY_VALUE','Maximum Tolerance applied to model');
#10983=(
NAMED_UNIT(*)
SI_UNIT($,.STERADIAN.)
SOLID_ANGLE_UNIT()
);
#10984=(
NAMED_UNIT(*)
PLANE_ANGLE_UNIT()
SI_UNIT($,.RADIAN.)
);
#10985=(
LENGTH_UNIT()
NAMED_UNIT(*)
SI_UNIT($,.METRE.)
);
#10986=PRODUCT_DEFINITION_SHAPE('','',#10993);
#10987=PRODUCT_DEFINITION_SHAPE('','',#10994);
#10988=PRODUCT_DEFINITION_SHAPE(' ','NAUO PRDDFN',#14);
#10989=PRODUCT_DEFINITION_SHAPE('','',#10995);
#10990=PRODUCT_DEFINITION_SHAPE(' ','NAUO PRDDFN',#15);
#10991=PRODUCT_DEFINITION_SHAPE('','',#10996);
#10992=PRODUCT_DEFINITION_SHAPE(' ','NAUO PRDDFN',#16);
#10993=PRODUCT_DEFINITION('','',#11001,#10997);
#10994=PRODUCT_DEFINITION('','',#11002,#10998);
#10995=PRODUCT_DEFINITION('','',#11003,#10999);
#10996=PRODUCT_DEFINITION('','',#11004,#11000);
#10997=PRODUCT_DEFINITION_CONTEXT('',#11022,'design');
#10998=PRODUCT_DEFINITION_CONTEXT('',#11022,'design');
#10999=PRODUCT_DEFINITION_CONTEXT('',#11022,'design');
#11000=PRODUCT_DEFINITION_CONTEXT('',#11022,'design');
#11001=PRODUCT_DEFINITION_FORMATION_WITH_SPECIFIED_SOURCE('','',#11009,
 .NOT_KNOWN.);
#11002=PRODUCT_DEFINITION_FORMATION_WITH_SPECIFIED_SOURCE('','',#11010,
 .NOT_KNOWN.);
#11003=PRODUCT_DEFINITION_FORMATION_WITH_SPECIFIED_SOURCE('','',#11011,
 .NOT_KNOWN.);
#11004=PRODUCT_DEFINITION_FORMATION_WITH_SPECIFIED_SOURCE('','',#11012,
 .NOT_KNOWN.);
#11005=PRODUCT_RELATED_PRODUCT_CATEGORY('','',(#11009));
#11006=PRODUCT_RELATED_PRODUCT_CATEGORY('','',(#11010));
#11007=PRODUCT_RELATED_PRODUCT_CATEGORY('','',(#11011));
#11008=PRODUCT_RELATED_PRODUCT_CATEGORY('','',(#11012));
#11009=PRODUCT('Assembly 2','Assembly 2','Assembly 2',(#11017));
#11010=PRODUCT('top','top','top',(#11018));
#11011=PRODUCT('bottom','bottom','bottom',(#11019));
#11012=PRODUCT('TOP_HacC1BA_PCB_1','TOP_HacC1BA_PCB_1',
'TOP_HacC1BA_PCB_1',(#11020));
#11013=PRODUCT_CATEGORY('','');
#11014=PRODUCT_CATEGORY('','');
#11015=PRODUCT_CATEGORY('','');
#11016=PRODUCT_CATEGORY('','');
#11017=PRODUCT_CONTEXT('',#11022,'mechanical');
#11018=PRODUCT_CONTEXT('',#11022,'mechanical');
#11019=PRODUCT_CONTEXT('',#11022,'mechanical');
#11020=PRODUCT_CONTEXT('',#11022,'mechanical');
#11021=APPLICATION_PROTOCOL_DEFINITION('international standard',
'ap242_managed_model_based_3d_engineering',2020,#11022);
#11022=APPLICATION_CONTEXT('managed model based 3d engineering');
ENDSEC;
END-ISO-10303-21;
